{"type": "FeatureCollection", "attribution": "© OpenStreetMap contributors, ODbL 1.0", "features": [{"type": "Feature", "properties": {"id": "north-26357940-0", "osmWay": 26357940, "name": "竹子湖路", "kind": "primary", "width": 3.84}, "geometry": {"type": "LineString", "coordinates": [[121.54543160014148, 25.15212920112289], [121.54557320085871, 25.15212630126213], [121.54569089910942, 25.15214790003144], [121.54582979886034, 25.152199199213978], [121.54593850112566, 25.152231198742363], [121.5461534992845, 25.15222679982483]]}}, {"type": "Feature", "properties": {"id": "north-28492749-0", "osmWay": 28492749, "name": "竹子湖路", "kind": "primary", "width": 3.84}, "geometry": {"type": "LineString", "coordinates": [[121.54543160014148, 25.15212920112289], [121.54527250051163, 25.15217100066475], [121.54510460025904, 25.152224700022458], [121.54494750077072, 25.15226359970356], [121.5447227003679, 25.152290200943227], [121.54441449871483, 25.152322801217213], [121.5439831007476, 25.152367500619835], [121.5437976984814, 25.15243299873338], [121.54369829919992, 25.15251569950593], [121.54365000120875, 25.152607899919154], [121.54364770027074, 25.15272439964966], [121.5437337993863, 25.15283840095221], [121.54391400128453, 25.152891600624326], [121.5442657005891, 25.152851401199246], [121.54444380001297, 25.152834400660257], [121.54479519852106, 25.152865198697448], [121.54567500031001, 25.153122000597378], [121.54667789918132, 25.153610698719906], [121.54691540125809, 25.1537451001078], [121.54712170112703, 25.15393630002695], [121.54727720050212, 25.154003799690084], [121.54772520119454, 25.154063801262126], [121.54784529961509, 25.154131199865255], [121.5479001996238, 25.1542205986705], [121.54786519869755, 25.154391600624326], [121.54756039883559, 25.15481130002695], [121.54746650071856, 25.15491289902084], [121.5473652997592, 25.154963998890587], [121.5472494993172, 25.15497809956881], [121.54711940018902, 25.154960298971435], [121.54668109940776, 25.154851698764823], [121.54655799922442, 25.154844200673733], [121.54646629971258, 25.15489379867948], [121.54639350076293, 25.154980600803988], [121.54617840027127, 25.15519160006288], [121.54610760146316, 25.155257300296444]]}}, {"type": "Feature", "properties": {"id": "north-30688292-0", "osmWay": 30688292, "name": "勝利街", "kind": "unclassified", "width": 1.6}, "geometry": {"type": "LineString", "coordinates": [[121.54624279862651, 25.151322899469996], [121.54627930043415, 25.151405198809737], [121.54640440075902, 25.15161040115433], [121.54650660023863, 25.15177129991466]]}}, {"type": "Feature", "properties": {"id": "north-30688294-0", "osmWay": 30688294, "name": "紗帽路", "kind": "residential", "width": 1.6}, "geometry": {"type": "LineString", "coordinates": [[121.54839460049868, 25.14913100055246], [121.5482997007604, 25.14931240045814], [121.54816429893141, 25.149614800071866], [121.54806489964994, 25.149804500934245], [121.54801039966954, 25.149919799173553], [121.54790650084486, 25.150087800206613], [121.54781869928325, 25.150237700269493], [121.54775079990512, 25.150328101253145], [121.54758449976575, 25.150494600422206], [121.54755599852422, 25.15051699924991], [121.54726799985109, 25.15071120008983], [121.54700380131166, 25.15088530121721], [121.546711498458, 25.151066198630076], [121.54651839952315, 25.151153598692957], [121.54649669876282, 25.15116559956881], [121.546409601127, 25.151213900637803], [121.54627770032093, 25.151287000709665], [121.54624279862651, 25.151322899469996]]}}, {"type": "Feature", "properties": {"id": "north-34921724-0", "osmWay": 34921724, "name": "", "kind": "service", "width": 1.28}, "geometry": {"type": "LineString", "coordinates": [[121.54592770036142, 25.155455900053898], [121.5458001998667, 25.155368999676607], [121.5457468007394, 25.15531190077255], [121.54567890136124, 25.155242800992635], [121.54562509910463, 25.155188599142114], [121.54559269991286, 25.155158300790514], [121.5454726014923, 25.15504580135196], [121.54543259866175, 25.155003999002876], [121.54533599957841, 25.154907801104923], [121.54508390111997, 25.1546437004267], [121.54495960085171, 25.15457599864355]]}}, {"type": "Feature", "properties": {"id": "north-34921729-0", "osmWay": 34921729, "name": "", "kind": "service", "width": 1.28}, "geometry": {"type": "LineString", "coordinates": [[121.54543259866175, 25.155003999002876], [121.54539249970034, 25.155022599658643], [121.54527810090791, 25.15507629901635], [121.545194501194, 25.15517310046712], [121.54505280124495, 25.155130099434064], [121.54496280107816, 25.155078600938737], [121.54471599911852, 25.155141900997126], [121.5445940990201, 25.155096101163313], [121.54440439877536, 25.154968400615342], [121.54439149863775, 25.15492660107348], [121.54442320010573, 25.154853801374415], [121.54449490130328, 25.154753300004494], [121.54457269905625, 25.15468930094772], [121.54463630045586, 25.15464729928584], [121.5445850007019, 25.154546598603126], [121.5445391990114, 25.154501099142113], [121.54457490076243, 25.154401799263386], [121.54463689894781, 25.15435930072314], [121.54469920103068, 25.15430859947898]]}}, {"type": "Feature", "properties": {"id": "north-34921731-0", "osmWay": 34921731, "name": "", "kind": "service", "width": 1.28}, "geometry": {"type": "LineString", "coordinates": [[121.54496280107816, 25.155078600938737], [121.54496469888686, 25.155004799061267], [121.54485039932625, 25.154923799465504], [121.54474400109993, 25.154780799555336], [121.54463630045586, 25.15464729928584]]}}, {"type": "Feature", "properties": {"id": "north-34921733-0", "osmWay": 34921733, "name": "", "kind": "tertiary", "width": 2.56}, "geometry": {"type": "LineString", "coordinates": [[121.54839460049868, 25.14913100055246], [121.54845419851425, 25.149126899200503], [121.54849849932336, 25.149129900121274], [121.54930379971661, 25.14908620008983], [121.54940860093072, 25.149080201055515]]}}, {"type": "Feature", "properties": {"id": "north-54777924-0", "osmWay": 54777924, "name": "菁山路101巷71弄", "kind": "tertiary", "width": 2.56}, "geometry": {"type": "LineString", "coordinates": [[121.55600000066622, 25.152178540864174], [121.55575079853675, 25.1520892010106], [121.55526019948127, 25.151883498980418], [121.55491930094095, 25.151668799802373], [121.55465410078025, 25.151489000013473], [121.55412709914896, 25.15107979962271], [121.55381530034214, 25.150877398886095], [121.55365229966105, 25.15073259954635], [121.5535570991263, 25.150635500530004], [121.55298250032861, 25.149874998710924], [121.55283680009649, 25.149703600938736], [121.55275689986917, 25.149655400929753], [121.55264990004989, 25.149636800273985], [121.55257209919593, 25.14966559956881], [121.55245989900867, 25.149747300970176], [121.55233549950859, 25.149795899604744], [121.55225599930957, 25.14981510100611], [121.55214760094171, 25.149802499384656], [121.55201579936748, 25.149703101253145], [121.55185970150042, 25.14966780043119], [121.55174400029023, 25.1496906006917], [121.55165320006684, 25.14972779919601], [121.55154479859797, 25.149850399020842]]}}, {"type": "Feature", "properties": {"id": "north-135864329-0", "osmWay": 135864329, "name": "湖山路二段", "kind": "tertiary", "width": 2.56}, "geometry": {"type": "LineString", "coordinates": [[121.54045850096215, 25.156566198630077], [121.54048819918759, 25.156536399964068], [121.54052499869073, 25.156481299802373], [121.5405309991153, 25.15637440077255], [121.54052499869073, 25.156288101140856], [121.54047950089769, 25.156145000170678], [121.54046060033549, 25.156095000732122], [121.54035329971974, 25.15592340083992], [121.54022390141633, 25.155801398953468], [121.53960230084321, 25.155215298634566], [121.53948829897809, 25.155093700988143], [121.5393945000929, 25.154977700943228]]}}, {"type": "Feature", "properties": {"id": "north-135864331-0", "osmWay": 135864331, "name": "", "kind": "service", "width": 1.28}, "geometry": {"type": "LineString", "coordinates": [[121.53720970053699, 25.160572599097197], [121.53721909965168, 25.16050230063331], [121.5376013003393, 25.16043549996856], [121.53778259998963, 25.1603704004806], [121.53804000114886, 25.160207898796262], [121.53834880129388, 25.160088799577792], [121.53865240107093, 25.159963600265], [121.53898279964348, 25.15982739944754], [121.53913429873552, 25.159780299869745], [121.53941919951502, 25.159796399290336], [121.5395118014163, 25.15976569950593], [121.53951119982334, 25.15973270060636], [121.53948810051443, 25.159715200381783], [121.53935850064637, 25.159705400368306], [121.53929129899201, 25.159707601230686], [121.53916480011858, 25.159661700336866], [121.53906380072388, 25.15961810136543], [121.53904770035983, 25.15954360048958], [121.5391281990791, 25.159383900413225], [121.53925710122337, 25.159128198944483], [121.53927919891102, 25.15905920022458], [121.53928679944883, 25.159014801194754]]}}, {"type": "Feature", "properties": {"id": "north-135864333-0", "osmWay": 135864333, "name": "", "kind": "unclassified", "width": 1.6}, "geometry": {"type": "LineString", "coordinates": [[121.53801780112839, 25.153217499496947], [121.53791519851947, 25.153359999721523], [121.5378479999661, 25.153409300161698], [121.53777440095985, 25.1534475990972], [121.53765869974967, 25.153446100040423], [121.5375839006585, 25.153432499047792], [121.53747320135264, 25.153354399312793], [121.53736699848896, 25.153242200247035], [121.53731860126597, 25.153200201392384], [121.5371302995698, 25.153183501226195], [121.53699029896579, 25.153184598850164], [121.53666630084615, 25.153194699236437], [121.53657239962813, 25.15327720069619], [121.53637659972698, 25.153243199618217]]}}, {"type": "Feature", "properties": {"id": "north-135864336-0", "osmWay": 135864336, "name": "新生街", "kind": "service", "width": 1.28}, "geometry": {"type": "LineString", "coordinates": [[121.53837319991953, 25.154637600332375], [121.53851970020825, 25.154589400323392], [121.53897790007197, 25.154438599142114], [121.53905109904993, 25.154414499137623]]}}, {"type": "Feature", "properties": {"id": "north-135864338-0", "osmWay": 135864338, "name": "", "kind": "tertiary", "width": 2.56}, "geometry": {"type": "LineString", "coordinates": [[121.53562739942734, 25.16056400057492], [121.5355251007159, 25.160559000911785], [121.53535339864392, 25.16037460008534], [121.53522430113699, 25.160250700516528], [121.53512300094582, 25.160114101073482], [121.53498969849018, 25.15975200026051], [121.53488379952398, 25.159547199348726], [121.53481719946258, 25.159485300094325], [121.53475280110736, 25.15942100066475], [121.53464559972342, 25.15933509965864], [121.53447390075243, 25.159249299712542], [121.53438809933236, 25.15922779919601], [121.53425929952091, 25.15922779919601], [121.53416140112083, 25.159234898661516], [121.53406279879498, 25.15926349864355], [121.53398039916598, 25.15929219968559], [121.53389449851409, 25.159356600175173], [121.53383019939069, 25.15942100066475], [121.53378730023114, 25.159506800610853], [121.53372289877493, 25.159635500530005], [121.53363700122401, 25.159978899627202], [121.5335458009723, 25.160361100152713], [121.53350289871177, 25.160468400615343], [121.53346580151316, 25.160522498598635], [121.53336210115215, 25.160619698674992], [121.53322050043492, 25.160670099546355], [121.53311420144043, 25.16067130103755]]}}, {"type": "Feature", "properties": {"id": "north-135864344-0", "osmWay": 135864344, "name": "", "kind": "service", "width": 1.28}, "geometry": {"type": "LineString", "coordinates": [[121.53820750137314, 25.162103200628817], [121.53817200118675, 25.162158800476107], [121.53814319914873, 25.162230699056774], [121.5381229992698, 25.16226569950593], [121.53816459911259, 25.162360698719908]]}}, {"type": "Feature", "properties": {"id": "north-135864351-0", "osmWay": 135864351, "name": "中興路", "kind": "unclassified", "width": 1.6}, "geometry": {"type": "LineString", "coordinates": [[121.5369418986418, 25.160442899806863], [121.53694019929675, 25.16050740135645], [121.536987300304, 25.16053949913762], [121.53707699967431, 25.16056750118128], [121.53720970053699, 25.160572599097197], [121.53748069955762, 25.160528399380166], [121.53767310076867, 25.16048250129357], [121.53794200041595, 25.160363500327882], [121.53818950009938, 25.160277200696193], [121.53841599984725, 25.1602139006378], [121.53864790152774, 25.160151299577795], [121.53870679871852, 25.160135301217213], [121.5388693993713, 25.16008650046263], [121.53902420102261, 25.16004440054797], [121.53932999940484, 25.160031099928137], [121.53943470138712, 25.160038600826446], [121.53948890057104, 25.160070998980416], [121.53950170147682, 25.160123600714158], [121.53944999859357, 25.16018409916457], [121.5389451008519, 25.1602528003189], [121.5388156994475, 25.160288300453647], [121.53848650095988, 25.1604938986166], [121.53826379993042, 25.16059400136094], [121.53791450079568, 25.16076710030992], [121.53741830134392, 25.161030198809737], [121.53712860022475, 25.161158199730508], [121.53710889960594, 25.16122939931279], [121.53710840034582, 25.161231198742364], [121.53714870087187, 25.161274199775423], [121.53722180061798, 25.161276799263383], [121.5373538998877, 25.161244600422208], [121.53872249905427, 25.160729898998383], [121.53887410047913, 25.160663101140855], [121.53900819989039, 25.16063240135645], [121.53913019922064, 25.16064409905228], [121.53937150001582, 25.16068489922296], [121.53956200031718, 25.160705201055517], [121.53991880075787, 25.160677300071864], [121.54012929937352, 25.16068389985178], [121.54024130109713, 25.16070109970356], [121.54071810072656, 25.160772798971433], [121.54078249908179, 25.160794299487964], [121.54082599983428, 25.160838400952212], [121.54082399969275, 25.160890999878728], [121.5407904996479, 25.16094809878279], [121.54076000136584, 25.160968400615342], [121.54062760129963, 25.16097580045365], [121.54039080004765, 25.160905198809736], [121.54024599910397, 25.160880099434063], [121.54015490118509, 25.160864901131873], [121.5400266998656, 25.160867399559827], [121.5394085010836, 25.16096370132501], [121.53905909961604, 25.16098939863906], [121.53897999944533, 25.161030299869743], [121.53893710028579, 25.161073199842797], [121.53893710028579, 25.161116099815846], [121.53895850024965, 25.161158999788896], [121.5390223001129, 25.16118619896694], [121.53926629877341, 25.161206200426697], [121.54011729852435, 25.161158999788896], [121.54020309994443, 25.161180500305427], [121.54026750140065, 25.161223400278477], [121.54033180052404, 25.161266300251526], [121.54041770117595, 25.161395101230685], [121.54041970131749, 25.16144220080848], [121.5404223991828, 25.161501598827705], [121.5404243000925, 25.161542300745598], [121.54040360095343, 25.161590700067375], [121.54037479891542, 25.161631098805245], [121.54035329971974, 25.161673998778298], [121.54032349916146, 25.16191269970805], [121.54031040056019, 25.16201729962271]]}}, {"type": "Feature", "properties": {"id": "north-135864362-0", "osmWay": 135864362, "name": "", "kind": "unclassified", "width": 1.6}, "geometry": {"type": "LineString", "coordinates": [[121.53793670081615, 25.15876679993712], [121.5380553014563, 25.15886519869745], [121.53818010098469, 25.158954400997125], [121.53821829903639, 25.159013700763566], [121.53827710009634, 25.15905799873338], [121.53848160138838, 25.159123698966944], [121.53853189952109, 25.159188899514913], [121.53866149938914, 25.159345598670498], [121.53878490036895, 25.159460798657026], [121.53893609866452, 25.15953259898491]]}}, {"type": "Feature", "properties": {"id": "north-135922318-0", "osmWay": 135922318, "name": "湖底路", "kind": "unclassified", "width": 1.6}, "geometry": {"type": "LineString", "coordinates": [[121.53786650670199, 25.148999998710924], [121.53803589853298, 25.149550399582285], [121.53820750137314, 25.149979598625585], [121.53837920034412, 25.150237099523896], [121.53837920034412, 25.150322899469998], [121.5383582996404, 25.150481198742366], [121.53824020136138, 25.150844399986525], [121.53812169995305, 25.15118119930381], [121.537864199562, 25.15156750118128], [121.53776630116191, 25.151743601051024], [121.53775689894623, 25.15176059878279], [121.53767110062715, 25.15195369919152], [121.53764960143147, 25.152039499137622], [121.53767110062715, 25.15221120008983], [121.53787490109441, 25.152861599838303], [121.5379432997327, 25.15297329921847], [121.53799299937344, 25.153091000440174]]}}, {"type": "Feature", "properties": {"id": "north-135930113-0", "osmWay": 135930113, "name": "", "kind": "service", "width": 1.28}, "geometry": {"type": "LineString", "coordinates": [[121.55174609966359, 25.153298600152713], [121.55182700151217, 25.153380298746857], [121.55203929870468, 25.153638201077975], [121.55219930072398, 25.153798900525512], [121.55261519992011, 25.15412710132052], [121.55275899924253, 25.154384599411607], [121.55249280056157, 25.154518501113905], [121.5520411996144, 25.15471230052102], [121.55200199994142, 25.154737001271112], [121.5521275002946, 25.15497809956881], [121.55201619939578, 25.15507769982034], [121.55190290145643, 25.155317400121273], [121.55177550019356, 25.155287699708047], [121.55129399945629, 25.15512380002695], [121.55106999911007, 25.15506910129806]]}}, {"type": "Feature", "properties": {"id": "north-135930115-0", "osmWay": 135930115, "name": "", "kind": "service", "width": 1.28}, "geometry": {"type": "LineString", "coordinates": [[121.55174609966359, 25.153298600152713], [121.55137450127656, 25.153539100512038], [121.55131480092818, 25.153599200336867], [121.5512387986511, 25.15375100088933], [121.55110740020616, 25.15397759988322], [121.55105179937266, 25.154081099366692], [121.55079560139934, 25.154185601028566], [121.55076559927642, 25.154355999429573], [121.55054269978329, 25.154425899267878], [121.55037310018567, 25.154501099142113], [121.55026250011163, 25.15456320051653], [121.55027629953767, 25.15466589994161], [121.55033060105443, 25.15476790036831], [121.55054969872815, 25.154885800902804], [121.55070000083627, 25.154965700067372], [121.5509490014011, 25.155048499092707], [121.55106999911007, 25.15506910129806]]}}, {"type": "Feature", "properties": {"id": "north-135930117-0", "osmWay": 135930117, "name": "", "kind": "service", "width": 1.28}, "geometry": {"type": "LineString", "coordinates": [[121.55309460128403, 25.155183899851778], [121.55334660051065, 25.15553899945203], [121.5535404995021, 25.155881300925262], [121.55248579851572, 25.15630619930381], [121.55232250013914, 25.155982200920768], [121.55215240128138, 25.155591199752966]]}}, {"type": "Feature", "properties": {"id": "north-135930120-0", "osmWay": 135930120, "name": "", "kind": "service", "width": 1.28}, "geometry": {"type": "LineString", "coordinates": [[121.54773309942783, 25.155416301374416], [121.54816940006756, 25.15571260089382], [121.54821850121634, 25.15582789913313], [121.54819409948969, 25.155933400166187], [121.5481128007138, 25.156024199775423], [121.54808059998568, 25.156043100803988], [121.54801249904288, 25.156083100916277], [121.54786450097376, 25.15612460008534], [121.54779220128425, 25.156125299083723], [121.54756149968867, 25.1561586994161], [121.54725410119322, 25.156229200000002], [121.54714499889958, 25.156281798926518], [121.547042200928, 25.156392900368306], [121.54671909899581, 25.156502901378907], [121.5466645990154, 25.15652190066026]]}}, {"type": "Feature", "properties": {"id": "north-135930121-0", "osmWay": 135930121, "name": "", "kind": "service", "width": 1.28}, "geometry": {"type": "LineString", "coordinates": [[121.55042779862973, 25.151758299667627], [121.55064399997447, 25.151828000193138], [121.55069960080796, 25.15183340128908], [121.55080389966093, 25.151860698719908], [121.55097919888668, 25.151960599344232], [121.55115300033201, 25.15212630126213], [121.5515849998922, 25.1525799989355], [121.55182660148387, 25.15289329899389], [121.5520984005611, 25.153247800655766], [121.55232210011084, 25.153464798948978], [121.5526294986063, 25.15370049895796], [121.55291449861764, 25.1539170003728], [121.55297179879618, 25.15398300097916], [121.55305510081459, 25.154200100332375], [121.55324869900957, 25.154511300588393], [121.55330290129449, 25.154738898953468], [121.55330370135111, 25.154801699326267]]}}, {"type": "Feature", "properties": {"id": "north-135930125-0", "osmWay": 135930125, "name": "陽明路一段24巷3弄", "kind": "residential", "width": 1.6}, "geometry": {"type": "LineString", "coordinates": [[121.54985406500954, 25.148999998710924], [121.5499613005044, 25.149360698719907]]}}, {"type": "Feature", "properties": {"id": "north-135930126-0", "osmWay": 135930126, "name": "", "kind": "residential", "width": 1.6}, "geometry": {"type": "LineString", "coordinates": [[121.54732960110917, 25.151357501293568], [121.54727499879594, 25.151385099097197], [121.54712450132516, 25.151461301149837], [121.54650660023863, 25.15177129991466]]}}, {"type": "Feature", "properties": {"id": "north-135930129-0", "osmWay": 135930129, "name": "", "kind": "service", "width": 1.28}, "geometry": {"type": "LineString", "coordinates": [[121.5493404007561, 25.15343389985178], [121.54913099989254, 25.153148298657026], [121.54894419907777, 25.15295579899389], [121.5487639010487, 25.15278229861211], [121.54844310005451, 25.15243069961822]]}}, {"type": "Feature", "properties": {"id": "north-135930131-0", "osmWay": 135930131, "name": "", "kind": "unclassified", "width": 1.6}, "geometry": {"type": "LineString", "coordinates": [[121.54590089846494, 25.15154630103755], [121.54610269879068, 25.151441998688465], [121.54619719850065, 25.151388201077975], [121.54624279862651, 25.151322899469996]]}}, {"type": "Feature", "properties": {"id": "north-135930132-0", "osmWay": 135930132, "name": "", "kind": "service", "width": 1.28}, "geometry": {"type": "LineString", "coordinates": [[121.54889190080354, 25.150375501203737], [121.54910990072516, 25.150425301329502]]}}, {"type": "Feature", "properties": {"id": "north-135930133-0", "osmWay": 135930133, "name": "", "kind": "service", "width": 1.28}, "geometry": {"type": "LineString", "coordinates": [[121.55318239974464, 25.155088998890587], [121.55309460128403, 25.155183899851778], [121.55262680074098, 25.155425099209488], [121.55233759888193, 25.15551489944754], [121.55215240128138, 25.155591199752966], [121.55209510110284, 25.155591999811357]]}}, {"type": "Feature", "properties": {"id": "north-135930136-0", "osmWay": 135930136, "name": "", "kind": "service", "width": 1.28}, "geometry": {"type": "LineString", "coordinates": [[121.54986400059629, 25.154309899222962], [121.54996909950587, 25.154314300947718], [121.55012699905082, 25.154518798679483], [121.55026250011163, 25.15456320051653]]}}, {"type": "Feature", "properties": {"id": "north-135930137-0", "osmWay": 135930137, "name": "", "kind": "service", "width": 1.28}, "geometry": {"type": "LineString", "coordinates": [[121.54991669889883, 25.149511199528387], [121.54968339866976, 25.149663300453646], [121.5496064009734, 25.149767201369926]]}}, {"type": "Feature", "properties": {"id": "north-135930138-0", "osmWay": 135930138, "name": "湖山路一段6巷", "kind": "service", "width": 1.28}, "geometry": {"type": "LineString", "coordinates": [[121.54887380029795, 25.152181901109415], [121.54898299872242, 25.152304200561446], [121.5493238011319, 25.152711699775423], [121.54951249975538, 25.152934800970176], [121.5495560997397, 25.153000200830938], [121.54956419953764, 25.153122898908553], [121.54954420122336, 25.15321500106899], [121.54948349925371, 25.153298299779912], [121.5493793988644, 25.15339660028746], [121.5493404007561, 25.15343389985178]]}}, {"type": "Feature", "properties": {"id": "north-135930140-0", "osmWay": 135930140, "name": "", "kind": "service", "width": 1.28}, "geometry": {"type": "LineString", "coordinates": [[121.54533780125628, 25.15813210098365], [121.54534379857988, 25.158006800610853], [121.5455527001833, 25.157751899200502], [121.5455617985015, 25.157653200067372], [121.54539829856027, 25.15744350055246], [121.54534830122405, 25.157349001024077], [121.54541530131377, 25.15725849898042], [121.54613110080038, 25.156868300678227], [121.54646149937291, 25.156704100624328]]}}, {"type": "Feature", "properties": {"id": "north-135930144-0", "osmWay": 135930144, "name": "百壽橋", "kind": "service", "width": 1.28}, "geometry": {"type": "LineString", "coordinates": [[121.55330370135111, 25.154801699326267], [121.55325850125355, 25.154949100961193], [121.55318239974464, 25.155088998890587]]}}, {"type": "Feature", "properties": {"id": "north-135930145-0", "osmWay": 135930145, "name": "", "kind": "service", "width": 1.28}, "geometry": {"type": "LineString", "coordinates": [[121.55054269978329, 25.154425899267878], [121.5503895013462, 25.154305800678227], [121.55023309958166, 25.153840899380164], [121.55018109900291, 25.15366970092077], [121.55017289997315, 25.153609199663133]]}}, {"type": "Feature", "properties": {"id": "north-135930153-0", "osmWay": 135930153, "name": "", "kind": "service", "width": 1.28}, "geometry": {"type": "LineString", "coordinates": [[121.54986129962998, 25.153281299240927], [121.5499265011428, 25.153446900098814], [121.55001940073957, 25.153534600534496], [121.55011630061938, 25.15359000106899], [121.55017289997315, 25.153609199663133], [121.55042720013776, 25.1535503013295], [121.55055060111758, 25.153547800094323], [121.55063210145812, 25.15372599976644], [121.5507319007679, 25.15407040104204], [121.55079560139934, 25.154185601028566]]}}, {"type": "Feature", "properties": {"id": "north-135930156-0", "osmWay": 135930156, "name": "", "kind": "residential", "width": 1.6}, "geometry": {"type": "LineString", "coordinates": [[121.54790650084486, 25.150087800206613], [121.54800439924495, 25.15012970080848]]}}, {"type": "Feature", "properties": {"id": "north-135930159-0", "osmWay": 135930159, "name": "", "kind": "pedestrian", "width": 0.96}, "geometry": {"type": "LineString", "coordinates": [[121.5466645990154, 25.15652190066026], [121.54663690093147, 25.156471800161697], [121.54645800145099, 25.156148298657026], [121.54630870096412, 25.155765999878728], [121.54629279906372, 25.15566220002246], [121.54636009994991, 25.155449401333993]]}}, {"type": "Feature", "properties": {"id": "north-135930162-0", "osmWay": 135930162, "name": "", "kind": "service", "width": 1.28}, "geometry": {"type": "LineString", "coordinates": [[121.55086880037729, 25.152222100534495], [121.5508446002153, 25.152294299487963], [121.55081790065164, 25.152499799398132], [121.55083880135535, 25.152639500821955], [121.55082729976633, 25.1527378013295], [121.55080469971755, 25.152842300184155], [121.5507969999479, 25.15289930083543], [121.5508333001909, 25.152984699348725], [121.55119770116943, 25.15336789924542], [121.55137450127656, 25.153539100512038], [121.55150749983471, 25.15383909995059], [121.5515312999684, 25.154014001136364], [121.5514836004692, 25.154229800745597], [121.5514699995068, 25.154291301374418], [121.55137610138978, 25.15463050086687], [121.55135099883836, 25.154693598805245], [121.55106999911007, 25.15506910129806]]}}, {"type": "Feature", "properties": {"id": "north-136183924-0", "osmWay": 136183924, "name": "", "kind": "residential", "width": 1.6}, "geometry": {"type": "LineString", "coordinates": [[121.53752189937211, 25.15363340072763], [121.53739340035715, 25.153551699326268], [121.53732459858956, 25.15353529953288], [121.53718020077518, 25.153543900862378], [121.53704149948793, 25.153539499137622], [121.53694699977795, 25.15353960019763], [121.53684360021342, 25.153585099658642], [121.53679599994604, 25.15361549907025], [121.53677210058052, 25.15364770071865], [121.53675020135653, 25.15374830034136], [121.53675699873673, 25.153818399492454], [121.53682380036278, 25.153921098917536], [121.53677980035015, 25.15412410039975], [121.53675360004662, 25.154206801172297], [121.5367269997148, 25.15427099954186], [121.5367496989954, 25.154401498890586]]}}, {"type": "Feature", "properties": {"id": "north-136183929-0", "osmWay": 136183929, "name": "湖山路二段", "kind": "tertiary", "width": 2.56}, "geometry": {"type": "LineString", "coordinates": [[121.5396726003912, 25.156886699213977], [121.53950569865889, 25.156939898886094], [121.53902289860487, 25.157189399200504], [121.53893710028579, 25.157296699663135], [121.53885129886571, 25.157489800071865], [121.53872249905427, 25.15779020094323], [121.53866860066681, 25.15791159927686], [121.53855089931511, 25.15817639895347], [121.53842209950366, 25.158498300341357], [121.5384006995398, 25.15854120031441], [121.5383268989689, 25.158610499407114], [121.53793670081615, 25.15876679993712], [121.53761210110355, 25.158909900907293], [121.53732779881601, 25.15914199924991], [121.53689859945395, 25.159549700583902], [121.53642650093236, 25.15987159916457], [121.53628309853727, 25.159999100399748], [121.53616909977313, 25.160086200089832], [121.53604239933503, 25.16025570017966], [121.53590879918393, 25.16052209997305], [121.53584789875063, 25.160555000619834], [121.53578860153155, 25.160565901064498]]}}, {"type": "Feature", "properties": {"id": "north-136183930-0", "osmWay": 136183930, "name": "", "kind": "service", "width": 1.28}, "geometry": {"type": "LineString", "coordinates": [[121.54043910113981, 25.16248939863906], [121.54034319978027, 25.162543698742365], [121.54029439942796, 25.162570998980417], [121.53936620041601, 25.16309020038178], [121.53915170151731, 25.16319750084441], [121.53902159928813, 25.163245700853395], [121.53889009851036, 25.163225898706433], [121.53874530066769, 25.163106799487963], [121.53862189968787, 25.162881699550844], [121.53852130032148, 25.16274689953737], [121.53842560052658, 25.162658199730508], [121.53822900056882, 25.162446498666007], [121.53816459911259, 25.162360698719908], [121.5383147988879, 25.162210501091447], [121.53843560123423, 25.16221210120823], [121.53849590007457, 25.16221290126662], [121.53866149938914, 25.16211759887262], [121.53888540050352, 25.16196959929932], [121.53908459909478, 25.16196950104653], [121.5391986009599, 25.161903899065756], [121.53924289866802, 25.16179040025602], [121.53961840120728, 25.161590700067375], [121.53989860087894, 25.16139629991466], [121.54005560113544, 25.161325799330758], [121.54011729852435, 25.161330700741107], [121.5401602007849, 25.161352201257635], [121.54020309994443, 25.161373600714157], [121.5402774990073, 25.16156149933974], [121.54030440013561, 25.16159989933525], [121.54037479891542, 25.161631098805245]]}}, {"type": "Feature", "properties": {"id": "north-136214601-0", "osmWay": 136214601, "name": "", "kind": "service", "width": 1.28}, "geometry": {"type": "LineString", "coordinates": [[121.5447227003679, 25.152290200943227], [121.54474210019022, 25.152350898706434], [121.54477830120139, 25.152373901086957], [121.54484349961322, 25.15238749927237], [121.54519420039753, 25.15237460008534], [121.54527989948478, 25.15238050086687], [121.54532580040711, 25.152407598984908], [121.54536759871357, 25.15245109970356], [121.54536879879848, 25.152513100017966], [121.5453382012846, 25.152565800004492], [121.5453023010699, 25.152599500709666], [121.54524609864345, 25.152612399896693], [121.54512279999645, 25.152612500956703]]}}, {"type": "Feature", "properties": {"id": "north-136214602-0", "osmWay": 136214602, "name": "", "kind": "footway", "width": 0.576}, "geometry": {"type": "LineString", "coordinates": [[121.54268619967759, 25.153947099411607], [121.54273869951646, 25.15394540104204], [121.54331060044883, 25.153972400907296], [121.54349540112209, 25.153989901131872], [121.54368280042881, 25.15402209997305], [121.54386739953742, 25.154066799375673], [121.54405940072016, 25.154108899290335], [121.54411969956051, 25.154134501158822]]}}, {"type": "Feature", "properties": {"id": "north-136214603-0", "osmWay": 136214603, "name": "", "kind": "footway", "width": 0.576}, "geometry": {"type": "LineString", "coordinates": [[121.54331060044883, 25.153972400907296], [121.54334179955568, 25.153801999699066], [121.54336959997244, 25.153648700089832], [121.54340060061563, 25.15347679982483], [121.54332169890857, 25.153459498913044], [121.54297300136679, 25.153400799892204]]}}, {"type": "Feature", "properties": {"id": "north-174931563-0", "osmWay": 174931563, "name": "", "kind": "footway", "width": 0.576}, "geometry": {"type": "LineString", "coordinates": [[121.54438289957967, 25.152203000193136], [121.54438379886811, 25.152426101387892]]}}, {"type": "Feature", "properties": {"id": "north-174931564-0", "osmWay": 174931564, "name": "", "kind": "footway", "width": 0.576}, "geometry": {"type": "LineString", "coordinates": [[121.54539320052513, 25.151861100152715], [121.54529439973561, 25.15202400046263]]}}, {"type": "Feature", "properties": {"id": "north-174931565-0", "osmWay": 174931565, "name": "", "kind": "service", "width": 1.28}, "geometry": {"type": "LineString", "coordinates": [[121.54557800119838, 25.151690901064498], [121.54558240150973, 25.15171870098814], [121.54554239867917, 25.15174960008534]]}}, {"type": "Feature", "properties": {"id": "north-174931566-0", "osmWay": 174931566, "name": "", "kind": "steps", "width": 0.48}, "geometry": {"type": "LineString", "coordinates": [[121.54529439973561, 25.15202400046263], [121.54510029917951, 25.15202080022907]]}}, {"type": "Feature", "properties": {"id": "north-174931567-0", "osmWay": 174931567, "name": "", "kind": "footway", "width": 0.576}, "geometry": {"type": "LineString", "coordinates": [[121.54510029917951, 25.15202080022907], [121.54504419908588, 25.15202080022907], [121.54438529974951, 25.152004900121273], [121.54438289957967, 25.152203000193136]]}}, {"type": "Feature", "properties": {"id": "north-174931569-0", "osmWay": 174931569, "name": "環七星山人車分道陽金公路段", "kind": "footway", "width": 0.576}, "geometry": {"type": "LineString", "coordinates": [[121.54516529912769, 25.152867099187027], [121.54528380053601, 25.152918999115165], [121.54546529864999, 25.152932900480597], [121.54553000090269, 25.15296100077704], [121.54559510008269, 25.152974500709668], [121.54568260084783, 25.153013100017965], [121.5457751996481, 25.153028899065756], [121.54591129920088, 25.15308470103306], [121.54600190096062, 25.15314679960025], [121.54610490049686, 25.15318900057492], [121.54620559909507, 25.153256399178044], [121.54631449982405, 25.153330201055518], [121.54640770021729, 25.15337509977093], [121.54660319932196, 25.153437201145348], [121.5466354992819, 25.153468700988142], [121.54673279919002, 25.153510099097197], [121.54688970021469, 25.15358790126662], [121.54710259900017, 25.15374319961822], [121.54713300115141, 25.15378960019763], [121.54718449936902, 25.15385960109594], [121.54723529986285, 25.153877999631693], [121.54731560011848, 25.153868300678226], [121.54738930145756, 25.15386410107348], [121.54750130008016, 25.153905100556955], [121.54755949954715, 25.1538937004267], [121.54766520004968, 25.15389019982034], [121.5477374997392, 25.153949600646783], [121.54776049981628, 25.15400009977093], [121.54783759984545, 25.15404550097916], [121.54790620004839, 25.154078398818722], [121.54798419936601, 25.154100300768057], [121.548018198671, 25.15414690066026], [121.54803650074123, 25.154215899380166], [121.5480563998237, 25.154245900166188], [121.54803829931811, 25.15431419988771], [121.54801359989598, 25.154342999182536], [121.54799189913564, 25.15446050109145], [121.54794120097463, 25.15451699924991], [121.54793280038022, 25.15458399922745], [121.54786250083224, 25.1546670003728], [121.54782780070246, 25.15475210132052], [121.54770519977926, 25.154857099860763], [121.54764319849288, 25.15498190054797], [121.5475336000401, 25.155070998980417], [121.54741930047949, 25.155123401401365], [121.547327399403, 25.155138100017968], [121.54719949887999, 25.155144000799496], [121.54710449990988, 25.155156599613726], [121.54698610083437, 25.155157899357707], [121.5469191999765, 25.15513929870194]]}}, {"type": "Feature", "properties": {"id": "north-230730578-0", "osmWay": 230730578, "name": "", "kind": "steps", "width": 0.48}, "geometry": {"type": "LineString", "coordinates": [[121.53933089869328, 25.158995700853396], [121.53942659848818, 25.15912860037729]]}}, {"type": "Feature", "properties": {"id": "north-230730588-0", "osmWay": 230730588, "name": "中興路", "kind": "unclassified", "width": 1.6}, "geometry": {"type": "LineString", "coordinates": [[121.54479160136731, 25.163198500215596], [121.5446168014017, 25.163222600220088], [121.54438729989104, 25.163347701280095], [121.54397759958314, 25.163664900570428], [121.54355049959445, 25.163991501248653], [121.54339359856978, 25.164069699236435], [121.54312669906403, 25.164215099321776], [121.54295099980999, 25.164280299869745], [121.54280800054418, 25.164344501046532], [121.54267920073274, 25.164427799757455], [121.54262009887631, 25.16446609869296], [121.54254619907358, 25.16453709896245], [121.54238379998546, 25.16466189964966], [121.5423415985497, 25.164689601320518], [121.54225090065913, 25.16470719979788], [121.54216450074709, 25.164682998733383], [121.54204050127531, 25.16459749916008], [121.54199749978295, 25.164554599187028], [121.54197609981908, 25.16446879924093], [121.54197609981908, 25.164404398751348], [121.54199749978295, 25.164318598805245], [121.54207440134847, 25.164186100714158], [121.54218590071095, 25.164052401131872], [121.54264930094263, 25.163648099344233], [121.54269620038524, 25.163566799375673], [121.54271769958092, 25.16346660118577], [121.54270700114948, 25.163402298948977], [121.54264930094263, 25.163283300790514], [121.54259499942589, 25.163226900884837], [121.54149059879876, 25.162446498666007], [121.54138330128399, 25.162403598692958], [121.54131889982777, 25.162403598692958], [121.541211599212, 25.162403598692958], [121.54054639865458, 25.16251089915559], [121.54048539898946, 25.162498698966942], [121.54043910113981, 25.16248939863906], [121.54033180052404, 25.162360698719908], [121.54031040056019, 25.162317798746855], [121.54028420025666, 25.162235499407114], [121.5402809007984, 25.16214729928584], [121.54031040056019, 25.16201729962271]]}}, {"type": "Feature", "properties": {"id": "north-230730589-0", "osmWay": 230730589, "name": "", "kind": "service", "width": 1.28}, "geometry": {"type": "LineString", "coordinates": [[121.54031040056019, 25.16201729962271], [121.54038319950983, 25.162041301374416], [121.54057480066429, 25.162066600062882], [121.54095009853789, 25.1619409010645], [121.54111370081193, 25.161919100175172], [121.54155959903, 25.16176139884118]]}}, {"type": "Feature", "properties": {"id": "north-230730590-0", "osmWay": 230730590, "name": "", "kind": "service", "width": 1.28}, "geometry": {"type": "LineString", "coordinates": [[121.54054639865458, 25.16251089915559], [121.54078060127308, 25.16259779953288], [121.54116950010908, 25.16281130002695], [121.54131129928996, 25.162889099389147]]}}, {"type": "Feature", "properties": {"id": "north-230730592-0", "osmWay": 230730592, "name": "建國街", "kind": "residential", "width": 1.6}, "geometry": {"type": "LineString", "coordinates": [[121.54875119937475, 25.150486100152712], [121.54876369948406, 25.150531700673735], [121.54885270113057, 25.15085709986076], [121.5489121999143, 25.15107469889957], [121.54913179994915, 25.15124990045814], [121.5493465004125, 25.151421098917535]]}}, {"type": "Feature", "properties": {"id": "north-230730595-0", "osmWay": 230730595, "name": "", "kind": "footway", "width": 0.576}, "geometry": {"type": "LineString", "coordinates": [[121.54048539898946, 25.162498698966942], [121.54046710002021, 25.162552799757457], [121.54047779845165, 25.162579900682715], [121.54055780101179, 25.16262730063331]]}}, {"type": "Feature", "properties": {"id": "north-262794536-0", "osmWay": 262794536, "name": "陽明路一段", "kind": "primary", "width": 3.84}, "geometry": {"type": "LineString", "coordinates": [[121.55006919961214, 25.151233598917536], [121.55001509966003, 25.15111090083992], [121.54997199893585, 25.150869100736614], [121.54997990027013, 25.150645398796264], [121.54997950024182, 25.150430300992635], [121.5499741014102, 25.150282200359324], [121.54996839868109, 25.150177900817464], [121.54995600090461, 25.150124998710925], [121.54991640120335, 25.150057600107797], [121.5498605988052, 25.149978001316025], [121.54979300022353, 25.149913101140857], [121.54965130027448, 25.149808501226197], [121.5496064009734, 25.149767201369926], [121.54954649906037, 25.149690800004493], [121.54947000062414, 25.14957739944754], [121.54944039852953, 25.14945579899389], [121.54940860093072, 25.149080201055515]]}}, {"type": "Feature", "properties": {"id": "north-262794537-0", "osmWay": 262794537, "name": "湖山路一段", "kind": "primary", "width": 3.84}, "geometry": {"type": "LineString", "coordinates": [[121.5461534992845, 25.15222679982483], [121.54658429875977, 25.15224529942059], [121.54674390075076, 25.152255899492456], [121.54703309950881, 25.152322599097197], [121.54707309923837, 25.15233349954186], [121.54728410021515, 25.152382901042042]]}}, {"type": "Feature", "properties": {"id": "north-262879958-0", "osmWay": 262879958, "name": "", "kind": "service", "width": 1.28}, "geometry": {"type": "LineString", "coordinates": [[121.54495960085171, 25.15457599864355], [121.54479250065575, 25.154396799600253], [121.54469920103068, 25.15430859947898], [121.54459119959013, 25.154180999991016], [121.54456009971511, 25.154118101365434], [121.54459359975998, 25.154074100961193], [121.54507119944601, 25.153850300768056], [121.54519959922915, 25.153829198877112], [121.54535330002739, 25.153908999788896], [121.54541340040407, 25.153979000687208], [121.54546069987497, 25.154081599052283], [121.54560510079034, 25.15440919910169], [121.54574299891999, 25.154734999721523], [121.54587000015457, 25.155029300498562], [121.5458868013434, 25.1550653003189], [121.54590479951617, 25.15509829921847], [121.5459564000666, 25.155145999541862], [121.54600720056042, 25.155183400166187], [121.54610760146316, 25.155257300296444]]}}, {"type": "Feature", "properties": {"id": "north-262879991-0", "osmWay": 262879991, "name": "竹子湖路", "kind": "primary", "width": 3.84}, "geometry": {"type": "LineString", "coordinates": [[121.54680059933635, 25.15822790025602], [121.54666249964204, 25.158826400076357], [121.54663440152981, 25.158912800768057], [121.54657579893353, 25.159066299690082], [121.54645949923139, 25.15918409916457], [121.54634119938771, 25.159287598648042], [121.54625559953229, 25.159402899694573], [121.5461085007516, 25.159681199303808], [121.54598740070979, 25.15986140052551], [121.5458693985616, 25.16003259898491], [121.54573739852371, 25.160255599119655], [121.5456306995009, 25.160428299443048], [121.54559710022423, 25.16046959929932], [121.54547169910288, 25.16054360048958], [121.54533470026166, 25.16059320130255], [121.54519980079381, 25.160622300970175], [121.54488570104898, 25.16067230040873], [121.54477440015016, 25.16069410129806], [121.54466189916643, 25.160710298971434], [121.5444665985254, 25.16073540115433], [121.54435629924785, 25.16078629890406], [121.5442762997887, 25.160864699011857], [121.54427999927528, 25.16099549873338], [121.54428249867694, 25.161537800768055], [121.54427159868087, 25.16170020139238], [121.54414940088695, 25.161849301396874], [121.54401769854455, 25.162032500732124], [121.5440009004567, 25.162115600130257], [121.54403310118481, 25.162217499496947], [121.54408939974209, 25.162314601320517], [121.54417960147353, 25.162414998823213], [121.54438970006088, 25.162569699236435], [121.54448720153364, 25.162652899694574], [121.54459660152276, 25.16276519982034], [121.54468750097799, 25.1628778003189]]}}, {"type": "Feature", "properties": {"id": "north-262964938-0", "osmWay": 262964938, "name": "陽明路一段", "kind": "primary", "width": 3.84}, "geometry": {"type": "LineString", "coordinates": [[121.54940860093072, 25.149080201055515], [121.54939693498896, 25.148999998710924]]}}, {"type": "Feature", "properties": {"id": "north-262965038-0", "osmWay": 262965038, "name": "湖山路一段", "kind": "primary", "width": 3.84}, "geometry": {"type": "LineString", "coordinates": [[121.54728410021515, 25.152382901042042], [121.54754070131777, 25.152444499923643], [121.54785680120413, 25.152465200381783], [121.54813519919792, 25.152467600556953], [121.54844310005451, 25.15243069961822], [121.54857090134568, 25.152343599928134], [121.54859859942961, 25.152329400997125], [121.54876910141668, 25.152242000934244], [121.54887380029795, 25.152181901109415], [121.54889649957856, 25.15216540025602], [121.54891000130912, 25.152149699461013], [121.54897470046082, 25.15205110138789], [121.54903219910302, 25.151952399447538], [121.54906110037287, 25.151895199483473], [121.54915710096424, 25.151746399851778], [121.54919470052397, 25.15166509988322], [121.54924100147461, 25.15158570040424], [121.5493465004125, 25.151421098917535], [121.54952290049133, 25.151353599254403], [121.54991240092029, 25.151266300251528], [121.55006919961214, 25.151233598917536]]}}, {"type": "Feature", "properties": {"id": "north-263056113-0", "osmWay": 263056113, "name": "竹子湖路", "kind": "primary", "width": 3.84}, "geometry": {"type": "LineString", "coordinates": [[121.54610760146316, 25.155257300296444], [121.54592770036142, 25.155455900053898]]}}, {"type": "Feature", "properties": {"id": "north-264078919-0", "osmWay": 264078919, "name": "", "kind": "service", "width": 1.28}, "geometry": {"type": "LineString", "coordinates": [[121.54557800119838, 25.151690901064498], [121.54575509900098, 25.151604000687207], [121.54590089846494, 25.15154630103755]]}}, {"type": "Feature", "properties": {"id": "north-300814850-0", "osmWay": 300814850, "name": "", "kind": "unclassified", "width": 1.6}, "geometry": {"type": "LineString", "coordinates": [[121.5359487989135, 25.163382300296444], [121.53595670024778, 25.163344200673734], [121.53595460087442, 25.16324469867499], [121.53593419943084, 25.16307529964517], [121.53586010116445, 25.162950600017968], [121.53588400052996, 25.162885000844412], [121.53593829894572, 25.16275390075009], [121.53591729901017, 25.162696599726015], [121.53587680002046, 25.162673998778295], [121.53582439941341, 25.162678498755838], [121.53560100066017, 25.162815698944485], [121.53548060144313, 25.162855398683973], [121.53531560062052, 25.16286120121272], [121.53512380100243, 25.162816198630075], [121.53498580053994, 25.162818598805245], [121.53496569989284, 25.162781501360943], [121.5349984991129, 25.16270369919152], [121.5350144010133, 25.162581200426697], [121.53498450122319, 25.162417098625586], [121.53501099922221, 25.16234829921847], [121.5349361008992, 25.16228389872889], [121.53489930139608, 25.162172999407115], [121.53484149885641, 25.162069000238052], [121.53480210071979, 25.16202209997305], [121.53480420009315, 25.161989398639058], [121.534917200337, 25.16174739922296], [121.53492379925356, 25.161689898886095], [121.53481359920782, 25.16162650057492], [121.53475019937287, 25.161563599142113], [121.53470120055691, 25.161536700336868], [121.53463370120707, 25.161518501113907], [121.5344699997012, 25.161511398841178], [121.53442140091356, 25.16147249916008], [121.53434600022943, 25.161219298926518], [121.53437679930796, 25.161163901199245], [121.53448120049376, 25.161069199550845], [121.5344840006919, 25.161046898975926], [121.53446969890473, 25.16102240034585], [121.53440989932452, 25.16100899866601], [121.53425990111387, 25.161074799959575], [121.5342381011217, 25.161047699034317], [121.53426779934716, 25.16093710008534], [121.5342686986356, 25.16085210019763], [121.53420029999731, 25.16080429881423], [121.53415010109644, 25.16072660051204], [121.534161298788, 25.160637600332375], [121.53424620091964, 25.16059080112738], [121.5344783010638, 25.160534799847287], [121.53461529990501, 25.160534100848903], [121.53466450028561, 25.160520300543478], [121.53467919900011, 25.160459599973052], [121.53466009997425, 25.160253499317285], [121.53459460076594, 25.16016189964966], [121.53441679903754, 25.160164701257635], [121.53438950098193, 25.160152599321776]]}}, {"type": "Feature", "properties": {"id": "north-323938906-0", "osmWay": 323938906, "name": "", "kind": "service", "width": 1.28}, "geometry": {"type": "LineString", "coordinates": [[121.53843560123423, 25.16221210120823], [121.5384596990634, 25.16210880103755], [121.5384649986632, 25.16208710120823], [121.53835509941395, 25.161906501360942], [121.53832420110358, 25.161844200673734], [121.53842209950366, 25.161695499294826], [121.53856229857132, 25.161519598737872], [121.53864600061804, 25.161463499204995], [121.5388451992093, 25.161370400480596], [121.53903089917098, 25.161344399986525], [121.53918450073738, 25.16133589971703]]}}, {"type": "Feature", "properties": {"id": "north-323938907-0", "osmWay": 323938907, "name": "", "kind": "service", "width": 1.28}, "geometry": {"type": "LineString", "coordinates": [[121.53820750137314, 25.162103200628817], [121.5383147988879, 25.162210501091447]]}}, {"type": "Feature", "properties": {"id": "north-323938908-0", "osmWay": 323938908, "name": "", "kind": "service", "width": 1.28}, "geometry": {"type": "LineString", "coordinates": [[121.53893710028579, 25.161073199842797], [121.5388592002, 25.161145398796265], [121.53867959989472, 25.161287800768058], [121.53855089931511, 25.161395101230685], [121.5384649986632, 25.161480901176787], [121.53827189972836, 25.161716898751347], [121.53820750137314, 25.161845699730506], [121.53820750137314, 25.162103200628817]]}}, {"type": "Feature", "properties": {"id": "north-323945632-0", "osmWay": 323945632, "name": "", "kind": "unclassified", "width": 1.6}, "geometry": {"type": "LineString", "coordinates": [[121.53897780084014, 25.158834900345852], [121.53892229923848, 25.158803299443047], [121.53886329971489, 25.158724200336867], [121.53879090079354, 25.15851470013475], [121.53872859871068, 25.158458401289078], [121.5386896998342, 25.15845719979788], [121.53862530147897, 25.158505099434063], [121.53818010098469, 25.158954400997125], [121.53728480042464, 25.159945499294825], [121.53716680137744, 25.159983598917535], [121.53702800085836, 25.159899199775424], [121.53694290026306, 25.159905299869745]]}}, {"type": "Feature", "properties": {"id": "north-323949663-0", "osmWay": 323949663, "name": "泉源路", "kind": "tertiary", "width": 2.56}, "geometry": {"type": "LineString", "coordinates": [[121.53300000111163, 25.152028340428494], [121.53302740150008, 25.15202830112738], [121.5330966994268, 25.151995599793388]]}}, {"type": "Feature", "properties": {"id": "north-327370211-0", "osmWay": 327370211, "name": "新園街", "kind": "residential", "width": 1.6}, "geometry": {"type": "LineString", "coordinates": [[121.55132109904825, 25.150365701190264], [121.55164559952902, 25.15031740012127], [121.55176359857622, 25.15029520060636], [121.55185370107583, 25.150309200224577], [121.55208729900038, 25.150381098805248], [121.55219379955953, 25.15041990023356], [121.55232130005423, 25.150461598715417], [121.55249650004814, 25.150533500103307], [121.5525327010593, 25.15056720080848], [121.55254050006077, 25.15075710098365], [121.55255519877525, 25.150797499721524], [121.55258810032815, 25.150858200291953], [121.55268050066478, 25.150978298881604], [121.55288929993537, 25.151181300363817], [121.55310630133673, 25.15137090016619], [121.55321589978949, 25.15147519970805], [121.55327619862985, 25.15150769892203], [121.55344129868428, 25.151596901221705], [121.55353359978908, 25.151639500821954], [121.55358529957134, 25.151673900525513], [121.55365229966105, 25.151728801374418], [121.55371889972245, 25.151773399717033], [121.55374500079415, 25.151792601118398], [121.55396149983439, 25.151891900997125], [121.55421029883455, 25.152008198607618], [121.55430989968067, 25.15214009876033], [121.55440990055511, 25.15226569950593], [121.55449020081073, 25.15233109936669], [121.5547669986913, 25.152541301374416], [121.55485390096447, 25.152609999721523], [121.5548979009771, 25.152687400458138], [121.55500799869, 25.152903399380165], [121.55522919883808, 25.153202800880344], [121.55533910118832, 25.15333390097467], [121.55537580145962, 25.153403399380167]]}}, {"type": "Feature", "properties": {"id": "north-330745384-0", "osmWay": 330745384, "name": "", "kind": "unclassified", "width": 1.6}, "geometry": {"type": "LineString", "coordinates": [[121.55043110118899, 25.151395101230687], [121.55023380040645, 25.15149860071416]]}}, {"type": "Feature", "properties": {"id": "north-330745397-0", "osmWay": 330745397, "name": "新園橋", "kind": "unclassified", "width": 1.6}, "geometry": {"type": "LineString", "coordinates": [[121.55049059997272, 25.151354598625584], [121.55043110118899, 25.151395101230687]]}}, {"type": "Feature", "properties": {"id": "north-330745400-0", "osmWay": 330745400, "name": "新園街", "kind": "tertiary", "width": 2.56}, "geometry": {"type": "LineString", "coordinates": [[121.5501859985744, 25.15118770083094], [121.55006919961214, 25.151233598917536]]}}, {"type": "Feature", "properties": {"id": "north-330745403-0", "osmWay": 330745403, "name": "新園街", "kind": "tertiary", "width": 2.56}, "geometry": {"type": "LineString", "coordinates": [[121.5512426004705, 25.150321599726016], [121.55118829895375, 25.150401599950595]]}}, {"type": "Feature", "properties": {"id": "north-330745406-0", "osmWay": 330745406, "name": "新園街", "kind": "tertiary", "width": 2.56}, "geometry": {"type": "LineString", "coordinates": [[121.55118829895375, 25.150401599950595], [121.55110770100264, 25.150515999878728], [121.55101549912968, 25.15062410039975], [121.5508401006721, 25.1507836994161], [121.5501859985744, 25.15118770083094]]}}, {"type": "Feature", "properties": {"id": "north-330745410-0", "osmWay": 330745410, "name": "新園街", "kind": "unclassified", "width": 1.6}, "geometry": {"type": "LineString", "coordinates": [[121.55132109904825, 25.150365701190264], [121.55124710001368, 25.150422800094322], [121.55116380109627, 25.15058219979788], [121.55103249878216, 25.150736599838304], [121.55078829855701, 25.150927300071864], [121.55063020054843, 25.151003698630074], [121.55056710150994, 25.15104250005839], [121.55053860026841, 25.151121200538988], [121.55051329925332, 25.151336699775424], [121.55049059997272, 25.151354598625584]]}}, {"type": "Feature", "properties": {"id": "north-331880310-0", "osmWay": 331880310, "name": "", "kind": "steps", "width": 0.48}, "geometry": {"type": "LineString", "coordinates": [[121.53938199998359, 25.158850399020842], [121.53947049926899, 25.15890919910169]]}}, {"type": "Feature", "properties": {"id": "north-331880333-0", "osmWay": 331880333, "name": "", "kind": "service", "width": 1.28}, "geometry": {"type": "LineString", "coordinates": [[121.5392484990643, 25.157954100624327], [121.53957210025663, 25.157622000597378], [121.53952179902295, 25.15758139973949], [121.53982150084977, 25.157288600826448], [121.53985919964133, 25.15723190054797], [121.539815599657, 25.157159100848904], [121.53974680099041, 25.156982299173553], [121.5396726003912, 25.156886699213977]]}}, {"type": "Feature", "properties": {"id": "north-334273537-0", "osmWay": 334273537, "name": "", "kind": "path", "width": 0.512}, "geometry": {"type": "LineString", "coordinates": [[121.55266259862285, 25.163661200651276], [121.55256039914323, 25.16384879890406], [121.55245949898037, 25.163949698899568], [121.55217700147169, 25.163986100152712], [121.55210349859627, 25.1640339997889], [121.55199950053976, 25.164021299914662], [121.55193919859843, 25.164026599950592], [121.55184619976984, 25.16399769959576], [121.55172639904478, 25.1640413996272], [121.55164150001414, 25.16404440054797], [121.55158700003373, 25.16405779942059], [121.55152510108017, 25.16406179971254], [121.55140560115159, 25.16408490034585], [121.55132460007117, 25.164104000687207], [121.55127080091555, 25.1641191989894], [121.55114749916756, 25.164153200067375], [121.55107279930822, 25.164160799218468], [121.55101050032634, 25.164157399672117], [121.55096779963046, 25.164157099299317], [121.55087730020354, 25.16417639895347], [121.550798100801, 25.164154398751347], [121.55071820057368, 25.164162000709666], [121.55066810090464, 25.16416940054797], [121.550619499016, 25.16419410129806], [121.5505555999209, 25.164189199887712], [121.55049019994442, 25.16417630070068], [121.55040130063071, 25.164216399065758], [121.55033889931602, 25.164230901176786], [121.55027349933954, 25.164243999676607], [121.55019330141674, 25.164236498778298], [121.55012019856962, 25.164257799982035], [121.55007289909871, 25.164264500821954], [121.55002300099432, 25.16426790036831], [121.54996000118767, 25.164299400211103], [121.54987450056407, 25.164315999317285], [121.54980999987602, 25.16433639940262], [121.54975330129042, 25.16437049873338], [121.5497232991675, 25.16439999983381], [121.54966990004019, 25.164413901199246], [121.54961460000317, 25.164438001203738], [121.54959590100563, 25.164482299173553], [121.54954780147811, 25.16451759999551], [121.54951610001014, 25.164570600354832], [121.54946409943139, 25.164599200336866], [121.54941710075697, 25.16466189964966], [121.54933070084492, 25.16469240012127], [121.54926580012857, 25.16472279953288], [121.5491770000467, 25.16478579921847], [121.54914580093985, 25.16485099976644], [121.54911840055141, 25.164861599838304], [121.54907080028403, 25.164878698630076], [121.5490264002431, 25.16491159927686], [121.54897460122899, 25.16493960132052], [121.54890619948972, 25.164950799330757], [121.54885120024917, 25.164984398975925], [121.54878570104087, 25.16500740135645], [121.54872430134743, 25.165025999204996], [121.54869210061932, 25.165035700965685], [121.54861290121679, 25.165072599097197], [121.5485383998211, 25.165126899200505], [121.54845199990906, 25.165192099748474], [121.54839679910387, 25.165231198742365], [121.5483106999883, 25.16526509876033], [121.54824120049693, 25.165297600781532], [121.54811530011546, 25.165356299802372], [121.54807000078608, 25.165442299061265], [121.54802911727305, 25.165499998710924]]}}, {"type": "Feature", "properties": {"id": "north-338950285-0", "osmWay": 338950285, "name": "", "kind": "service", "width": 1.28}, "geometry": {"type": "LineString", "coordinates": [[121.55309460128403, 25.155183899851778], [121.55299180021146, 25.155130298746855], [121.55288510118865, 25.15510880103755], [121.5527565990727, 25.15510519937118], [121.55249880098614, 25.155210899717034], [121.5522981015135, 25.155293100803988], [121.55221510029156, 25.155382499609235], [121.55217759996364, 25.15543980063331], [121.55215240128138, 25.155591199752966]]}}, {"type": "Feature", "properties": {"id": "north-338995798-0", "osmWay": 338995798, "name": "", "kind": "service", "width": 1.28}, "geometry": {"type": "LineString", "coordinates": [[121.55179509847954, 25.155548100467122], [121.55161040013911, 25.155464798948977], [121.5514957005502, 25.155386101275603], [121.55127949920545, 25.155264700134747], [121.55109640097825, 25.155196299353218], [121.55089689848953, 25.1551517010106], [121.55062439858749, 25.155106998800754], [121.55043310133053, 25.155068699865254], [121.5503460005937, 25.155039998823213], [121.55021379899115, 25.154948999901187], [121.55011020096298, 25.154813599142113], [121.55000919846728, 25.154605499743983], [121.54986400059629, 25.154309899222962], [121.54979610121815, 25.154178599815847], [121.54971309999621, 25.154014001136364], [121.54940370135922, 25.153513100017967], [121.54937230068772, 25.15347439964966], [121.5493404007561, 25.15343389985178]]}}, {"type": "Feature", "properties": {"id": "north-357338892-0", "osmWay": 357338892, "name": "", "kind": "footway", "width": 0.576}, "geometry": {"type": "LineString", "coordinates": [[121.5410609994084, 25.153492301307043], [121.54106080094475, 25.153589798948975], [121.54107930147863, 25.153682600107796], [121.54115839854835, 25.153881898863638], [121.54109720041957, 25.15393740045814], [121.54106000088814, 25.153969099613725]]}}, {"type": "Feature", "properties": {"id": "north-357338893-0", "osmWay": 357338893, "name": "", "kind": "path", "width": 0.512}, "geometry": {"type": "LineString", "coordinates": [[121.54273869951646, 25.15394540104204], [121.542815601082, 25.153812799083724], [121.54288729917855, 25.15350200026051], [121.54297300136679, 25.153400799892204]]}}, {"type": "Feature", "properties": {"id": "north-357338894-0", "osmWay": 357338894, "name": "", "kind": "footway", "width": 0.576}, "geometry": {"type": "LineString", "coordinates": [[121.54340060061563, 25.15347679982483], [121.5435802009209, 25.15350180094772], [121.54377150127887, 25.153529300498562], [121.54395269859637, 25.15357469889957], [121.54407249932143, 25.153579299937117], [121.54409500013837, 25.153579100624327], [121.54412770012662, 25.153603801374416], [121.54410510007784, 25.153761901333993], [121.54408520099538, 25.153908800476106], [121.5440788005425, 25.153958401289078], [121.54405940072016, 25.154108899290335]]}}, {"type": "Feature", "properties": {"id": "north-369954916-0", "osmWay": 369954916, "name": "橫嶺古道", "kind": "footway", "width": 0.576}, "geometry": {"type": "LineString", "coordinates": [[121.54167699958522, 25.15158650046263], [121.54166039996105, 25.151559800970176], [121.54165719973459, 25.151556600736615], [121.54161009872735, 25.151510200157205], [121.54155059994362, 25.15145289913313], [121.54146740025803, 25.151416301374418], [121.54137600154266, 25.15138349898042], [121.54127760078146, 25.1513781006917], [121.54117359962396, 25.15134719878728], [121.54110190152741, 25.151322399784405], [121.54100289917325, 25.151271400974668], [121.54088480089422, 25.15120300019314], [121.54080229893242, 25.151129498688466], [121.5405034002632, 25.15096979861211], [121.54039659890758, 25.150889099389147], [121.54007109990654, 25.15070189976195], [121.53985060058325, 25.150563298769313], [121.53972270006025, 25.15046529863457], [121.53965160045566, 25.1503382998922], [121.53959719970707, 25.15019540104204], [121.53942939868632, 25.150039701257636], [121.53934790144677, 25.149926000327884], [121.5392669995982, 25.149818200179663], [121.53915700111712, 25.149546500350343], [121.53914460023964, 25.149375099770932], [121.53912110090242, 25.14920419887711], [121.53907273779036, 25.148999998710924]]}}, {"type": "Feature", "properties": {"id": "north-372366236-0", "osmWay": 372366236, "name": "猴崁產業道路", "kind": "unclassified", "width": 1.6}, "geometry": {"type": "LineString", "coordinates": [[121.53529759934676, 25.164797199348726], [121.53531120030915, 25.164770300543477], [121.53554480133471, 25.16442879912864], [121.53573359919001, 25.164271998913044], [121.53585700016983, 25.16411519869745], [121.53592899906286, 25.163999499025334], [121.5359366988325, 25.163928900188644], [121.53598040114964, 25.163873698966942], [121.5359942005757, 25.1637282988816], [121.5359631999325, 25.163651100265003]]}}, {"type": "Feature", "properties": {"id": "north-372366238-0", "osmWay": 372366238, "name": "峯頂橋", "kind": "tertiary", "width": 2.56}, "geometry": {"type": "LineString", "coordinates": [[121.53578860153155, 25.160565901064498], [121.53562739942734, 25.16056400057492]]}}, {"type": "Feature", "properties": {"id": "north-372366240-0", "osmWay": 372366240, "name": "雷隱橋", "kind": "tertiary", "width": 2.56}, "geometry": {"type": "LineString", "coordinates": [[121.53300000111163, 25.16066979355911], [121.53311420144043, 25.16067130103755]]}}, {"type": "Feature", "properties": {"id": "north-375788767-0", "osmWay": 375788767, "name": "", "kind": "service", "width": 1.28}, "geometry": {"type": "LineString", "coordinates": [[121.54557800119838, 25.151690901064498], [121.54549120125803, 25.15169250118128], [121.5453574987741, 25.15174659916457], [121.54522179924962, 25.151830400368308], [121.54515689853326, 25.151894598737872]]}}, {"type": "Feature", "properties": {"id": "north-378902129-0", "osmWay": 378902129, "name": "", "kind": "footway", "width": 0.576}, "geometry": {"type": "LineString", "coordinates": [[121.54843919900328, 25.149192599434063], [121.54845419851425, 25.149126899200503], [121.54847679856302, 25.149053599815847]]}}, {"type": "Feature", "properties": {"id": "north-378902130-0", "osmWay": 378902130, "name": "", "kind": "footway", "width": 0.576}, "geometry": {"type": "LineString", "coordinates": [[121.54632610064492, 25.151377398886094], [121.54627930043415, 25.151405198809737], [121.54623059931367, 25.151433400166187], [121.54619719850065, 25.151388201077975], [121.54614930053779, 25.15133159905228]]}}, {"type": "Feature", "properties": {"id": "north-378902131-0", "osmWay": 378902131, "name": "", "kind": "footway", "width": 0.576}, "geometry": {"type": "LineString", "coordinates": [[121.54930619988644, 25.149154499811356], [121.54930379971661, 25.14908620008983], [121.5492992009416, 25.149036099591267]]}}, {"type": "Feature", "properties": {"id": "north-378902132-0", "osmWay": 378902132, "name": "", "kind": "residential", "width": 1.6}, "geometry": {"type": "LineString", "coordinates": [[121.5470584005239, 25.15218519959576], [121.5475533006589, 25.151908699416097]]}}, {"type": "Feature", "properties": {"id": "north-379437060-0", "osmWay": 379437060, "name": "", "kind": "track", "width": 0.96}, "geometry": {"type": "LineString", "coordinates": [[121.53835099989907, 25.159897900031442], [121.53816000033758, 25.159751099142113], [121.53806449900634, 25.159714900008982], [121.53801220073211, 25.159617301307044], [121.53795980012507, 25.159564300947718]]}}, {"type": "Feature", "properties": {"id": "north-379437061-0", "osmWay": 379437061, "name": "", "kind": "unclassified", "width": 1.6}, "geometry": {"type": "LineString", "coordinates": [[121.53872249905427, 25.15779020094323], [121.53857629956202, 25.157693598805245], [121.53845750045822, 25.157578101253144], [121.53836500088977, 25.15745259876033], [121.53830029863707, 25.15738849864355], [121.53822639883434, 25.157360600467122], [121.53814319914873, 25.157357798859145], [121.53806920011418, 25.157394099052283], [121.53791050051262, 25.157556398616602], [121.53765589955154, 25.157730101118396]]}}, {"type": "Feature", "properties": {"id": "north-379437062-0", "osmWay": 379437062, "name": "", "kind": "unclassified", "width": 1.6}, "geometry": {"type": "LineString", "coordinates": [[121.53814319914873, 25.157357798859145], [121.53789739881037, 25.157261300588395], [121.53776150082224, 25.157220500417715]]}}, {"type": "Feature", "properties": {"id": "north-379437067-0", "osmWay": 379437067, "name": "", "kind": "footway", "width": 0.576}, "geometry": {"type": "LineString", "coordinates": [[121.54004859908959, 25.157041500687207], [121.5400940007518, 25.157054200561443], [121.54014370039253, 25.15705269869745], [121.54019000134316, 25.157036501024074], [121.54022779936656, 25.157007199236435], [121.54025260112151, 25.15696820130255], [121.54026169943972, 25.156923998778296], [121.54025409890191, 25.156879599748475], [121.54023069879653, 25.156839900008983], [121.54019399852523, 25.156809598850163], [121.54014819993571, 25.1567920003728], [121.540100801233, 25.15678899945203], [121.54005480107882, 25.156799700583903], [121.54001499981291, 25.156823199842798], [121.53998540081929, 25.15685690054797], [121.53996930045523, 25.15689740034585], [121.53996819960214, 25.156940401378908], [121.53998220059285, 25.156981499115165], [121.54001000100959, 25.157016401311534], [121.54004859908959, 25.157041500687207]]}}, {"type": "Feature", "properties": {"id": "north-379437069-0", "osmWay": 379437069, "name": "", "kind": "unclassified", "width": 1.6}, "geometry": {"type": "LineString", "coordinates": [[121.53979560134272, 25.156684598850163], [121.53971220009247, 25.156673299779914], [121.53966699999492, 25.156693699865254], [121.53954530146115, 25.156839599636186], [121.5394663997541, 25.15687790137891], [121.53942430065118, 25.15689530054348], [121.53939589864147, 25.156907099299318], [121.53927439857135, 25.156897900031442], [121.53890360024093, 25.15674799996856], [121.53854919997006, 25.156634798724397], [121.53845700119808, 25.15655829910618], [121.53840469982286, 25.156536200651274], [121.53834899975755, 25.15651859936669], [121.53826719862052, 25.15649910039975], [121.53806870085404, 25.156504599748473], [121.53788969904073, 25.15654470092077], [121.53780119975534, 25.156640601253144], [121.53769719859785, 25.156772299285844]]}}, {"type": "Feature", "properties": {"id": "north-379437070-0", "osmWay": 379437070, "name": "", "kind": "steps", "width": 0.48}, "geometry": {"type": "LineString", "coordinates": [[121.53971220009247, 25.156673299779914], [121.53965240051227, 25.156579998935502]]}}, {"type": "Feature", "properties": {"id": "north-379437071-0", "osmWay": 379437071, "name": "", "kind": "footway", "width": 0.576}, "geometry": {"type": "LineString", "coordinates": [[121.53965240051227, 25.156579998935502], [121.53959750050355, 25.156575600017966], [121.53955030026448, 25.156589900008985], [121.53949869971404, 25.15663929870194], [121.53947320023529, 25.15667210109594], [121.53944269885224, 25.156761000215596], [121.53941279906213, 25.15686090083992], [121.53942430065118, 25.15689530054348]]}}, {"type": "Feature", "properties": {"id": "north-379437073-0", "osmWay": 379437073, "name": "", "kind": "service", "width": 1.28}, "geometry": {"type": "LineString", "coordinates": [[121.53859529935605, 25.15406480063331], [121.53853719912088, 25.154089099950593], [121.53824990127254, 25.154208999227453]]}}, {"type": "Feature", "properties": {"id": "north-379437074-0", "osmWay": 379437074, "name": "", "kind": "service", "width": 1.28}, "geometry": {"type": "LineString", "coordinates": [[121.53857909976016, 25.15499739922296], [121.53855080008329, 25.154930999991016], [121.53889460115455, 25.154630599119656]]}}, {"type": "Feature", "properties": {"id": "north-379437075-0", "osmWay": 379437075, "name": "", "kind": "service", "width": 1.28}, "geometry": {"type": "LineString", "coordinates": [[121.53908659923631, 25.154524898773804], [121.53898340123642, 25.15460210019763], [121.53902620116413, 25.154722100534496], [121.53906340069557, 25.15484909927686], [121.53913330021525, 25.15497539902084], [121.53921979935912, 25.155094599299318], [121.53893929889098, 25.15525169988771], [121.53885500145329, 25.155123999339743], [121.53877299875161, 25.154999499025333], [121.53873160047347, 25.15495159938915], [121.53857909976016, 25.15499739922296]]}}, {"type": "Feature", "properties": {"id": "north-379437076-0", "osmWay": 379437076, "name": "", "kind": "service", "width": 1.28}, "geometry": {"type": "LineString", "coordinates": [[121.53889460115455, 25.154630599119656], [121.53892279849862, 25.154589900008983], [121.53906020046912, 25.154483598917537]]}}, {"type": "Feature", "properties": {"id": "north-379437077-0", "osmWay": 379437077, "name": "", "kind": "service", "width": 1.28}, "geometry": {"type": "LineString", "coordinates": [[121.53898340123642, 25.15460210019763], [121.53889460115455, 25.154630599119656]]}}, {"type": "Feature", "properties": {"id": "north-379437078-0", "osmWay": 379437078, "name": "", "kind": "service", "width": 1.28}, "geometry": {"type": "LineString", "coordinates": [[121.53902620116413, 25.154722100534496], [121.53873160047347, 25.15495159938915]]}}, {"type": "Feature", "properties": {"id": "north-379437079-0", "osmWay": 379437079, "name": "", "kind": "service", "width": 1.28}, "geometry": {"type": "LineString", "coordinates": [[121.53906340069557, 25.15484909927686], [121.53877299875161, 25.154999499025333]]}}, {"type": "Feature", "properties": {"id": "north-379437080-0", "osmWay": 379437080, "name": "", "kind": "service", "width": 1.28}, "geometry": {"type": "LineString", "coordinates": [[121.53913330021525, 25.15497539902084], [121.53885500145329, 25.155123999339743]]}}, {"type": "Feature", "properties": {"id": "north-379437082-0", "osmWay": 379437082, "name": "", "kind": "service", "width": 1.28}, "geometry": {"type": "LineString", "coordinates": [[121.53859529935605, 25.15406480063331], [121.53851129961384, 25.153948199842795], [121.53848460005018, 25.153864000013474], [121.53842400041336, 25.153776100265002], [121.53816829859917, 25.153934000911786], [121.53801239919576, 25.15398270060636], [121.53787629964299, 25.15400580123967], [121.53775719974271, 25.154098200965684], [121.53765799892489, 25.154262499272367]]}}, {"type": "Feature", "properties": {"id": "north-379437083-0", "osmWay": 379437083, "name": "", "kind": "steps", "width": 0.48}, "geometry": {"type": "LineString", "coordinates": [[121.53830999854823, 25.15355210075907], [121.5383069006546, 25.153457300857887], [121.53832230019388, 25.153317798746855], [121.53834389862139, 25.153203499878728], [121.53835389932904, 25.153010399469995]]}}, {"type": "Feature", "properties": {"id": "north-379437084-0", "osmWay": 379437084, "name": "", "kind": "residential", "width": 1.6}, "geometry": {"type": "LineString", "coordinates": [[121.53845900133962, 25.152108099231945], [121.53840239888486, 25.152129799061264], [121.53832790059016, 25.152152400008983], [121.53826379993042, 25.152171598603125], [121.53819289878948, 25.152221800161698], [121.53809380030448, 25.152353501001617], [121.5380438990991, 25.152369698674992], [121.53800469942612, 25.152390000507545], [121.53799600113622, 25.152425200269494], [121.53801510016208, 25.152447399784407], [121.53813340000575, 25.152464400323392], [121.5381680009037, 25.152491099815848], [121.53816230127559, 25.152534799847288]]}}, {"type": "Feature", "properties": {"id": "north-379810690-0", "osmWay": 379810690, "name": "", "kind": "residential", "width": 1.6}, "geometry": {"type": "LineString", "coordinates": [[121.53565199961764, 25.14979630103755], [121.53564079882509, 25.149813001203736], [121.53562409996907, 25.14982549895796], [121.53560390009012, 25.149832300857888], [121.5355821993298, 25.149832699483472], [121.53556220101551, 25.149826899761948], [121.53554530059483, 25.1498156006917], [121.53553329974567, 25.149800000956702], [121.53552739855292, 25.14978179892652], [121.53552830094235, 25.149762799645167], [121.53553160040062, 25.14975500118128], [121.53553579914733, 25.14974499904779], [121.53554919854507, 25.149730398683975], [121.535567100587, 25.149720399357708], [121.53558760126242, 25.149716098692956], [121.5356091004581, 25.14971820130255], [121.53562869874409, 25.14972649945203], [121.53564420061618, 25.149740198697447], [121.53565380129551, 25.149757698922027], [121.53565649916084, 25.149777099636186], [121.53565199961764, 25.14979630103755]]}}, {"type": "Feature", "properties": {"id": "north-379810691-0", "osmWay": 379810691, "name": "", "kind": "unclassified", "width": 1.6}, "geometry": {"type": "LineString", "coordinates": [[121.53483537439203, 25.148999998710924], [121.53483390141959, 25.14900520049407], [121.53489839900665, 25.149142201369926], [121.53505360068627, 25.14938639884118], [121.53520029943864, 25.14958189942508], [121.53524839896616, 25.149620700853397], [121.53528400148537, 25.149691600062884], [121.53536970057262, 25.14972359959127], [121.53546519880287, 25.149736498778296], [121.53553160040062, 25.14975500118128]]}}, {"type": "Feature", "properties": {"id": "north-379810692-0", "osmWay": 379810692, "name": "", "kind": "residential", "width": 1.6}, "geometry": {"type": "LineString", "coordinates": [[121.53524839896616, 25.149620700853397], [121.53539910110258, 25.149626099142115], [121.53557019848063, 25.14957659938915], [121.53560430011844, 25.14953739933525]]}}, {"type": "Feature", "properties": {"id": "north-379810693-0", "osmWay": 379810693, "name": "", "kind": "footway", "width": 0.576}, "geometry": {"type": "LineString", "coordinates": [[121.53560430011844, 25.14953739933525], [121.53568079855465, 25.14943950026051], [121.535741100496, 25.149389700134748], [121.53577050102597, 25.149389801194754], [121.53590730140353, 25.149441799375673], [121.53595900118579, 25.1495264006378], [121.53600500133994, 25.149575900390765], [121.53602349877285, 25.149594700359327], [121.53611629913777, 25.149679599187028], [121.53624669906245, 25.14994940133399], [121.53626559962463, 25.150010800902802], [121.5363656997309, 25.150043199056775], [121.53648950073901, 25.150078901311534], [121.5365352000967, 25.15007389884118], [121.53674170153027, 25.149990900503056], [121.5367916988665, 25.149988199955086], [121.53681919848677, 25.149994600422207], [121.53683950069853, 25.150017201369923], [121.53686829963554, 25.150080400368306], [121.53692039944612, 25.15001699924991], [121.53693859918353, 25.14997500039526], [121.53712139971525, 25.149884700471613], [121.53718950065804, 25.14982949924991], [121.53722029973659, 25.149776900323392], [121.5372369985926, 25.149698999901187], [121.53711440077039, 25.149695799667626], [121.5370640995367, 25.149712699146605], [121.53702409980713, 25.14971340095221], [121.53687519934857, 25.149775499519404], [121.53683470035887, 25.14976729962271], [121.53677559850244, 25.14975550086687], [121.53674620107347, 25.149743300678225], [121.53671190097201, 25.14970639973949]]}}, {"type": "Feature", "properties": {"id": "north-379810694-0", "osmWay": 379810694, "name": "", "kind": "residential", "width": 1.6}, "geometry": {"type": "LineString", "coordinates": [[121.53713729851465, 25.149467900929753], [121.53714260121545, 25.14936410107348], [121.53710190066109, 25.14929120031441], [121.53710830111399, 25.149178900188645], [121.53710550091584, 25.149144598737873], [121.53698440087403, 25.149055699618216], [121.53691830007276, 25.149007999294827], [121.53691587199397, 25.148999998710924]]}}, {"type": "Feature", "properties": {"id": "north-379810696-0", "osmWay": 379810696, "name": "", "kind": "residential", "width": 1.6}, "geometry": {"type": "LineString", "coordinates": [[121.53483390141959, 25.14900520049407], [121.53481029974955, 25.14904310080399], [121.53484970098717, 25.149249701145347], [121.53502349933152, 25.149594200673732], [121.53505530003132, 25.14968069961822], [121.53503590020898, 25.149710599344232], [121.53499340107776, 25.149722299847287], [121.53493149902319, 25.149704701369924], [121.53487550126239, 25.149626500574918], [121.53482279985886, 25.14956750118128], [121.53475130022596, 25.149528000754582], [121.5345555003248, 25.149446400413222], [121.53448120049376, 25.14941780043119], [121.53446569862167, 25.149448300902804], [121.5344797988442, 25.149543999115163], [121.5345082008539, 25.149587398773807], [121.53455990063617, 25.149630298746857], [121.53461760084302, 25.149665200943225], [121.53475589900098, 25.14983790126662], [121.5348421996812, 25.14997409927686], [121.53492120062006, 25.15007979962271], [121.53515759874276, 25.150579299937117], [121.53517390067147, 25.15068500028297], [121.53517569924834, 25.150787500395257], [121.53519509907068, 25.150901299577793], [121.53522350108038, 25.1509798007456], [121.53530840011102, 25.15108870132501], [121.53533850146577, 25.15116879980237], [121.53537559866439, 25.1512055996811], [121.53543929929582, 25.151253698630075], [121.53549240072765, 25.15131130002695], [121.53551540080473, 25.151389801194753], [121.53551719938162, 25.151474700022458], [121.53553489985889, 25.15159970002246], [121.53557379873537, 25.15166529919601], [121.53565350049904, 25.151761398841177], [121.5356889014536, 25.15182709907474], [121.53577910008404, 25.15192479883669], [121.53582109995514, 25.151964299263383], [121.5359684995323, 25.15210259988322]]}}, {"type": "Feature", "properties": {"id": "north-379810703-0", "osmWay": 379810703, "name": "", "kind": "service", "width": 1.28}, "geometry": {"type": "LineString", "coordinates": [[121.53448120049376, 25.14941780043119], [121.53442159937721, 25.149358099231943], [121.53436549928358, 25.149357599546352], [121.53428679914119, 25.149405600242545], [121.53415399904668, 25.14953499916008], [121.53412849956794, 25.14964660028746], [121.53414099967723, 25.149785400592886], [121.53420369868742, 25.149866400188646], [121.53420310019546, 25.14991139996407], [121.53419780059565, 25.149949600646785], [121.53424340072151, 25.14998330135196]]}}, {"type": "Feature", "properties": {"id": "north-379810704-0", "osmWay": 379810704, "name": "", "kind": "service", "width": 1.28}, "geometry": {"type": "LineString", "coordinates": [[121.53424340072151, 25.14998330135196], [121.53433740117136, 25.15000420112289], [121.53425420148577, 25.150324999272367], [121.53416790080554, 25.15030959885016], [121.53424340072151, 25.14998330135196]]}}, {"type": "Feature", "properties": {"id": "north-379810707-0", "osmWay": 379810707, "name": "", "kind": "path", "width": 0.512}, "geometry": {"type": "LineString", "coordinates": [[121.53686829963554, 25.150080400368306], [121.5368574988713, 25.150112599209486], [121.53686930125681, 25.1501586994161], [121.53688720019774, 25.150190901064498], [121.53690829936512, 25.150215700067374], [121.53694250023476, 25.150213998890585], [121.53694600125768, 25.150291301374416]]}}, {"type": "Feature", "properties": {"id": "north-379810715-0", "osmWay": 379810715, "name": "", "kind": "residential", "width": 1.6}, "geometry": {"type": "LineString", "coordinates": [[121.5383582996404, 25.150481198742366], [121.53819550052397, 25.150434200224577], [121.53791360150724, 25.15035430106001], [121.53781289980803, 25.150351100826448], [121.53772630143234, 25.150347600220087], [121.53765530105957, 25.15037170022458], [121.53762689904987, 25.150442099748474]]}}, {"type": "Feature", "properties": {"id": "north-379810716-0", "osmWay": 379810716, "name": "", "kind": "residential", "width": 1.6}, "geometry": {"type": "LineString", "coordinates": [[121.53776630116191, 25.151743601051024], [121.53768310147632, 25.151778399380166], [121.53761220033537, 25.15180349875584], [121.53755200072686, 25.15184749916008], [121.53752100008367, 25.151967499496948], [121.53748210120719, 25.152024098715415], [121.53742640114187, 25.15200660129806], [121.5373626012786, 25.151930999991016], [121.53729109854471, 25.151775600579413], [121.53722839953453, 25.151658000417715], [121.5371738003223, 25.15148330135196], [121.53703349892182, 25.15117450127111], [121.5369714015046, 25.151050899267876], [121.53683489882252, 25.150941198630075], [121.53683289868098, 25.150879299375674], [121.5368461988469, 25.150850898706434]]}}, {"type": "Feature", "properties": {"id": "north-379810717-0", "osmWay": 379810717, "name": "湖山國小步道", "kind": "steps", "width": 0.48}, "geometry": {"type": "LineString", "coordinates": [[121.53769980033233, 25.150877300633308], [121.537765101077, 25.1508771995733], [121.53784870079089, 25.150855199371183], [121.53799040073994, 25.150814999946103], [121.53810060078568, 25.150821100040424], [121.53824020136138, 25.150844399986525]]}}, {"type": "Feature", "properties": {"id": "north-379810718-0", "osmWay": 379810718, "name": "湖山國小步道", "kind": "footway", "width": 0.576}, "geometry": {"type": "LineString", "coordinates": [[121.53648950073901, 25.150078901311534], [121.53648950073901, 25.15032880025153], [121.53653619861696, 25.150359098603126], [121.53657830082089, 25.150370400480597], [121.53659130019032, 25.150383900413225], [121.53659880149631, 25.150403399380167], [121.53661310018249, 25.150413600826447], [121.53663829886474, 25.150409100848904], [121.536646798691, 25.150399699461012]]}}, {"type": "Feature", "properties": {"id": "north-379810719-0", "osmWay": 379810719, "name": "湖山國小步道", "kind": "footway", "width": 0.576}, "geometry": {"type": "LineString", "coordinates": [[121.536646798691, 25.150399699461012], [121.53668530064017, 25.15043329910618], [121.53668650072508, 25.15049739922296], [121.53667880095546, 25.150566799375675], [121.53666140127466, 25.150619401109413], [121.53669969855818, 25.150757799982035], [121.53671960074163, 25.150773001091448], [121.53678330137308, 25.15078759864804], [121.53685210003967, 25.150790700628818], [121.5368461988469, 25.150850898706434]]}}, {"type": "Feature", "properties": {"id": "north-379810726-0", "osmWay": 379810726, "name": "", "kind": "residential", "width": 1.6}, "geometry": {"type": "LineString", "coordinates": [[121.53841830078525, 25.152233399604743], [121.53840530141582, 25.152269500485087], [121.53834730041248, 25.152413699079233], [121.53836679946664, 25.152440999317285], [121.53841569905077, 25.15243950026051], [121.53844749975057, 25.15241860048958], [121.5385588006494, 25.152258600040426], [121.53862140042774, 25.152203999564318]]}}, {"type": "Feature", "properties": {"id": "north-379810727-0", "osmWay": 379810727, "name": "湖山國小步道", "kind": "steps", "width": 0.48}, "geometry": {"type": "LineString", "coordinates": [[121.54122239997626, 25.151616700561444], [121.54097419946805, 25.15153419910169], [121.54086559953555, 25.151505700179662], [121.54079339907787, 25.151493999676607], [121.54062149854224, 25.15150200026051], [121.54053070141983, 25.15151509876033], [121.54039019845469, 25.151522700718647], [121.54019599866676, 25.151585798657024], [121.54002940083191, 25.15159729984729], [121.53980140020265, 25.151594899672116], [121.5396880991623, 25.15160880103755], [121.5396290996387, 25.151601600512038], [121.53955740154215, 25.151560901401364], [121.53941450150818, 25.151526900323393], [121.5393380992028, 25.151551800386272], [121.53927170070604, 25.151537800768057], [121.53918389914443, 25.15153659927686], [121.5390664985892, 25.151554200561446], [121.53895049968354, 25.151551199640675], [121.53892260003495, 25.15156000028297], [121.53889990075436, 25.15155509887262], [121.53888950001841, 25.15154150068721], [121.53895350144633, 25.151429200561445], [121.5389943012325, 25.151341800498564], [121.53897669998706, 25.151326599389147], [121.53892639875336, 25.151287098962452], [121.53851930017996, 25.15095940066026], [121.53846950130739, 25.15088770139238], [121.53841340121376, 25.150858598917534], [121.53828430060584, 25.150819499923642], [121.53824020136138, 25.150844399986525]]}}, {"type": "Feature", "properties": {"id": "north-379810732-0", "osmWay": 379810732, "name": "", "kind": "footway", "width": 0.576}, "geometry": {"type": "LineString", "coordinates": [[121.536646798691, 25.150399699461012], [121.53665620090668, 25.150375501203737], [121.5366592988003, 25.150353200628818], [121.53667899941911, 25.150291801060007], [121.53672059926191, 25.150260200157206], [121.53680110108218, 25.150192798746858], [121.53686930125681, 25.1501586994161]]}}, {"type": "Feature", "properties": {"id": "north-379810733-0", "osmWay": 379810733, "name": "", "kind": "residential", "width": 1.6}, "geometry": {"type": "LineString", "coordinates": [[121.53933030020133, 25.152837800206612], [121.53937910055362, 25.15300040014373], [121.53941100048526, 25.153053299443048], [121.53955420131571, 25.15342989955983], [121.53960320013167, 25.153626399514913], [121.53967870004762, 25.153670099546353], [121.53972319932038, 25.15379570029195], [121.53976959950285, 25.15395819916906], [121.54019909966138, 25.15412730063331], [121.5404924010353, 25.15424689953737], [121.54055620089856, 25.154262299959576], [121.54059770150954, 25.15427019948347], [121.54088760109236, 25.154326700449158], [121.54096710129137, 25.154347701280095], [121.54105880080321, 25.154374998710924], [121.54121750040477, 25.154626800947717], [121.54142210092864, 25.154800801015092], [121.54165350024802, 25.15483440066026], [121.54170600008689, 25.154856998800756], [121.54183910097787, 25.154938899514914], [121.54188920064692, 25.154968799240926], [121.54197830152526, 25.15503689964966], [121.5420589987082, 25.155157598984907], [121.54210769982868, 25.1552052993083], [121.54218620150742, 25.15525390075009]]}}, {"type": "Feature", "properties": {"id": "north-379810734-0", "osmWay": 379810734, "name": "", "kind": "footway", "width": 0.576}, "geometry": {"type": "LineString", "coordinates": [[121.54183910097787, 25.154938899514914], [121.54184810006426, 25.154906599613728], [121.54201619878049, 25.15471089971703], [121.54201430097179, 25.154627398886095], [121.5420366994559, 25.15454840083992], [121.5420639013807, 25.15450009977093], [121.54207090032554, 25.154464299263385]]}}, {"type": "Feature", "properties": {"id": "north-379810735-0", "osmWay": 379810735, "name": "湖山秘徑", "kind": "footway", "width": 0.576}, "geometry": {"type": "LineString", "coordinates": [[121.54218620150742, 25.15525390075009], [121.54222670049712, 25.155246001226196], [121.5422977008699, 25.155238301015093], [121.54235860130319, 25.15523090117679], [121.54240830094393, 25.155238898953467], [121.54245019848221, 25.15526139884118], [121.54248590023325, 25.15527049985627], [121.54257569883538, 25.155281299240926], [121.54265700071227, 25.15530870053899], [121.54271039983959, 25.155319600983653], [121.54275979868385, 25.15531510100611], [121.54289659906141, 25.1553153003189], [121.54302459881625, 25.155324300273985], [121.54303339943897, 25.155372000597378], [121.54305969897432, 25.155422499721524], [121.54295420003643, 25.155719001360943], [121.54295149907011, 25.155809800970175], [121.54293720038393, 25.15584530110492], [121.54292929904965, 25.15591970092077]]}}, {"type": "Feature", "properties": {"id": "north-379810738-0", "osmWay": 379810738, "name": "湖山路二段", "kind": "tertiary", "width": 2.56}, "geometry": {"type": "LineString", "coordinates": [[121.5393945000929, 25.154977700943228], [121.53931059958252, 25.154926300700684], [121.5392345011746, 25.154820299982035], [121.53921869850603, 25.15473910107348]]}}, {"type": "Feature", "properties": {"id": "north-379810740-0", "osmWay": 379810740, "name": "湖山路二段", "kind": "tertiary", "width": 2.56}, "geometry": {"type": "LineString", "coordinates": [[121.53921869850603, 25.15473910107348], [121.53927749956597, 25.15476759999551], [121.53929649935999, 25.154792300745598], [121.53936930141063, 25.15488959907474], [121.5393945000929, 25.154977700943228]]}}, {"type": "Feature", "properties": {"id": "north-379810741-0", "osmWay": 379810741, "name": "湖山路一段", "kind": "tertiary", "width": 2.56}, "geometry": {"type": "LineString", "coordinates": [[121.53921869850603, 25.15473910107348], [121.53910950008157, 25.15456019959576], [121.53908659923631, 25.154524898773804], [121.53906020046912, 25.154483598917537], [121.53905109904993, 25.154414499137623], [121.53903840047697, 25.153970699730507], [121.5390570994745, 25.153660400592887], [121.53905879881957, 25.153563001203736], [121.53908560071604, 25.1533063986166], [121.539149000551, 25.15313260066924], [121.53921009944796, 25.153016600624326], [121.53933030020133, 25.152837800206612], [121.53936789976106, 25.152782200359326], [121.539436499964, 25.15268089893101], [121.53958079854654, 25.152511600961194], [121.53975250061852, 25.152382901042042], [121.53997170062506, 25.1522680996811], [121.54018299929731, 25.152232599546352], [121.54103519913318, 25.151835501091448], [121.54114720085678, 25.151782001046534], [121.54138330128399, 25.151717698809737], [121.54180200067826, 25.151627800318902]]}}, {"type": "Feature", "properties": {"id": "north-379810742-0", "osmWay": 379810742, "name": "", "kind": "residential", "width": 1.6}, "geometry": {"type": "LineString", "coordinates": [[121.53929649935999, 25.154792300745598], [121.53937849896067, 25.15485279919601], [121.53951239990826, 25.154993199618218], [121.53961339930295, 25.155062498710922], [121.53984530098346, 25.155232899919152], [121.5399851000228, 25.155340200381783], [121.54008449930429, 25.1554406006917], [121.540180301432, 25.155483301351957], [121.54034689926684, 25.155510301217213]]}}, {"type": "Feature", "properties": {"id": "north-379810743-0", "osmWay": 379810743, "name": "", "kind": "residential", "width": 1.6}, "geometry": {"type": "LineString", "coordinates": [[121.54034689926684, 25.155510301217213], [121.54039430107056, 25.15536120121272], [121.54042340080406, 25.155296500350342], [121.54043729946194, 25.15524579910618], [121.5406195015017, 25.155238699640677], [121.54064510021226, 25.155268298993892], [121.54066040051971, 25.15529360048958], [121.54069599993792, 25.15531049996856], [121.54076940048051, 25.155327000821956], [121.54090300063163, 25.155341199752964], [121.54092459905915, 25.15535309956881], [121.54094709987609, 25.155392100309918], [121.54097059921331, 25.155416301374416], [121.54103060035817, 25.15541509988322]]}}, {"type": "Feature", "properties": {"id": "north-379810744-0", "osmWay": 379810744, "name": "", "kind": "pedestrian", "width": 0.96}, "geometry": {"type": "LineString", "coordinates": [[121.54064849890237, 25.15777049985627], [121.54067419994576, 25.157729098939992], [121.54067719860755, 25.157679200561446], [121.54069889936788, 25.157587000148222], [121.54073300100569, 25.157502699258895], [121.54078619856837, 25.15739640097467], [121.54092680076532, 25.157175899267877], [121.54103180044308, 25.157131800610852], [121.54107820062555, 25.15709939964966], [121.54112050129312, 25.15704410017517], [121.54112689864502, 25.156985799779914], [121.54111349924727, 25.156931901109413], [121.54109969982123, 25.156887401019585], [121.54106509892328, 25.1567531006917], [121.5410556998086, 25.156699300273985], [121.54103980100919, 25.156642701055517], [121.54100340153437, 25.15656130002695], [121.54097330017962, 25.156417000372798], [121.54098130074573, 25.156310101342974], [121.54095860146514, 25.156179500934243], [121.5409025013715, 25.156107899919153], [121.54076130068258, 25.155998698966943], [121.5406422007823, 25.155890800565935], [121.54057659924116, 25.155774898773807], [121.54056750092295, 25.155684899222962], [121.54054610095909, 25.155611900211102], [121.54046729848388, 25.15554330011678], [121.54038150016478, 25.155515500193136], [121.54034689926684, 25.155510301217213]]}}, {"type": "Feature", "properties": {"id": "north-379810745-0", "osmWay": 379810745, "name": "", "kind": "pedestrian", "width": 0.96}, "geometry": {"type": "LineString", "coordinates": [[121.54033860100525, 25.157762900705176], [121.54028719891846, 25.157773298657027], [121.5401450989411, 25.157802199011858], [121.54008539859272, 25.157799798836688], [121.54004270099783, 25.157788901199247], [121.53999279979244, 25.15775360037729], [121.53990620141676, 25.1576813986166], [121.53981879988345, 25.157680000619834], [121.53968319959081, 25.15774700059738], [121.53954460063638, 25.15785850066475], [121.53939579940963, 25.15802000017068], [121.53933239957468, 25.15803549884567], [121.53927229919799, 25.158017701055517], [121.5392484990643, 25.157954100624327]]}}, {"type": "Feature", "properties": {"id": "north-379810746-0", "osmWay": 379810746, "name": "", "kind": "service", "width": 1.28}, "geometry": {"type": "LineString", "coordinates": [[121.54033860100525, 25.157762900705176], [121.54038350030632, 25.157844700359323], [121.54045320136234, 25.157964400323394], [121.54048970006899, 25.158146701347466], [121.54055109976242, 25.15837970080848], [121.54057080038122, 25.158493101365433], [121.5406252011298, 25.158587901266618], [121.54062800132795, 25.15864850077704]]}}, {"type": "Feature", "properties": {"id": "north-379991400-0", "osmWay": 379991400, "name": "", "kind": "residential", "width": 1.6}, "geometry": {"type": "LineString", "coordinates": [[121.54429150086432, 25.151909401221705], [121.54429590117567, 25.15186389895347]]}}, {"type": "Feature", "properties": {"id": "north-379991401-0", "osmWay": 379991401, "name": "", "kind": "residential", "width": 1.6}, "geometry": {"type": "LineString", "coordinates": [[121.54624279862651, 25.151322899469996], [121.54614930053779, 25.15133159905228], [121.54605650017285, 25.151343299555336], [121.54562970098064, 25.151406400300935]]}}, {"type": "Feature", "properties": {"id": "north-379991404-0", "osmWay": 379991404, "name": "", "kind": "footway", "width": 0.576}, "geometry": {"type": "LineString", "coordinates": [[121.54212629959439, 25.15177129991466], [121.54187990076406, 25.1517378013295], [121.54170560005859, 25.151775999204993], [121.54165279942323, 25.151783000417716], [121.54123410002896, 25.151879201122888], [121.54100400002633, 25.151969899672117], [121.54083289954731, 25.152079799622708], [121.54054149908308, 25.15221740124416], [121.54046910016174, 25.152262600332374]]}}, {"type": "Feature", "properties": {"id": "north-379991405-0", "osmWay": 379991405, "name": "", "kind": "service", "width": 1.28}, "geometry": {"type": "LineString", "coordinates": [[121.54650660023863, 25.15177129991466], [121.54642260049643, 25.151824401333993], [121.54625839973043, 25.151906798926518], [121.5460476003183, 25.1517597987244], [121.54590089846494, 25.15154630103755]]}}, {"type": "Feature", "properties": {"id": "north-379991408-0", "osmWay": 379991408, "name": "", "kind": "footway", "width": 0.576}, "geometry": {"type": "LineString", "coordinates": [[121.54712450132516, 25.151461301149837], [121.54723280046119, 25.151647900031442], [121.54730369850114, 25.15171340095221], [121.54736219876459, 25.15172740057043], [121.54748089863656, 25.151806901109413], [121.5475533006589, 25.151908699416097]]}}, {"type": "Feature", "properties": {"id": "north-379991410-0", "osmWay": 379991410, "name": "", "kind": "service", "width": 1.28}, "geometry": {"type": "LineString", "coordinates": [[121.54785680120413, 25.152465200381783], [121.5479199002426, 25.152342401244162], [121.54809470020821, 25.152255899492456], [121.54814239970743, 25.152272498598634]]}}, {"type": "Feature", "properties": {"id": "north-379991411-0", "osmWay": 379991411, "name": "", "kind": "service", "width": 1.28}, "geometry": {"type": "LineString", "coordinates": [[121.54903219910302, 25.151952399447538], [121.5490910993948, 25.15198170123518], [121.5491301006041, 25.15200600055246], [121.54929640074346, 25.151990198697447], [121.5495224012312, 25.15180909916457], [121.54952980020435, 25.15172299884567], [121.54958809890317, 25.15166780043119], [121.54971220070777, 25.151673900525513], [121.54986310130785, 25.151784300161697], [121.54997769856395, 25.15191349976644], [121.55016079989214, 25.152047199348726], [121.55029049899203, 25.152273001091448], [121.55030869872944, 25.152383299667626], [121.55030490001104, 25.15242829944305], [121.5502870010701, 25.152464099950592]]}}, {"type": "Feature", "properties": {"id": "north-379991413-0", "osmWay": 379991413, "name": "", "kind": "service", "width": 1.28}, "geometry": {"type": "LineString", "coordinates": [[121.54978130017084, 25.153319800296444], [121.54974200126604, 25.15314149956432], [121.54972510084538, 25.15295209907474], [121.54974829938611, 25.152800801015093], [121.54977350116937, 25.15274349999102], [121.54984529849776, 25.152690800004493], [121.55002270019784, 25.152478801374418], [121.55012070093075, 25.15241079921847]]}}, {"type": "Feature", "properties": {"id": "north-379991415-0", "osmWay": 379991415, "name": "", "kind": "service", "width": 1.28}, "geometry": {"type": "LineString", "coordinates": [[121.54984529849776, 25.152690800004493], [121.54997189970402, 25.152614999384657], [121.5502870010701, 25.152464099950592]]}}, {"type": "Feature", "properties": {"id": "north-379991416-0", "osmWay": 379991416, "name": "", "kind": "service", "width": 1.28}, "geometry": {"type": "LineString", "coordinates": [[121.54972510084538, 25.15295209907474], [121.55004160076004, 25.152777298948976], [121.550358500703, 25.152609500035933]]}}, {"type": "Feature", "properties": {"id": "north-379991417-0", "osmWay": 379991417, "name": "", "kind": "service", "width": 1.28}, "geometry": {"type": "LineString", "coordinates": [[121.54974200126604, 25.15314149956432], [121.55014620040949, 25.152936799712542], [121.55023620057628, 25.15288909938915]]}}, {"type": "Feature", "properties": {"id": "north-379991418-0", "osmWay": 379991418, "name": "", "kind": "service", "width": 1.28}, "geometry": {"type": "LineString", "coordinates": [[121.54997189970402, 25.152614999384657], [121.55004160076004, 25.152777298948976], [121.55014620040949, 25.152936799712542]]}}, {"type": "Feature", "properties": {"id": "north-379991420-0", "osmWay": 379991420, "name": "", "kind": "service", "width": 1.28}, "geometry": {"type": "LineString", "coordinates": [[121.54977350116937, 25.15274349999102], [121.54970570102304, 25.152646900660258], [121.54968350100258, 25.152491400188644], [121.54966900075175, 25.15228929982483], [121.54960949886703, 25.152136000215595]]}}, {"type": "Feature", "properties": {"id": "north-379991426-0", "osmWay": 379991426, "name": "", "kind": "service", "width": 1.28}, "geometry": {"type": "LineString", "coordinates": [[121.54707309923837, 25.15233349954186], [121.54704489879332, 25.152429801307044], [121.54703570124329, 25.152493300678227], [121.54705200007099, 25.152572399784404], [121.54711090036277, 25.152634899784406], [121.54714750140224, 25.152699300273984], [121.54714950154377, 25.152778500440174], [121.54712719919048, 25.152868601051026]]}}, {"type": "Feature", "properties": {"id": "north-379991427-0", "osmWay": 379991427, "name": "", "kind": "service", "width": 1.28}, "geometry": {"type": "LineString", "coordinates": [[121.54658429875977, 25.15224529942059], [121.5464803999351, 25.152348899964068], [121.54646229942952, 25.15238130092526], [121.54646149937291, 25.1525267010106], [121.54674779870099, 25.15258340128908]]}}, {"type": "Feature", "properties": {"id": "north-379991428-0", "osmWay": 379991428, "name": "", "kind": "service", "width": 1.28}, "geometry": {"type": "LineString", "coordinates": [[121.54527989948478, 25.15238050086687], [121.54532069927096, 25.152366798814228], [121.54536829953835, 25.15237159916457], [121.54543590122101, 25.152396198854653], [121.54549509920827, 25.152421000664752], [121.54551920013843, 25.152474500709666], [121.54548469847232, 25.152511300588394], [121.54532810134512, 25.152656599613728]]}}, {"type": "Feature", "properties": {"id": "north-379991429-0", "osmWay": 379991429, "name": "新園街12巷", "kind": "footway", "width": 0.576}, "geometry": {"type": "LineString", "coordinates": [[121.55268050066478, 25.150978298881604], [121.55276490043529, 25.150958999227452], [121.55286589982998, 25.150926500013476], [121.55288720056201, 25.150909300161697], [121.55295159891723, 25.150884400098814], [121.5530381011621, 25.150806901109416], [121.5530633990762, 25.150797398661517]]}}, {"type": "Feature", "properties": {"id": "north-379991431-0", "osmWay": 379991431, "name": "新園街51巷", "kind": "residential", "width": 1.6}, "geometry": {"type": "LineString", "coordinates": [[121.55365229966105, 25.151728801374418], [121.55346499958614, 25.151738898953468], [121.55320879851182, 25.151804399874237]]}}, {"type": "Feature", "properties": {"id": "north-379991432-0", "osmWay": 379991432, "name": "新園街39巷", "kind": "footway", "width": 0.576}, "geometry": {"type": "LineString", "coordinates": [[121.55321589978949, 25.15147519970805], [121.55316120134543, 25.15165519880974], [121.5530502012431, 25.15164950014822], [121.55291260080892, 25.151600898706434], [121.55273669999023, 25.15145609936669]]}}, {"type": "Feature", "properties": {"id": "north-379991433-0", "osmWay": 379991433, "name": "新園街55巷5弄", "kind": "path", "width": 0.512}, "geometry": {"type": "LineString", "coordinates": [[121.5529405004575, 25.151880298746857], [121.5530471994803, 25.151925899267876], [121.55315920120391, 25.15197379890406], [121.55325040145561, 25.15199499904779], [121.55345249947683, 25.152010699842794], [121.55360909970503, 25.152042999743983], [121.55355280114775, 25.152151100265]]}}, {"type": "Feature", "properties": {"id": "north-379991434-0", "osmWay": 379991434, "name": "新園街55巷", "kind": "footway", "width": 0.576}, "geometry": {"type": "LineString", "coordinates": [[121.55374500079415, 25.151792601118398], [121.55365469983089, 25.15196470069619], [121.553636199297, 25.15201429870194], [121.55360909970503, 25.152042999743983]]}}, {"type": "Feature", "properties": {"id": "north-379991436-0", "osmWay": 379991436, "name": "新園街55巷4弄", "kind": "footway", "width": 0.576}, "geometry": {"type": "LineString", "coordinates": [[121.55408589933447, 25.15224639985178], [121.553636199297, 25.15201429870194]]}}, {"type": "Feature", "properties": {"id": "north-379991437-0", "osmWay": 379991437, "name": "新園街75巷", "kind": "residential", "width": 1.6}, "geometry": {"type": "LineString", "coordinates": [[121.55421029883455, 25.152008198607618], [121.55408589933447, 25.15224639985178], [121.5540837999611, 25.152282099299317], [121.55427029997941, 25.152422999407115], [121.55440990055511, 25.15226569950593]]}}, {"type": "Feature", "properties": {"id": "north-379991438-0", "osmWay": 379991438, "name": "新園街75巷", "kind": "path", "width": 0.512}, "geometry": {"type": "LineString", "coordinates": [[121.55427029997941, 25.152422999407115], [121.55463039987839, 25.152714299263383]]}}, {"type": "Feature", "properties": {"id": "north-379991439-0", "osmWay": 379991439, "name": "", "kind": "service", "width": 1.28}, "geometry": {"type": "LineString", "coordinates": [[121.55584389969816, 25.154560901401364], [121.55577910131463, 25.154603200628816], [121.55577100151669, 25.154630599119656], [121.55566770118398, 25.154703199505928], [121.55567409853587, 25.154739901131872]]}}, {"type": "Feature", "properties": {"id": "north-379991440-0", "osmWay": 379991440, "name": "", "kind": "path", "width": 0.512}, "geometry": {"type": "LineString", "coordinates": [[121.55550750070104, 25.15435560080399], [121.55576289861774, 25.154322200471615]]}}, {"type": "Feature", "properties": {"id": "north-379991441-0", "osmWay": 379991441, "name": "", "kind": "footway", "width": 0.576}, "geometry": {"type": "LineString", "coordinates": [[121.5530633990762, 25.150797398661517], [121.55313029993407, 25.150756800610854]]}}, {"type": "Feature", "properties": {"id": "north-379991442-0", "osmWay": 379991442, "name": "新園街11巷", "kind": "footway", "width": 0.576}, "geometry": {"type": "LineString", "coordinates": [[121.55258810032815, 25.150858200291953], [121.55250210044441, 25.1509080986705], [121.55247380076754, 25.150916301374416], [121.5524112009892, 25.15090729861211], [121.5522679009269, 25.150882901042042]]}}, {"type": "Feature", "properties": {"id": "north-379991444-0", "osmWay": 379991444, "name": "陽明路一段56巷", "kind": "residential", "width": 1.6}, "geometry": {"type": "LineString", "coordinates": [[121.54996839868109, 25.150177900817464], [121.55013770058324, 25.150116400188647], [121.55056150111366, 25.149917398998383]]}}, {"type": "Feature", "properties": {"id": "north-379991447-0", "osmWay": 379991447, "name": "陽明路一段48巷", "kind": "footway", "width": 0.576}, "geometry": {"type": "LineString", "coordinates": [[121.5498605988052, 25.149978001316025], [121.5501185984564, 25.149845200044915], [121.55010599911526, 25.149816198630077], [121.55052410001758, 25.149591601185772]]}}, {"type": "Feature", "properties": {"id": "north-380665339-0", "osmWay": 380665339, "name": "", "kind": "residential", "width": 1.6}, "geometry": {"type": "LineString", "coordinates": [[121.54811840111007, 25.150181800049406], [121.54829619973748, 25.150258100354833], [121.54835519926107, 25.150280799555336], [121.54850970011591, 25.150365299757457], [121.54875119937475, 25.150486100152712]]}}, {"type": "Feature", "properties": {"id": "north-380665340-0", "osmWay": 380665340, "name": "紗帽橋", "kind": "residential", "width": 1.6}, "geometry": {"type": "LineString", "coordinates": [[121.54800439924495, 25.15012970080848], [121.54811840111007, 25.150181800049406]]}}, {"type": "Feature", "properties": {"id": "north-381708676-0", "osmWay": 381708676, "name": "", "kind": "service", "width": 1.28}, "geometry": {"type": "LineString", "coordinates": [[121.54479250065575, 25.154396799600253], [121.54546069987497, 25.154081599052283]]}}, {"type": "Feature", "properties": {"id": "north-381708677-0", "osmWay": 381708677, "name": "", "kind": "service", "width": 1.28}, "geometry": {"type": "LineString", "coordinates": [[121.54508390111997, 25.1546437004267], [121.54560510079034, 25.15440919910169]]}}, {"type": "Feature", "properties": {"id": "north-381708678-0", "osmWay": 381708678, "name": "", "kind": "service", "width": 1.28}, "geometry": {"type": "LineString", "coordinates": [[121.54533599957841, 25.154907801104923], [121.54537100050466, 25.154888299330757], [121.54540720151583, 25.154813599142113], [121.5456298994443, 25.154715298634567], [121.54568279931148, 25.15475410006288], [121.54574299891999, 25.154734999721523]]}}, {"type": "Feature", "properties": {"id": "north-381708679-0", "osmWay": 381708679, "name": "", "kind": "service", "width": 1.28}, "geometry": {"type": "LineString", "coordinates": [[121.54537100050466, 25.154888299330757], [121.54546559944647, 25.154904699124145], [121.5456714992871, 25.154813801262126], [121.54568279931148, 25.15475410006288]]}}, {"type": "Feature", "properties": {"id": "north-381708680-0", "osmWay": 381708680, "name": "", "kind": "service", "width": 1.28}, "geometry": {"type": "LineString", "coordinates": [[121.54559269991286, 25.155158300790514], [121.54561690007486, 25.15514709997305], [121.54582609937376, 25.155049700583902], [121.54587000015457, 25.155029300498562]]}}, {"type": "Feature", "properties": {"id": "north-381708681-0", "osmWay": 381708681, "name": "", "kind": "service", "width": 1.28}, "geometry": {"type": "LineString", "coordinates": [[121.54562509910463, 25.155188599142114], [121.5458868013434, 25.1550653003189]]}}, {"type": "Feature", "properties": {"id": "north-381708696-0", "osmWay": 381708696, "name": "", "kind": "track", "width": 0.96}, "geometry": {"type": "LineString", "coordinates": [[121.54714520046423, 25.15717749938466], [121.54735209882513, 25.15744220080848], [121.54740280008713, 25.157481799487964], [121.54749630127684, 25.15756770049407], [121.54750979990641, 25.157578901311535], [121.54774050150199, 25.15774499904779], [121.54769620069288, 25.15782759876033], [121.54768579995692, 25.157877499946103], [121.54770030020777, 25.157923499092707], [121.54777130058054, 25.1579878013295], [121.54788400002792, 25.158064300947718], [121.54810800037413, 25.158174798836686], [121.54825949946618, 25.15819300086687], [121.54835069971789, 25.1582438986166], [121.54842450028879, 25.15826459907474], [121.54848079884607, 25.158252398886095], [121.5486538002348, 25.158103099568812], [121.54885360041901, 25.157997500282967], [121.54895339972879, 25.157964299263384], [121.54897030014946, 25.157958698854653], [121.54900159848813, 25.15794380092526], [121.5490547991518, 25.15791860048958], [121.54917949944836, 25.15783730052102], [121.54927199901681, 25.157709799285843], [121.54932030010897, 25.15761519869745], [121.5493967985452, 25.15757869919152], [121.5495174985587, 25.157549599523897], [121.5495765011833, 25.15752290003144], [121.5497267009586, 25.157399098715416], [121.54981649956073, 25.157159900907295], [121.54984199903947, 25.157112599209487], [121.54999320043605, 25.157054599187028], [121.5500222009377, 25.1570566989894], [121.55003760047698, 25.15705779942059]]}}, {"type": "Feature", "properties": {"id": "north-381708698-0", "osmWay": 381708698, "name": "", "kind": "track", "width": 0.96}, "geometry": {"type": "LineString", "coordinates": [[121.54663440152981, 25.158912800768057], [121.54649579947439, 25.158891900997126], [121.54645859994295, 25.15887429971254], [121.54641090044373, 25.158739699011857], [121.54633479893482, 25.15862920112289], [121.54601979990156, 25.15846900136094], [121.54584810093057, 25.158311999025333], [121.54578259862126, 25.15828639996407], [121.54561810015977, 25.158267201369924], [121.54533780125628, 25.15813210098365], [121.54529249882592, 25.158110199034315], [121.54511170153671, 25.158053900188644], [121.54495419891909, 25.15807309878279], [121.54484629981137, 25.158149999833814], [121.54477899892518, 25.158254100062884], [121.54467820109512, 25.158327800880347], [121.5443840996646, 25.15815620098814], [121.54426370044757, 25.15809539935771], [121.54412930023985, 25.158092199124148], [121.5440386984801, 25.15814099987873], [121.54399200060215, 25.15820339881872]]}}, {"type": "Feature", "properties": {"id": "north-381708699-0", "osmWay": 381708699, "name": "", "kind": "residential", "width": 1.6}, "geometry": {"type": "LineString", "coordinates": [[121.54519980079381, 25.160622300970175], [121.54516319975433, 25.16054950127111], [121.54510309937764, 25.16052530020661], [121.54477659875535, 25.160551699326266], [121.54467330152363, 25.160531899986527], [121.54456179906016, 25.160472600220086], [121.5444801994878, 25.160393501113905], [121.54437979858506, 25.16005539924542], [121.54428609893169, 25.159948199842795], [121.54422339992152, 25.159920700291952], [121.5441030007045, 25.159911501024077], [121.54401580073583, 25.159995400480597], [121.54393639976865, 25.160094700359323], [121.54390139884241, 25.16017080135196]]}}, {"type": "Feature", "properties": {"id": "north-381708700-0", "osmWay": 381708700, "name": "", "kind": "residential", "width": 1.6}, "geometry": {"type": "LineString", "coordinates": [[121.5444801994878, 25.160393501113905], [121.54398529935278, 25.160361400525513], [121.54391219960665, 25.160382698922028], [121.54390489986532, 25.160463998890584]]}}, {"type": "Feature", "properties": {"id": "north-381708701-0", "osmWay": 381708701, "name": "", "kind": "unclassified", "width": 1.6}, "geometry": {"type": "LineString", "coordinates": [[121.54414940088695, 25.161849301396874], [121.5440212987993, 25.16187570051653], [121.54395030152753, 25.161894301172296], [121.54377720090697, 25.16193950026051], [121.5436048011112, 25.16190120132501], [121.54352040134069, 25.161852100197628], [121.54338560110466, 25.161652899694573], [121.54338419945509, 25.161589798948977], [121.54338290013834, 25.161467199124147], [121.5432957001697, 25.161120100107798], [121.5432367006461, 25.161003600377292], [121.54322060028204, 25.16093679971254], [121.54305959974249, 25.16082759876033], [121.54314959990928, 25.160679399874237], [121.54318300072231, 25.160561999025333], [121.54319779866861, 25.160424798836686], [121.54318170140556, 25.160392100309917], [121.54317359850663, 25.1603143992005], [121.54320049963493, 25.160273099344234], [121.54327289855627, 25.160249998710924], [121.54325680129321, 25.160217300184154], [121.54314950067744, 25.160171098917534]]}}, {"type": "Feature", "properties": {"id": "north-381708702-0", "osmWay": 381708702, "name": "", "kind": "service", "width": 1.28}, "geometry": {"type": "LineString", "coordinates": [[121.54438970006088, 25.162569699236435], [121.54442630110034, 25.162511000215595], [121.54445039892953, 25.162472299847288], [121.54437399972512, 25.162347900592884], [121.54435179970466, 25.16226439976195], [121.54438059864167, 25.162225000395257], [121.54443230152494, 25.162203101253144]]}}, {"type": "Feature", "properties": {"id": "north-381708704-0", "osmWay": 381708704, "name": "", "kind": "service", "width": 1.28}, "geometry": {"type": "LineString", "coordinates": [[121.54116950010908, 25.16281130002695], [121.54106019935179, 25.16296870098814]]}}, {"type": "Feature", "properties": {"id": "north-381708707-0", "osmWay": 381708707, "name": "", "kind": "service", "width": 1.28}, "geometry": {"type": "LineString", "coordinates": [[121.54421089981221, 25.16424609947898], [121.54428079933189, 25.16426299895796], [121.5443323006505, 25.164241501248654], [121.5443690009218, 25.1641437004267], [121.54437950088958, 25.164024399088216], [121.54439749906234, 25.16394750084441], [121.54441950061916, 25.163872800655767], [121.54444120137948, 25.16382529964517], [121.5444780008826, 25.163808501226196], [121.54451960072541, 25.163823800588393], [121.5445649992866, 25.163884299038806], [121.5445989985916, 25.163933400166187], [121.54446649929358, 25.163979598625584]]}}, {"type": "Feature", "properties": {"id": "north-381708708-0", "osmWay": 381708708, "name": "", "kind": "service", "width": 1.28}, "geometry": {"type": "LineString", "coordinates": [[121.5436675993532, 25.165114499699065], [121.54370709982264, 25.165118800363818], [121.54379079876837, 25.165075400705174]]}}, {"type": "Feature", "properties": {"id": "north-381708709-0", "osmWay": 381708709, "name": "", "kind": "unclassified", "width": 1.6}, "geometry": {"type": "LineString", "coordinates": [[121.54207440134847, 25.164186100714158], [121.5418804000242, 25.164106299802373], [121.5418327997568, 25.164076599389148], [121.54157569939404, 25.163916500687208], [121.54150629913451, 25.16389089881872], [121.54145459935224, 25.163887799645167], [121.54137480145775, 25.163908500103307], [121.54128219955648, 25.163949698899568], [121.54122720031593, 25.163981299802373], [121.5412025008938, 25.164036501024075], [121.54118969998802, 25.164144598737874], [121.5411783007318, 25.164171898975926], [121.54114680082847, 25.164225300768056], [121.54103220047139, 25.16433760089382], [121.54101270141723, 25.164380099434066], [121.54100260147776, 25.164424400211104], [121.54093560138806, 25.164550500642292], [121.540943701186, 25.164633799353215], [121.54093469899861, 25.164659900907296]]}}, {"type": "Feature", "properties": {"id": "north-381962279-0", "osmWay": 381962279, "name": "陽峰古道", "kind": "footway", "width": 0.576}, "geometry": {"type": "LineString", "coordinates": [[121.53300000111163, 25.153236510007186], [121.53302289885589, 25.153251598827705], [121.53304509887636, 25.15327480052102], [121.53306100077677, 25.153293199056773], [121.53308579943072, 25.15332659938915], [121.5331318988167, 25.153420700291953], [121.53313050026813, 25.153452399447538], [121.53313890086255, 25.153478801374415], [121.53316899911631, 25.15353449947449], [121.53319799961798, 25.153566799375675], [121.53326280110251, 25.153601100826446], [121.53334560075979, 25.15363319860762], [121.53339640125361, 25.153654300498562], [121.53340869979827, 25.1537139006378], [121.53343289996027, 25.153736799151098], [121.53348530056732, 25.153805601365434], [121.53357419988102, 25.153928100130255], [121.53361579972382, 25.15401969979788], [121.53365499939677, 25.154057701167805], [121.53368409913027, 25.154109398975926], [121.5337042990092, 25.15417849875584], [121.53371180031519, 25.154217199124147], [121.53372070016974, 25.154269301172295], [121.5337352996524, 25.15434539935771], [121.53376079913114, 25.15435720092077], [121.53379440150881, 25.154370100107798], [121.53385129855806, 25.154379498688467], [121.53388669951262, 25.154397299285844], [121.5338967994521, 25.15443790014373], [121.53390649936325, 25.15446710087136], [121.53390459845356, 25.15450050120374], [121.53384229947169, 25.154619300049408], [121.53381939862643, 25.154633998666007], [121.53380330136338, 25.154679500934243], [121.53381449905494, 25.15470380025153], [121.53384269949998, 25.154735999092708], [121.53390119976345, 25.154777798634566], [121.53392679847403, 25.154812700830938], [121.53394230034611, 25.1549083990433], [121.53393479904014, 25.15495449924991], [121.53391880100891, 25.15506670112289], [121.53393069952526, 25.15510249882321], [121.53402479920693, 25.155202500507546], [121.53409379943817, 25.155256800610854], [121.53412510087783, 25.155320499294827], [121.53411830039664, 25.15537570051653], [121.5341004014557, 25.155405600242545], [121.5340836994987, 25.155467900929754], [121.53406749990282, 25.155519699797882], [121.53403739854805, 25.155638799016348], [121.53403739854805, 25.155702800880345], [121.5340541997369, 25.15573809889508], [121.53407980154846, 25.155736400525512], [121.5341163002551, 25.15566940054797], [121.53418600131113, 25.155570998980416], [121.5342184005029, 25.155529199438554], [121.53428029945646, 25.155502199573302], [121.53433369858378, 25.15551470013475], [121.53437999953441, 25.155536200651277], [121.53443009920346, 25.155590200381784], [121.53445179996379, 25.15562700026051], [121.53447859875928, 25.155649999833813], [121.53457490014713, 25.155687498710925], [121.53462699995771, 25.155718700988142], [121.53466080079903, 25.155740499070248], [121.53469520013233, 25.155750200830937], [121.53475589900098, 25.155801300700684], [121.5347957002669, 25.155816998688465], [121.53490719962937, 25.155870299420588], [121.53500190090399, 25.155923799465505], [121.53502930129244, 25.155962800206613], [121.5351404006266, 25.156057900480597], [121.5351714012698, 25.156172699034315], [121.53518810012582, 25.156243601051024], [121.53524300013453, 25.156383600040424], [121.53524650115746, 25.15642210109594], [121.53528410071719, 25.15649529942059], [121.53530009874842, 25.156548198719907], [121.53535160006703, 25.156605999429573], [121.53537389931934, 25.156650698832195], [121.53535960063316, 25.156700799330757], [121.53536110151454, 25.156760800902802], [121.53536200080299, 25.156808099793388], [121.53537370085567, 25.156862801329503], [121.53539279988152, 25.156928400503055], [121.53544840071503, 25.157001899200502], [121.53546340022599, 25.157017498935502], [121.53557310101158, 25.157154699124145], [121.53561110059962, 25.157267701055517], [121.5356370993385, 25.157300099209486], [121.53568469960588, 25.157317400121272], [121.53574470075074, 25.15740040126662], [121.53576940017287, 25.157443598805248], [121.53575810014848, 25.157459498913045]]}}, {"type": "Feature", "properties": {"id": "north-384031695-0", "osmWay": 384031695, "name": "", "kind": "unclassified", "width": 1.6}, "geometry": {"type": "LineString", "coordinates": [[121.53793670081615, 25.15876679993712], [121.53771070032842, 25.158636199528388], [121.53755110143842, 25.158504498688465], [121.5373296997257, 25.15839880114984], [121.53713670002269, 25.15831629969008], [121.53699580013024, 25.158229301060008], [121.53682020010802, 25.158216199752964], [121.53664709948748, 25.15817879912864], [121.53649230093716, 25.158172499721523], [121.53630309995255, 25.158189399200502], [121.53615699969212, 25.15816220002246], [121.53608029969125, 25.15811969867499], [121.53600649912035, 25.157990400817464], [121.53594749959674, 25.15796009965864], [121.53589120103946, 25.15785820029195], [121.53587870093017, 25.157717900929754], [121.53583039983799, 25.157670001293567], [121.53579640053302, 25.157606998800755], [121.53575810014848, 25.157459498913045]]}}, {"type": "Feature", "properties": {"id": "north-399421215-0", "osmWay": 399421215, "name": "", "kind": "footway", "width": 0.576}, "geometry": {"type": "LineString", "coordinates": [[121.53913229859398, 25.158110999092706], [121.53919509993699, 25.158308501226195], [121.5392253997554, 25.158417098625584], [121.53920239967832, 25.15848170123518], [121.53918930107706, 25.1585184000539], [121.53917899957293, 25.15859050075458], [121.53919429988038, 25.158695600354832], [121.53922299958556, 25.158772798971434], [121.53932759923501, 25.158825100332376], [121.53936019999144, 25.158844798612108]]}}, {"type": "Feature", "properties": {"id": "north-399421221-0", "osmWay": 399421221, "name": "", "kind": "residential", "width": 1.6}, "geometry": {"type": "LineString", "coordinates": [[121.5368461988469, 25.150850898706434], [121.5369158006711, 25.150811100714158], [121.53701809938255, 25.150787500395257], [121.53730010073208, 25.150807600107797], [121.53742899977536, 25.15085679948796], [121.53751690056879, 25.150874400772548], [121.53757919955066, 25.15087139985178], [121.53769980033233, 25.150877300633308]]}}, {"type": "Feature", "properties": {"id": "north-407209896-0", "osmWay": 407209896, "name": "竹子湖路", "kind": "primary", "width": 3.84}, "geometry": {"type": "LineString", "coordinates": [[121.54479160136731, 25.163198500215596], [121.54476649881587, 25.16330409950144], [121.54473790144351, 25.163408300790515], [121.54464840053686, 25.16352019948347], [121.54458229973558, 25.16357099898042], [121.54445349992413, 25.163651100265003], [121.54435829938937, 25.16371180083543], [121.54430219929574, 25.1637926011184], [121.54427519893561, 25.164004900121274], [121.54423490151055, 25.164139001136363], [121.54421089981221, 25.16424609947898], [121.54414509980742, 25.16433810057941], [121.54395459950607, 25.164585700404242], [121.54382050009481, 25.164784799847286], [121.5436675993532, 25.165114499699065], [121.5434306306475, 25.165499998710924]]}}, {"type": "Feature", "properties": {"id": "north-408847989-0", "osmWay": 408847989, "name": "", "kind": "path", "width": 0.512}, "geometry": {"type": "LineString", "coordinates": [[121.55600000066622, 25.161244249519402], [121.55593929869657, 25.161211301149837], [121.55589260081862, 25.16112669988771], [121.5559011998767, 25.16106099965415], [121.55578370008965, 25.161076501136364], [121.55572009869003, 25.161005298746858], [121.55568470083648, 25.16091559956881], [121.55555020139693, 25.1608066989894], [121.55540869991152, 25.16076190133399], [121.55533079982573, 25.160608099231943], [121.55537329895697, 25.160319800296442], [121.55533079982573, 25.16006990135645], [121.555198700556, 25.159879498688465], [121.5549747002098, 25.159718400615343], [121.55468699923216, 25.159532099299316], [121.55438859982308, 25.159526599950592], [121.55409370143693, 25.159547499721523], [121.55373469929003, 25.159458401289076], [121.55338490089517, 25.159564399200505], [121.55305340146954, 25.15973860138789], [121.5528270009535, 25.159827000821956], [121.55251370126528, 25.160143200741107], [121.55226230053063, 25.160173600152714], [121.55208380107845, 25.160365299757455], [121.55182979860932, 25.160445499294827], [121.55141650114766, 25.160742699932626], [121.55134230054846, 25.161134899784404], [121.5511832009186, 25.161439699573304], [121.55107950055759, 25.161404398751348], [121.55083410024751, 25.161407500732125], [121.55058119863148, 25.161479399312793], [121.5506237008637, 25.16174209918703], [121.55061979981248, 25.161948300902804], [121.55052920115372, 25.162150600579412]]}}, {"type": "Feature", "properties": {"id": "north-408847990-0", "osmWay": 408847990, "name": "", "kind": "path", "width": 0.512}, "geometry": {"type": "LineString", "coordinates": [[121.55600000066622, 25.161097588991197], [121.5559011998767, 25.16106099965415]]}}, {"type": "Feature", "properties": {"id": "north-408847991-0", "osmWay": 408847991, "name": "", "kind": "path", "width": 0.512}, "geometry": {"type": "LineString", "coordinates": [[121.5559011998767, 25.16106099965415], [121.55590590098454, 25.16097329921847], [121.55594310051598, 25.160893200741107], [121.55600000066622, 25.16082958908103]]}}, {"type": "Feature", "properties": {"id": "north-408847993-0", "osmWay": 408847993, "name": "", "kind": "path", "width": 0.512}, "geometry": {"type": "LineString", "coordinates": [[121.55468699923216, 25.159532099299316], [121.55481169952871, 25.159409199101688], [121.55488639938807, 25.159307701167805], [121.55513389907148, 25.1591048007456], [121.55530669889556, 25.158990701190262], [121.55547480071279, 25.158800500642293], [121.55565229854372, 25.158703300565936], [121.55577840048984, 25.158597600220087], [121.55579240148055, 25.158449600646783], [121.55589980132812, 25.15828899945203], [121.55600000066622, 25.158266342359862]]}}, {"type": "Feature", "properties": {"id": "north-408851832-0", "osmWay": 408851832, "name": "猴崁圳古道", "kind": "path", "width": 0.512}, "geometry": {"type": "LineString", "coordinates": [[121.5340565595938, 25.165499998710924], [121.53409200086129, 25.16540650136094], [121.53420460107685, 25.16527540126662], [121.53449970102766, 25.16517829944305], [121.53475179948609, 25.165154000125764], [121.53492880115788, 25.165066600062882], [121.53502000140958, 25.164959799285842], [121.53507849857205, 25.16485640086238], [121.53514049985844, 25.164780998868128]]}}, {"type": "Feature", "properties": {"id": "north-409632178-0", "osmWay": 409632178, "name": "", "kind": "footway", "width": 0.576}, "geometry": {"type": "LineString", "coordinates": [[121.53662569952363, 25.161388599703557], [121.53655360139877, 25.161303599815845], [121.53652670027044, 25.16127209997305], [121.53649779900061, 25.161192299061266], [121.53642429922618, 25.160968400615342], [121.5364057986923, 25.1609083990433], [121.53639209849807, 25.160864101073482], [121.53639700117057, 25.16083810057941], [121.53645680075077, 25.160762900705176], [121.53652670027044, 25.16068249904779], [121.53666619851333, 25.160531798926517], [121.5367678987328, 25.16044540104204], [121.53686679875415, 25.16040919910169], [121.53690600152811, 25.16039900046263], [121.5369418986418, 25.160442899806863]]}}, {"type": "Feature", "properties": {"id": "north-411548368-0", "osmWay": 411548368, "name": "猴坎湖田國小步道", "kind": "footway", "width": 0.576}, "geometry": {"type": "LineString", "coordinates": [[121.53531120030915, 25.164770300543477], [121.53531939933893, 25.164773298657025], [121.53535769972345, 25.16478739933525], [121.53537709954578, 25.164760099097197], [121.5354694998824, 25.164753600377292], [121.53549110141091, 25.164734000350343], [121.53562909877239, 25.16470269982034], [121.535781999514, 25.16470209907474], [121.53593080074073, 25.164757698922028], [121.53621999949878, 25.164893599366692], [121.53638359867183, 25.164946400413225], [121.53650370019336, 25.165035100220088], [121.53661230012588, 25.165076400076355]]}}, {"type": "Feature", "properties": {"id": "north-413229619-0", "osmWay": 413229619, "name": "", "kind": "steps", "width": 0.48}, "geometry": {"type": "LineString", "coordinates": [[121.54390449673603, 25.165499998710924], [121.5438946014622, 25.16545959997305], [121.54386059905622, 25.165448699528387], [121.5438220009762, 25.16542210109594], [121.54377909871567, 25.165394899110673], [121.5437644000012, 25.165365299757458], [121.54374580023547, 25.1652830986705], [121.54370709982264, 25.165118800363818]]}}, {"type": "Feature", "properties": {"id": "north-413230655-0", "osmWay": 413230655, "name": "", "kind": "steps", "width": 0.48}, "geometry": {"type": "LineString", "coordinates": [[121.53585410073985, 25.16133810057941], [121.5358618005095, 25.16139019982034], [121.53594420013847, 25.16141159927686], [121.53599410134386, 25.161472400907293], [121.5360362004468, 25.16154020094323], [121.53607919883817, 25.161572700157205], [121.53608620088401, 25.161587398773804], [121.53608559929106, 25.161609898661517], [121.53610190121977, 25.16164649922745], [121.53614880066236, 25.161668199056773], [121.53617100068283, 25.161690199258892]]}}, {"type": "Feature", "properties": {"id": "north-413230806-0", "osmWay": 413230806, "name": "", "kind": "footway", "width": 0.576}, "geometry": {"type": "LineString", "coordinates": [[121.53960649958994, 25.158095699730506], [121.53957560127957, 25.158279499811353], [121.53953620004195, 25.158476300139238], [121.53950910044999, 25.15859719878728], [121.53949879894587, 25.158642900368307], [121.53950369851736, 25.158758198607618], [121.53950599945537, 25.158813099456523], [121.53950729877211, 25.158868601051026], [121.53947049926899, 25.15890919910169]]}}, {"type": "Feature", "properties": {"id": "north-413232349-0", "osmWay": 413232349, "name": "", "kind": "track", "width": 0.96}, "geometry": {"type": "LineString", "coordinates": [[121.54091680005769, 25.164690199258892], [121.54087430092645, 25.164684800970175], [121.54084619971323, 25.16466780043119], [121.54083139866592, 25.16464720103306], [121.5407064999057, 25.164583698854653], [121.54060350036947, 25.164537899020843], [121.54055130132707, 25.164566299690083], [121.54043359997536, 25.164613800700682]]}}, {"type": "Feature", "properties": {"id": "north-413232749-0", "osmWay": 413232749, "name": "", "kind": "path", "width": 0.512}, "geometry": {"type": "LineString", "coordinates": [[121.55600000066622, 25.150367023392022], [121.5559431997478, 25.15041589994161]]}}, {"type": "Feature", "properties": {"id": "north-420425544-0", "osmWay": 420425544, "name": "", "kind": "unclassified", "width": 1.6}, "geometry": {"type": "LineString", "coordinates": [[121.5359366988325, 25.163928900188644], [121.53589949930107, 25.163908000417717], [121.53586130124937, 25.16388929870194], [121.53579819910989, 25.1638927993083], [121.53575080040716, 25.163936401086957], [121.53564340055956, 25.16400009977093], [121.53550879878719, 25.164015601253144], [121.53543689912598, 25.164052300071866], [121.53526279998516, 25.16413290104204], [121.53515179988283, 25.164123101028565]]}}, {"type": "Feature", "properties": {"id": "north-420425545-0", "osmWay": 420425545, "name": "", "kind": "unclassified", "width": 1.6}, "geometry": {"type": "LineString", "coordinates": [[121.53592899906286, 25.163999499025334], [121.53600769920527, 25.163940499631693], [121.53606880120321, 25.163875798769315], [121.53615709892395, 25.163739901131873], [121.5363274985782, 25.16357709907474], [121.53644800012805, 25.16343489922296], [121.53647929846673, 25.16336789924542], [121.53641160065322, 25.16329920089831], [121.53634039871581, 25.163279199438556], [121.53624850074031, 25.16329040025602]]}}, {"type": "Feature", "properties": {"id": "north-421201234-0", "osmWay": 421201234, "name": "環七星山人車分道陽金公路段", "kind": "footway", "width": 0.576}, "geometry": {"type": "LineString", "coordinates": [[121.54665020109739, 25.15677019948347], [121.5466756013443, 25.156846000103307], [121.54668020011933, 25.15695380025153], [121.54668359880942, 25.156963499204995], [121.54671650036231, 25.157025999204993], [121.5467969990816, 25.157171098917534], [121.54683849969257, 25.15724689953737], [121.54689290044114, 25.157426000327884], [121.54693840133517, 25.157596499788898], [121.54694479868706, 25.15767020060636], [121.5469147004333, 25.157884501158822], [121.5469033011771, 25.157915798881604], [121.54690709989549, 25.157928799128637], [121.54691329878374, 25.157957500170678], [121.54696020132734, 25.158087800206612], [121.5469494997949, 25.158118800363816], [121.54694679882859, 25.158146701347466], [121.54695420090275, 25.15819160006288], [121.54695109990813, 25.158204100624328], [121.54693269860607, 25.158224301396874]]}}, {"type": "Feature", "properties": {"id": "north-421424475-0", "osmWay": 421424475, "name": "", "kind": "path", "width": 0.512}, "geometry": {"type": "LineString", "coordinates": [[121.53591729901017, 25.162696599726015], [121.5359481011897, 25.16265010089382], [121.53598700006619, 25.162630399806865], [121.53606659949703, 25.162597400907295], [121.53616229929193, 25.16259989933525], [121.53628129996038, 25.16261200127111], [121.53632080042982, 25.162697001158822], [121.53634799925362, 25.162720399357706]]}}, {"type": "Feature", "properties": {"id": "north-421424477-0", "osmWay": 421424477, "name": "草山水道第一水管橋", "kind": "footway", "width": 0.576}, "geometry": {"type": "LineString", "coordinates": [[121.53685229850332, 25.161728099568812], [121.53681000093674, 25.161866700561443]]}}, {"type": "Feature", "properties": {"id": "north-421424478-0", "osmWay": 421424478, "name": "", "kind": "path", "width": 0.512}, "geometry": {"type": "LineString", "coordinates": [[121.53641000054, 25.162713600265], [121.53638479875674, 25.16268930094772], [121.53636750140876, 25.16269250118128], [121.53634799925362, 25.162720399357706], [121.53623320043287, 25.162857400233563], [121.53618369925579, 25.162979098939992], [121.53613689904502, 25.163084299600254], [121.53606499938381, 25.16323110048958], [121.53604140081477, 25.16328979951042]]}}, {"type": "Feature", "properties": {"id": "north-421424480-0", "osmWay": 421424480, "name": "", "kind": "steps", "width": 0.48}, "geometry": {"type": "LineString", "coordinates": [[121.53665100053871, 25.162266799937118], [121.5366014001298, 25.162560800341357]]}}, {"type": "Feature", "properties": {"id": "north-421425741-0", "osmWay": 421425741, "name": "", "kind": "steps", "width": 0.48}, "geometry": {"type": "LineString", "coordinates": [[121.54135399998584, 25.15301089915559], [121.5413257995408, 25.153021198854653], [121.54133810118644, 25.153091399065758], [121.54139910085156, 25.153151498890587], [121.5415460011686, 25.153206001113904], [121.54172290050757, 25.153274898773805], [121.54183620154791, 25.153278099007366], [121.54201670114162, 25.15323640052551], [121.54209809914934, 25.153247601342976], [121.54212019993798, 25.153286899649657], [121.5421600012039, 25.153321299353216], [121.54218660153573, 25.153374198652532], [121.5421282005041, 25.15350870110043], [121.54212290090429, 25.153603298881603]]}}, {"type": "Feature", "properties": {"id": "north-422330196-0", "osmWay": 422330196, "name": "環七星山人車分道陽金公路段", "kind": "footway", "width": 0.576}, "geometry": {"type": "LineString", "coordinates": [[121.54687020116054, 25.16004580135196], [121.5467600011148, 25.160123999339742], [121.54659469949573, 25.16028549884567], [121.54650810112003, 25.160402298948977], [121.54647249860082, 25.160464700696192], [121.54641759859211, 25.160560300655767], [121.54631270124717, 25.16070179870194], [121.54620830006138, 25.16089649922745], [121.54617310067148, 25.160938099456523], [121.54609659913426, 25.161001099142112], [121.54605570011624, 25.16106000028297], [121.54594410152194, 25.161201798701942], [121.54586100106818, 25.161278500440172], [121.54570970043979, 25.161338299892204], [121.54563309967074, 25.161385800902803], [121.54547430083737, 25.161439601320517], [121.54537460075942, 25.161496500911785], [121.5453439009127, 25.161534300161698], [121.545267098579, 25.161575900390766], [121.54520079931407, 25.16161360138789], [121.54513389845619, 25.161686900772548], [121.54503380145093, 25.161854598625585], [121.54495259880586, 25.16203070130255], [121.5449572999137, 25.162092401244163], [121.54491770021244, 25.16224529942059], [121.54485759983575, 25.162349500709666], [121.54482590146877, 25.162505399806864], [121.54478520091442, 25.162642900368308], [121.54476079918777, 25.16279280043119]]}}, {"type": "Feature", "properties": {"id": "north-422771370-0", "osmWay": 422771370, "name": "", "kind": "path", "width": 0.512}, "geometry": {"type": "LineString", "coordinates": [[121.54882539997396, 25.159766300251526], [121.54888860134527, 25.159760800902802], [121.54903669864622, 25.15989019982034], [121.54924070067814, 25.16005589893101], [121.54945529880867, 25.160212199461014], [121.54969610034371, 25.16048729883669], [121.54984980114193, 25.16057709907474], [121.55028159913748, 25.160781798926518], [121.55037780129351, 25.16083330022907], [121.55053799867545, 25.160992000934243], [121.55071370103049, 25.161189999946103], [121.55083410024751, 25.161407500732125], [121.55101959864456, 25.161619100736615], [121.55120870039734, 25.161807100422205], [121.55126480049097, 25.16201000084441], [121.55144219909006, 25.162153699752963], [121.55153560104795, 25.16230589893101], [121.5517597998578, 25.162407399672116], [121.55193019951206, 25.16251509876033], [121.55195929924554, 25.162583900974667], [121.55197459955299, 25.16273700127111], [121.55196129938707, 25.162815199258894], [121.55193730078973, 25.162956801172296], [121.55197330023624, 25.163250501203738]]}}, {"type": "Feature", "properties": {"id": "north-422771371-0", "osmWay": 422771371, "name": "", "kind": "path", "width": 0.512}, "geometry": {"type": "LineString", "coordinates": [[121.55196129938707, 25.162815199258894], [121.55217079948245, 25.162914600197627], [121.55225479922466, 25.163007600669243], [121.55249770013306, 25.163007600669243], [121.5526938008307, 25.163109000350342], [121.55301139849745, 25.163227400570428], [121.55312740050411, 25.16329180106001], [121.55321679907794, 25.16333730052102], [121.55338940043836, 25.16345799985627]]}}, {"type": "Feature", "properties": {"id": "north-422771372-0", "osmWay": 422771372, "name": "", "kind": "path", "width": 0.512}, "geometry": {"type": "LineString", "coordinates": [[121.55037780129351, 25.16083330022907], [121.55057699988475, 25.1608302993083], [121.55060070078662, 25.16074529942059], [121.5510405985801, 25.160758900413224], [121.55130209925423, 25.160725098648044], [121.55141650114766, 25.160742699932626]]}}, {"type": "Feature", "properties": {"id": "north-422778713-0", "osmWay": 422778713, "name": "陽明路一段38巷", "kind": "footway", "width": 0.576}, "geometry": {"type": "LineString", "coordinates": [[121.54969030148378, 25.14977000017068], [121.55002929911439, 25.149579400997126], [121.55002529883133, 25.149551800386273], [121.55012889996051, 25.14951429870194], [121.55023389963827, 25.149491700561445], [121.55027010064944, 25.149462000148223], [121.55029020129655, 25.149427401131874], [121.55035739984991, 25.14935660017517], [121.5503880004648, 25.149339700696192], [121.55047259869896, 25.149295599231944], [121.55054420066469, 25.14924469867499], [121.55077329904604, 25.14947569939364], [121.55073409937309, 25.149612500956703], [121.55079610065947, 25.149808200853396], [121.55090819851391, 25.149784300161695], [121.55097690104967, 25.149729598625584], [121.55110019969666, 25.149685199595762], [121.55114379968099, 25.149683501226196], [121.55117739895766, 25.149710798657026], [121.55118800125827, 25.14979630103755], [121.55121489928558, 25.149831001113906], [121.55127259949244, 25.149833999227454], [121.55132690100918, 25.14972599976644], [121.55136659994227, 25.14962369896694], [121.55141610111936, 25.14955429881423], [121.55150370111632, 25.149543499429573], [121.55155149984735, 25.149507499609236], [121.55161590130356, 25.149448000530004], [121.55175130003157, 25.149417398998384], [121.55187539873516, 25.14942310046712], [121.55193410056329, 25.149398899402623], [121.552015498571, 25.149336899088215], [121.55204049878961, 25.14931339982932], [121.55212079904523, 25.14930719867499], [121.55216340050929, 25.14927560057941], [121.55225959956432, 25.14927320040424], [121.55233410096001, 25.149256199865253], [121.55251770154834, 25.149131300925262], [121.55262829852138, 25.149054001248654], [121.55268556458898, 25.148999998710924]]}}, {"type": "Feature", "properties": {"id": "north-422778714-0", "osmWay": 422778714, "name": "", "kind": "path", "width": 0.512}, "geometry": {"type": "LineString", "coordinates": [[121.55136659994227, 25.14962369896694], [121.55141199850348, 25.149746599164573], [121.55145090048096, 25.149790299196013], [121.55151129855312, 25.149796399290334], [121.55156630089466, 25.149733301351958], [121.55165320006684, 25.14972779919601]]}}, {"type": "Feature", "properties": {"id": "north-422778716-0", "osmWay": 422778716, "name": "", "kind": "footway", "width": 0.576}, "geometry": {"type": "LineString", "coordinates": [[121.54212629959439, 25.15177129991466], [121.54219409974071, 25.151878198944484], [121.54230370129449, 25.151965399694575], [121.54239790020799, 25.152031899986525], [121.54249220145431, 25.152113199955085], [121.5425985004488, 25.152174299151095], [121.54267310107632, 25.15223540115433], [121.54280219858325, 25.152303900188645], [121.54288190034691, 25.15233810057941], [121.54297359985875, 25.152397201033057], [121.54309260052722, 25.152426101387892], [121.54337499880405, 25.15262559945652], [121.5433631002877, 25.15274079944305], [121.5434140992452, 25.15285149945203]]}}, {"type": "Feature", "properties": {"id": "north-422778717-0", "osmWay": 422778717, "name": "", "kind": "footway", "width": 0.576}, "geometry": {"type": "LineString", "coordinates": [[121.54056409913186, 25.158666598939995], [121.54054780030414, 25.158675598895076], [121.54051559957604, 25.158696201100433], [121.54046910016174, 25.158699100961194], [121.54044139897682, 25.158721000103306], [121.54041450094951, 25.158796098917534], [121.54043459849562, 25.15884779953288], [121.54051489875125, 25.158930300992633], [121.54054660021923, 25.1589938986166], [121.54052100150867, 25.159068899178045], [121.54051249858142, 25.159089900008983], [121.54048870154872, 25.159118499991017]]}}, {"type": "Feature", "properties": {"id": "north-422778720-0", "osmWay": 422778720, "name": "", "kind": "path", "width": 0.512}, "geometry": {"type": "LineString", "coordinates": [[121.54076000136584, 25.160968400615342], [121.54074830131314, 25.16114770071865], [121.54064689878915, 25.161314898886094], [121.54059559903519, 25.161359500035932], [121.54055759944714, 25.16144270049407], [121.54051260091424, 25.161470800790514], [121.54046519911051, 25.161491099815848], [121.5404223991828, 25.161501598827705]]}}, {"type": "Feature", "properties": {"id": "north-422778722-0", "osmWay": 422778722, "name": "", "kind": "footway", "width": 0.576}, "geometry": {"type": "LineString", "coordinates": [[121.54265119875134, 25.164642400682716], [121.5427203013154, 25.1646975990972], [121.54280360023282, 25.164747500282967], [121.54289480048453, 25.164803100130257], [121.54295059978168, 25.164922699034317], [121.54297009883584, 25.16495940066026], [121.54301489890507, 25.164973099905676], [121.54307840107286, 25.164991299128637], [121.54312200105718, 25.165013100017966], [121.54316909896343, 25.165055399245418]]}}, {"type": "Feature", "properties": {"id": "north-422778723-0", "osmWay": 422778723, "name": "", "kind": "path", "width": 0.512}, "geometry": {"type": "LineString", "coordinates": [[121.54295059978168, 25.164922699034317], [121.54290650053721, 25.16500200026051], [121.54287629995063, 25.16511709918703], [121.54289200028639, 25.16517829944305]]}}, {"type": "Feature", "properties": {"id": "north-440915460-0", "osmWay": 440915460, "name": "", "kind": "footway", "width": 0.576}, "geometry": {"type": "LineString", "coordinates": [[121.54829619973748, 25.150258100354833], [121.54827960011329, 25.150327500507547], [121.54828539897322, 25.150352498823214], [121.54828630136265, 25.15035670123518], [121.54832659878771, 25.15038699958678], [121.54837749851337, 25.15039549985627], [121.548382900446, 25.150425899267876], [121.54835199903462, 25.15044750084441], [121.5483239009224, 25.150467100871364], [121.54828499894492, 25.15048170123518], [121.54825679849986, 25.150485300094324], [121.54822599942132, 25.150513299330758], [121.54820859974052, 25.15054120031441], [121.54817770143015, 25.15056179971254], [121.54813079888656, 25.150583698854653], [121.54809990057619, 25.150605499743982], [121.54807680126729, 25.1506188986166]]}}, {"type": "Feature", "properties": {"id": "north-440915461-0", "osmWay": 440915461, "name": "", "kind": "footway", "width": 0.576}, "geometry": {"type": "LineString", "coordinates": [[121.54776330001441, 25.15062159916457], [121.54774879976358, 25.150597701280095], [121.54771970003009, 25.150581298679484], [121.547730699258, 25.150535900278477], [121.54774830050344, 25.150521100601868], [121.54776520092412, 25.150513700763565], [121.54779089886651, 25.15050840072763], [121.54783409882253, 25.150497300970176]]}}, {"type": "Feature", "properties": {"id": "north-440915462-0", "osmWay": 440915462, "name": "", "kind": "footway", "width": 0.576}, "geometry": {"type": "LineString", "coordinates": [[121.54795490116886, 25.15049099875584], [121.54799989970175, 25.150460798657026], [121.54803659997306, 25.150429700247035], [121.54804830002575, 25.150424599523895], [121.54805119945571, 25.150423299779913], [121.54807920143712, 25.15043439953737], [121.54810550097247, 25.150442899806862], [121.54813300059274, 25.150446599726017], [121.54817260029401, 25.15043870020212], [121.5481919008845, 25.15043279942059], [121.54821059988205, 25.150426000327883], [121.54823510084053, 25.15039900046263], [121.54828539897322, 25.150352498823214]]}}, {"type": "Feature", "properties": {"id": "north-440915463-0", "osmWay": 440915463, "name": "", "kind": "footway", "width": 0.576}, "geometry": {"type": "LineString", "coordinates": [[121.54821059988205, 25.150426000327883], [121.54823100132565, 25.150460298971435], [121.54825200126119, 25.150480398683975], [121.54825679849986, 25.150485300094324]]}}, {"type": "Feature", "properties": {"id": "north-440915464-0", "osmWay": 440915464, "name": "", "kind": "footway", "width": 0.576}, "geometry": {"type": "LineString", "coordinates": [[121.54781869928325, 25.150237700269493], [121.54787439934859, 25.150263201077973], [121.54793449972527, 25.150296500350343], [121.5479562004856, 25.15031259977093], [121.54797790124594, 25.150328600938735], [121.54797649959637, 25.150340399694574]]}}, {"type": "Feature", "properties": {"id": "north-440915465-0", "osmWay": 440915465, "name": "", "kind": "footway", "width": 0.576}, "geometry": {"type": "LineString", "coordinates": [[121.54835199903462, 25.15044750084441], [121.54837350133131, 25.150470098984908]]}}, {"type": "Feature", "properties": {"id": "north-440915465-1", "osmWay": 440915465, "name": "", "kind": "footway", "width": 0.576}, "geometry": {"type": "LineString", "coordinates": [[121.54837350133131, 25.150470098984908], [121.54838219962122, 25.150479301060006], [121.54840849915657, 25.15052320040424], [121.54841670128732, 25.150551199640677], [121.54840500123463, 25.150617800992634], [121.54840849915657, 25.15064839971703], [121.54840960000965, 25.15067959918703], [121.54842019920926, 25.150694398863635], [121.54844470016774, 25.150698601275604], [121.54846450001837, 25.150694398863635], [121.54848380060886, 25.150681199303808], [121.54852759905684, 25.150651599950592], [121.54853630044774, 25.150639399761946], [121.54854390098555, 25.150599801082464], [121.54855030143844, 25.150574499586778], [121.54857719946575, 25.15056339982932], [121.54859760090935, 25.15055809979339], [121.54860109883127, 25.15054059956881], [121.54858889951845, 25.15052160028746], [121.54856669949798, 25.15050840072763], [121.5485585004682, 25.1504878013295], [121.54853569885479, 25.15047139872889], [121.54844060065284, 25.150465599007365], [121.54839559901896, 25.150465099321774], [121.54837350133131, 25.150470098984908]]}}, {"type": "Feature", "properties": {"id": "north-440915466-0", "osmWay": 440915466, "name": "", "kind": "footway", "width": 0.576}, "geometry": {"type": "LineString", "coordinates": [[121.54876369948406, 25.150531700673735], [121.54861340047692, 25.150631999923643], [121.54861050104695, 25.150708100916276], [121.54860869936908, 25.150784799847287], [121.54864610046516, 25.150930601365435], [121.54867230076869, 25.151026799263384], [121.54864669895713, 25.15108219979788], [121.54859760090935, 25.151131399178045], [121.54857479929592, 25.15115519880974], [121.54844159917312, 25.151166001001616], [121.54843239852208, 25.151166801060008], [121.5483325992123, 25.151162000709665], [121.54823800027049, 25.151152501068992], [121.5481509987655, 25.151145699169064], [121.54810609946443, 25.151151498890584], [121.54808810129167, 25.151166801060008]]}}, {"type": "Feature", "properties": {"id": "north-440915467-0", "osmWay": 440915467, "name": "", "kind": "footway", "width": 0.576}, "geometry": {"type": "LineString", "coordinates": [[121.54768459987201, 25.15064790003144], [121.54773130085096, 25.150717900929752], [121.5477843991818, 25.150747601342974], [121.54781179957024, 25.150770101230687], [121.54781269885868, 25.15077080022907], [121.54791710004447, 25.150784401221703], [121.54795159860959, 25.150786001338485], [121.54797640036455, 25.15078040092975], [121.54799139987551, 25.15076679993712], [121.54799580018687, 25.150749198652534], [121.5480118013191, 25.150719501046535], [121.54800380075298, 25.150677100759072], [121.54802160046209, 25.15065090095221]]}}, {"type": "Feature", "properties": {"id": "north-440915468-0", "osmWay": 440915468, "name": "", "kind": "footway", "width": 0.576}, "geometry": {"type": "LineString", "coordinates": [[121.54817770143015, 25.15056179971254], [121.54818249866882, 25.150625798769315], [121.5481577992467, 25.150675500642294], [121.54813919948097, 25.150696299353218], [121.54812860028137, 25.150715500754583], [121.54812589931507, 25.150735600467122], [121.54809670034975, 25.150756399178047], [121.54806569970656, 25.150786001338485], [121.54802859940695, 25.15083330022907], [121.54802499915219, 25.15088450115882], [121.54802150123027, 25.150918999115163], [121.5480329997183, 25.150966199752965], [121.54804629988422, 25.150993499991017], [121.54807810058402, 25.151032700044915], [121.54808170083878, 25.15104950127111], [121.54808959907207, 25.1511128013295], [121.54810609946443, 25.151151498890584]]}}, {"type": "Feature", "properties": {"id": "north-440915469-0", "osmWay": 440915469, "name": "", "kind": "footway", "width": 0.576}, "geometry": {"type": "LineString", "coordinates": [[121.54812120130822, 25.150069499923642], [121.54814239970743, 25.150054399874236], [121.54816770072252, 25.150049899896693]]}}, {"type": "Feature", "properties": {"id": "north-440915470-0", "osmWay": 440915470, "name": "", "kind": "footway", "width": 0.576}, "geometry": {"type": "LineString", "coordinates": [[121.54835519926107, 25.150280799555336], [121.54837289973835, 25.150249799398132], [121.54841630125902, 25.150173299779915]]}}, {"type": "Feature", "properties": {"id": "north-440915471-0", "osmWay": 440915471, "name": "", "kind": "footway", "width": 0.576}, "geometry": {"type": "LineString", "coordinates": [[121.5480050008379, 25.150819199550845], [121.54797009914348, 25.150805199932627], [121.54795069932115, 25.15080889985178], [121.54785139927151, 25.150867800992636], [121.54783260104213, 25.150885399469995], [121.54781450053655, 25.150924798836687], [121.54780720079522, 25.15096310057941], [121.54778029966691, 25.151001301262127], [121.54772869911648, 25.151070499294825], [121.54772869911648, 25.151071700786023], [121.54770929929414, 25.151136000215594], [121.54767979953235, 25.151174299151098], [121.54763210003314, 25.151214299263383], [121.54758449976575, 25.151248901086955], [121.54755839869405, 25.15126649956432], [121.54756910022648, 25.1512920003728], [121.54758179879944, 25.151317700494072], [121.5476199007203, 25.15139439942508]]}}, {"type": "Feature", "properties": {"id": "north-440915472-0", "osmWay": 440915472, "name": "", "kind": "footway", "width": 0.576}, "geometry": {"type": "LineString", "coordinates": [[121.54758179879944, 25.151317700494072], [121.54765559937034, 25.15129870121272], [121.54769650148936, 25.15126649956432], [121.547730699258, 25.151253198944485], [121.54773740050737, 25.151251399514912], [121.54773999914086, 25.15124769959576], [121.54774879976358, 25.151234999721524], [121.547783701458, 25.151190698944486], [121.54780720079522, 25.15118699902533], [121.54783260104213, 25.15120159938915], [121.54787489860871, 25.151245900166188], [121.54791239893663, 25.151255599119654], [121.54795799906248, 25.15127030054348]]}}, {"type": "Feature", "properties": {"id": "north-440915473-0", "osmWay": 440915473, "name": "", "kind": "footway", "width": 0.576}, "geometry": {"type": "LineString", "coordinates": [[121.54806129939519, 25.151745400480596], [121.5481142984942, 25.1517764006378], [121.54817730140185, 25.151806800049407], [121.54819539880643, 25.151844399986526], [121.54821490096158, 25.15188749927237], [121.54824570004013, 25.1519080986705], [121.54829400113229, 25.15191239933525], [121.54835429997263, 25.15191540025602], [121.54841400032102, 25.15191540025602], [121.54846429845371, 25.15191540025602], [121.54849720000661, 25.151906899986525], [121.54851059940435, 25.15188080123967], [121.54854739890747, 25.15186679881423], [121.54856620023784, 25.15186439863906], [121.54858840025831, 25.151846800161696], [121.54861319891228, 25.151816499002877], [121.54861719919533, 25.151798299779912], [121.54860040110748, 25.15177030054348], [121.54858030046037, 25.151738199955084], [121.54855150152336, 25.151685999654152], [121.5485467011837, 25.15166300008085], [121.54854480027399, 25.151653800812973], [121.54853740130083, 25.151636199528387], [121.54852599894362, 25.15160770060636], [121.54850790153904, 25.151570600354834], [121.54850390125597, 25.151525698832195], [121.54851189872109, 25.15148080011678], [121.54852599894362, 25.15143649933974], [121.54852700056489, 25.151425500642294], [121.54853199936821, 25.15137090016619], [121.54854809973226, 25.151320600354833], [121.54856090063804, 25.151257999294828], [121.54857959963559, 25.151193699865253], [121.54857479929592, 25.15115519880974]]}}, {"type": "Feature", "properties": {"id": "north-440915474-0", "osmWay": 440915474, "name": "", "kind": "footway", "width": 0.576}, "geometry": {"type": "LineString", "coordinates": [[121.54885270113057, 25.15085709986076], [121.54877779970658, 25.150947399784407], [121.54877219931029, 25.15095159938915], [121.54867230076869, 25.151026799263384]]}}, {"type": "Feature", "properties": {"id": "north-440915475-0", "osmWay": 440915475, "name": "", "kind": "footway", "width": 0.576}, "geometry": {"type": "LineString", "coordinates": [[121.54877219931029, 25.15095159938915], [121.54881320066113, 25.151081298679483], [121.54884779845808, 25.15120890097467], [121.54884310045124, 25.15125230063331], [121.54884089874506, 25.151272299285843], [121.54883239891882, 25.15130439987424], [121.54879929890227, 25.151349700022458], [121.54876849982372, 25.151392900368307], [121.54875540122245, 25.151416598939992], [121.54874469969003, 25.15145479962271], [121.54874159869541, 25.151466098692957], [121.5487422995202, 25.1515031006917], [121.54872080032452, 25.151545599231945], [121.54867920048171, 25.151639099389147], [121.5486760994871, 25.151668300116782], [121.54869999885261, 25.15170179870194], [121.54872689998092, 25.151717100871362], [121.54877080076173, 25.151717799869743], [121.54882240131217, 25.151729000687208], [121.54887559887483, 25.151747800655766], [121.54888769895582, 25.151755599119657], [121.54891259994261, 25.151771499227454], [121.54893950107092, 25.151789701257638], [121.54895259967218, 25.151811999025334], [121.54893870101431, 25.151845399357708], [121.54890250000314, 25.15188100055246], [121.54886330033018, 25.151907500732126], [121.54884089874506, 25.151959799285844], [121.5488055008915, 25.151989101073482], [121.54878080146936, 25.152004400435683], [121.54875230022783, 25.152031599613725], [121.54872609992431, 25.15206370020212], [121.54873309886916, 25.152092999182535], [121.54873229881255, 25.152117399559828], [121.54869759868278, 25.15214179993712], [121.54859600079612, 25.152197500844412], [121.54857290148722, 25.1522288996272], [121.54857290148722, 25.152256800610854], [121.54858060125684, 25.152283300790515], [121.54859859942961, 25.152329400997125]]}}, {"type": "Feature", "properties": {"id": "north-440915476-0", "osmWay": 440915476, "name": "", "kind": "footway", "width": 0.576}, "geometry": {"type": "LineString", "coordinates": [[121.54889649957856, 25.15216540025602], [121.54885790149855, 25.15211040115433], [121.54883479908865, 25.152081801172297], [121.54879239918924, 25.152062299398132], [121.5487653988291, 25.15205879879177], [121.54872609992431, 25.15206370020212], [121.548699198796, 25.152044799173552], [121.5486553011162, 25.15199529942059], [121.54861679916702, 25.151948601275603], [121.54858670091326, 25.151913800139237], [121.5485698004926, 25.15189009876033], [121.54856620023784, 25.15186439863906]]}}, {"type": "Feature", "properties": {"id": "north-440915477-0", "osmWay": 440915477, "name": "", "kind": "footway", "width": 0.576}, "geometry": {"type": "LineString", "coordinates": [[121.5485467011837, 25.15166300008085], [121.54860440139053, 25.1516753013295], [121.5486321987063, 25.151676699326266], [121.54865610117281, 25.151676000327885], [121.5486760994871, 25.151668300116782]]}}, {"type": "Feature", "properties": {"id": "north-440915478-0", "osmWay": 440915478, "name": "", "kind": "footway", "width": 0.576}, "geometry": {"type": "LineString", "coordinates": [[121.54888769895582, 25.151755599119657], [121.54892719942526, 25.151713701325008], [121.54894259896454, 25.15168299873338], [121.54896340043643, 25.151650199146605], [121.54900959905424, 25.151602799196013], [121.54902350081312, 25.151589599636186], [121.54901649876727, 25.151554700247036], [121.54897960003233, 25.151528899065756], [121.5488948002335, 25.15155680004941], [121.54886939998659, 25.151530299869744], [121.54886939998659, 25.151512198899567], [121.54887789981284, 25.15149259887262], [121.54889790122812, 25.15147939931279], [121.54892100053704, 25.151467499496945], [121.5489340991383, 25.15145220013475], [121.5489557006668, 25.151420099546353], [121.54895799850381, 25.15139569916906], [121.54894569995916, 25.15135880103755], [121.54894489990255, 25.15135880103755], [121.54889329935212, 25.15131339982932], [121.54888409870108, 25.15129950127111], [121.54888169853125, 25.151275799892204], [121.5488887005771, 25.15125840072763], [121.54902270075651, 25.151256999923643], [121.54904810100342, 25.15126390007636], [121.54906969943093, 25.15128070130255], [121.54909130095945, 25.15128629890406], [121.54911360021174, 25.15127930049856], [121.54913179994915, 25.15124990045814]]}}, {"type": "Feature", "properties": {"id": "north-440915479-0", "osmWay": 440915479, "name": "", "kind": "footway", "width": 0.576}, "geometry": {"type": "LineString", "coordinates": [[121.54883239891882, 25.15130439987424], [121.54889329935212, 25.15131339982932]]}}, {"type": "Feature", "properties": {"id": "north-440915480-0", "osmWay": 440915480, "name": "", "kind": "footway", "width": 0.576}, "geometry": {"type": "LineString", "coordinates": [[121.5488887005771, 25.15125840072763], [121.54886090016035, 25.151256999923643], [121.54884310045124, 25.15125230063331]]}}, {"type": "Feature", "properties": {"id": "north-440915481-0", "osmWay": 440915481, "name": "", "kind": "footway", "width": 0.576}, "geometry": {"type": "LineString", "coordinates": [[121.54874469969003, 25.15145479962271], [121.54869460002098, 25.151446599726015], [121.5485920997449, 25.15143889951491], [121.54852700056489, 25.151425500642294], [121.54843650113796, 25.15137970080848], [121.54841729977929, 25.1513538996272], [121.54843189926194, 25.151257698922027], [121.54843650113796, 25.151196299353217], [121.54844159917312, 25.151166001001616]]}}, {"type": "Feature", "properties": {"id": "north-440915482-0", "osmWay": 440915482, "name": "", "kind": "footway", "width": 0.576}, "geometry": {"type": "LineString", "coordinates": [[121.54844750036587, 25.149985499407116], [121.54850790153904, 25.14995460030992], [121.54851850073864, 25.14994080000449], [121.54852410113492, 25.149917398998383], [121.54852869990994, 25.149895300543477], [121.54854339862442, 25.149876899200503], [121.5485799996639, 25.14986030009432], [121.54860029877466, 25.149841000440173], [121.54864149858915, 25.149783000417717], [121.54867049909082, 25.14974579910618], [121.54871060115322, 25.14968599965415], [121.5487471990917, 25.149606799487962], [121.54875180096771, 25.14956039890855], [121.5487223012059, 25.149521701347467], [121.54868930042119, 25.149479399312792], [121.54867049909082, 25.149407200359324], [121.5486643994344, 25.14934829921847], [121.54865780051786, 25.149262299959577], [121.54864970071992, 25.149262799645168]]}}, {"type": "Feature", "properties": {"id": "north-440915484-0", "osmWay": 440915484, "name": "", "kind": "footway", "width": 0.576}, "geometry": {"type": "LineString", "coordinates": [[121.54680789907768, 25.15516139996407], [121.5467297012964, 25.15510229951042], [121.54671819970737, 25.155114800071864], [121.54678580139003, 25.155165798881605], [121.54677380054086, 25.155178900188645], [121.54671059916956, 25.155131098805246], [121.54669199940383, 25.155151299577795], [121.54667940006271, 25.155164900570426], [121.54660959977485, 25.155112099523894]]}}, {"type": "Feature", "properties": {"id": "north-444358984-0", "osmWay": 444358984, "name": "", "kind": "footway", "width": 0.576}, "geometry": {"type": "LineString", "coordinates": [[121.53505360068627, 25.14938639884118], [121.53512519955099, 25.149413101140855], [121.53516860107166, 25.149460298971434], [121.53522099857771, 25.149468400615344], [121.53535350097674, 25.14952690032339], [121.53544480046027, 25.149532700044915], [121.53560430011844, 25.14953739933525]]}}, {"type": "Feature", "properties": {"id": "north-444618306-0", "osmWay": 444618306, "name": "", "kind": "service", "width": 1.28}, "geometry": {"type": "LineString", "coordinates": [[121.55006919961214, 25.151233598917536], [121.55012889996051, 25.15130439987424], [121.55023380040645, 25.15149860071416]]}}, {"type": "Feature", "properties": {"id": "north-444618307-0", "osmWay": 444618307, "name": "", "kind": "service", "width": 1.28}, "geometry": {"type": "LineString", "coordinates": [[121.55042779862973, 25.151758299667627], [121.55059679973539, 25.151879201122888], [121.5507247002584, 25.152052499384656], [121.55086880037729, 25.152222100534495], [121.55094569884182, 25.152297000035933], [121.55121220142026, 25.152532700044915], [121.55134230054846, 25.15268500028297], [121.55142260080407, 25.152801699326268], [121.55165979898338, 25.153171399290333], [121.55174609966359, 25.153298600152713]]}}, {"type": "Feature", "properties": {"id": "north-444618308-0", "osmWay": 444618308, "name": "", "kind": "service", "width": 1.28}, "geometry": {"type": "LineString", "coordinates": [[121.55012070093075, 25.15241079921847], [121.5502870010701, 25.152464099950592], [121.550358500703, 25.152609500035933], [121.5503962987264, 25.152675500642292], [121.55040029900945, 25.1527205986705], [121.55038249930035, 25.152806300363817], [121.55023620057628, 25.15288909938915], [121.55032260048831, 25.153036001338485]]}}, {"type": "Feature", "properties": {"id": "north-445263445-0", "osmWay": 445263445, "name": "紗帽路", "kind": "tertiary", "width": 2.56}, "geometry": {"type": "LineString", "coordinates": [[121.5330966994268, 25.151995599793388], [121.53311119967763, 25.15193729939813], [121.53312230123836, 25.151844899672117], [121.53314319884109, 25.151614800071865], [121.53313360126275, 25.15126299895796], [121.53320990123532, 25.1507920003728], [121.53316499883326, 25.150666200314408], [121.53307910128234, 25.150322899469998], [121.53306959983483, 25.1499472987244], [121.53300000111163, 25.14976160096119]]}}, {"type": "Feature", "properties": {"id": "north-446756876-0", "osmWay": 446756876, "name": "猴坎湖田國小步道", "kind": "footway", "width": 0.576}, "geometry": {"type": "LineString", "coordinates": [[121.53661230012588, 25.165076400076355], [121.53666060121805, 25.165112700269493], [121.53669810154595, 25.165155799555336], [121.53676450004271, 25.165183700538986], [121.53685549872976, 25.165281400300934], [121.53685269853162, 25.1653548007456], [121.53687439929196, 25.16545289913313], [121.5368713758222, 25.165499998710924]]}}, {"type": "Feature", "properties": {"id": "north-446756878-0", "osmWay": 446756878, "name": "", "kind": "path", "width": 0.512}, "geometry": {"type": "LineString", "coordinates": [[121.53950849885703, 25.16499880002695], [121.53933729914618, 25.164945100669243], [121.53927160147421, 25.164971000103307], [121.53921909853433, 25.165028301127382], [121.53921810001407, 25.165029300498563], [121.53906109975756, 25.165200600017968], [121.53897999944533, 25.16528259898491], [121.53872579851254, 25.165320799667626], [121.53854820144979, 25.16541369907923], [121.53817059953718, 25.16545670011229], [121.53803757927206, 25.165499998710924]]}}, {"type": "Feature", "properties": {"id": "north-446756878-1", "osmWay": 446756878, "name": "", "kind": "path", "width": 0.512}, "geometry": {"type": "LineString", "coordinates": [[121.53776091783526, 25.165499998710924], [121.5375456995058, 25.16545670011229], [121.53743257212116, 25.165499998710924]]}}, {"type": "Feature", "properties": {"id": "north-446756879-0", "osmWay": 446756879, "name": "", "kind": "footway", "width": 0.576}, "geometry": {"type": "LineString", "coordinates": [[121.53967389970795, 25.165028500440172], [121.53963199906867, 25.165034100848903]]}}, {"type": "Feature", "properties": {"id": "north-446756883-0", "osmWay": 446756883, "name": "", "kind": "footway", "width": 0.576}, "geometry": {"type": "LineString", "coordinates": [[121.54043359997536, 25.164613800700682], [121.54026480043434, 25.16467390052551], [121.5401764996126, 25.16472820062882], [121.54010050043651, 25.16477830112738], [121.539926801324, 25.16487109947898], [121.53983829893761, 25.164962199461012], [121.53976389987474, 25.165008900413223], [121.53967389970795, 25.165028500440172]]}}, {"type": "Feature", "properties": {"id": "north-446757847-0", "osmWay": 446757847, "name": "", "kind": "footway", "width": 0.576}, "geometry": {"type": "LineString", "coordinates": [[121.53978739921195, 25.159250501203736], [121.53984919893368, 25.15926619919152], [121.5398765000903, 25.15925440043568], [121.53989309971449, 25.15923620121272], [121.53995649954945, 25.159196201100432], [121.53997639863191, 25.159183700538986], [121.5400069992468, 25.15920159938915], [121.540040300828, 25.159205700741108], [121.54006029914228, 25.159248101028567], [121.54007710033113, 25.159263299330757], [121.54010660009293, 25.15935850066475], [121.54010940029106, 25.159394899110673], [121.54016129853699, 25.159405198809736], [121.54017939904257, 25.159476401199246], [121.54015229945061, 25.159517701055517], [121.54014299956775, 25.159569199550845]]}}, {"type": "Feature", "properties": {"id": "north-446939719-0", "osmWay": 446939719, "name": "", "kind": "track", "width": 0.96}, "geometry": {"type": "LineString", "coordinates": [[121.53606880120321, 25.163875798769315], [121.53612140027391, 25.16392989955983], [121.53614019850329, 25.163969599299318], [121.5361288984789, 25.164033000417714], [121.53619530007666, 25.164146799600253], [121.53623890006098, 25.164211800835428], [121.53628960132298, 25.164256199865253], [121.53635220110132, 25.164376800947718], [121.53639639957761, 25.16451969979788], [121.5364641004921, 25.164666001001617], [121.53648929917436, 25.164807900480596], [121.5365549007155, 25.1649167], [121.5366070997579, 25.16498969901186], [121.53661230012588, 25.165076400076355]]}}, {"type": "Feature", "properties": {"id": "north-446958207-0", "osmWay": 446958207, "name": "草山水道第二水管橋(廢)", "kind": "path", "width": 0.512}, "geometry": {"type": "LineString", "coordinates": [[121.54011359903778, 25.156579299937118], [121.54012870088157, 25.15623270060636]]}}, {"type": "Feature", "properties": {"id": "north-446959111-0", "osmWay": 446959111, "name": "", "kind": "path", "width": 0.512}, "geometry": {"type": "LineString", "coordinates": [[121.53927160147421, 25.164971000103307], [121.53928609862405, 25.164925699955084], [121.53929520004324, 25.164890199820338], [121.53927439857135, 25.164848899964067], [121.53924180091593, 25.164820600354833], [121.53921169956118, 25.164819398863635], [121.53918959877254, 25.164832399110672], [121.53917520085453, 25.164828800251527], [121.53916609943532, 25.164805199932626], [121.53915439938262, 25.1647839997889]]}}, {"type": "Feature", "properties": {"id": "north-446960334-0", "osmWay": 446960334, "name": "環七星山人車分道陽金公路段", "kind": "footway", "width": 0.576}, "geometry": {"type": "LineString", "coordinates": [[121.54463119931971, 25.163292199685593], [121.54462420037486, 25.16337650057492], [121.54453180003823, 25.163470399357706], [121.54434699936499, 25.16361599875584], [121.5442733011269, 25.163698000530005], [121.54422189904012, 25.163818200179662], [121.54419020067314, 25.16395830022907], [121.54417139934277, 25.164072099411605], [121.54414420051899, 25.164169100175172], [121.54404440120919, 25.1643315007995], [121.54383909986053, 25.164534300161698], [121.54372169930531, 25.16470049895796], [121.54365029890423, 25.16485930072314], [121.54357380046801, 25.164998401401366], [121.54355850016056, 25.16504710109594], [121.54355720084382, 25.165103801374418], [121.54347669902354, 25.165240100444663], [121.54340300078546, 25.165353001316028], [121.54338739968154, 25.165405799555337], [121.5432666004362, 25.165462699146605], [121.54324232895134, 25.165499998710924]]}}, {"type": "Feature", "properties": {"id": "north-446961768-0", "osmWay": 446961768, "name": "", "kind": "steps", "width": 0.48}, "geometry": {"type": "LineString", "coordinates": [[121.54022390141633, 25.155801398953468], [121.54034800011993, 25.15571500106899], [121.5403834010745, 25.155679001248654], [121.54038559967967, 25.155640999878727], [121.54036349889103, 25.155614999384657], [121.54038150016478, 25.155515500193136]]}}, {"type": "Feature", "properties": {"id": "north-446961769-0", "osmWay": 446961769, "name": "", "kind": "steps", "width": 0.48}, "geometry": {"type": "LineString", "coordinates": [[121.54064510021226, 25.155268298993892], [121.54072879915799, 25.15522470002246], [121.54090550003329, 25.155109199663134], [121.54097749892632, 25.155043900862378], [121.54105459895551, 25.15506540137891], [121.54110160073093, 25.155067798746856]]}}, {"type": "Feature", "properties": {"id": "north-446961770-0", "osmWay": 446961770, "name": "", "kind": "residential", "width": 1.6}, "geometry": {"type": "LineString", "coordinates": [[121.54118299873865, 25.155293100803988], [121.54110160073093, 25.155067798746856], [121.54098799889411, 25.154795700291952], [121.54092859934221, 25.15466620031441], [121.54087630106798, 25.154529600871363], [121.54079219899295, 25.154441299690085], [121.54065969969493, 25.154341399065757], [121.54059770150954, 25.15427019948347]]}}, {"type": "Feature", "properties": {"id": "north-446961771-0", "osmWay": 446961771, "name": "", "kind": "residential", "width": 1.6}, "geometry": {"type": "LineString", "coordinates": [[121.54043729946194, 25.15524579910618], [121.54044949877476, 25.155108899290333], [121.5404330014834, 25.15505859947898], [121.54038399956644, 25.155006800610852], [121.54036130028585, 25.154945198922025], [121.54033479918584, 25.154877199573303], [121.54031450007508, 25.154819199550843], [121.54032120132445, 25.15478819939364], [121.54036850079535, 25.15474659916457], [121.5404397988636, 25.154739300386275], [121.54045970104706, 25.15473350066475], [121.54048200029935, 25.15472930106001], [121.54057779932607, 25.154728700314408]]}}, {"type": "Feature", "properties": {"id": "north-446961772-0", "osmWay": 446961772, "name": "", "kind": "steps", "width": 0.48}, "geometry": {"type": "LineString", "coordinates": [[121.54045970104706, 25.15473350066475], [121.54046509987869, 25.154635301217212], [121.54044080048486, 25.154585298971433], [121.54048280035596, 25.15449529942059], [121.54052499869073, 25.154341699438557], [121.54055620089856, 25.154262299959576]]}}, {"type": "Feature", "properties": {"id": "north-446961774-0", "osmWay": 446961774, "name": "", "kind": "service", "width": 1.28}, "geometry": {"type": "LineString", "coordinates": [[121.53960320013167, 25.153626399514913], [121.53958420033764, 25.153704100624328], [121.53956989855045, 25.153840399694573], [121.53938910126126, 25.15400680061085], [121.53934790144677, 25.154044700920767], [121.53938070066684, 25.154311401086957], [121.53929699862013, 25.154321299353217], [121.53923879915314, 25.154196201100433], [121.53915649875599, 25.154023399717033], [121.5391554010039, 25.153716800498565], [121.53905879881957, 25.153563001203736]]}}, {"type": "Feature", "properties": {"id": "north-446961776-0", "osmWay": 446961776, "name": "", "kind": "steps", "width": 0.48}, "geometry": {"type": "LineString", "coordinates": [[121.54510460025904, 25.152224700022458], [121.54504419908588, 25.15202080022907]]}}, {"type": "Feature", "properties": {"id": "north-447937299-0", "osmWay": 447937299, "name": "", "kind": "path", "width": 0.512}, "geometry": {"type": "LineString", "coordinates": [[121.53330030143042, 25.165038699079233], [121.53336199881933, 25.165134400098815], [121.53331389929181, 25.165217600556954], [121.53329609958271, 25.165390800565937], [121.53329939904098, 25.16549670022458], [121.53329971224144, 25.165499998710924]]}}, {"type": "Feature", "properties": {"id": "north-447937304-0", "osmWay": 447937304, "name": "", "kind": "path", "width": 0.512}, "geometry": {"type": "LineString", "coordinates": [[121.53435699945733, 25.164637100646786], [121.5341541013795, 25.164662301082465], [121.53400970046413, 25.16467000129357], [121.53391779938764, 25.164706298679484], [121.53384490120617, 25.164723899964066], [121.53378739946298, 25.164676800386275], [121.53364990136163, 25.164684200224578], [121.5335101984531, 25.1647295003728], [121.53335410058604, 25.164955498621094], [121.53330030143042, 25.165038699079233], [121.53325890005128, 25.16508540003144], [121.5331724009074, 25.16519220080848], [121.53311190050242, 25.165416301374417], [121.53312071352912, 25.165499998710924]]}}, {"type": "Feature", "properties": {"id": "north-447937305-0", "osmWay": 447937305, "name": "", "kind": "track", "width": 0.96}, "geometry": {"type": "LineString", "coordinates": [[121.53529759934676, 25.164797199348726], [121.53522350108038, 25.164783000417714], [121.53514049985844, 25.164780998868128], [121.53511330103464, 25.164788101140857], [121.53500289942427, 25.164849301396874], [121.53493490081429, 25.164896799600253], [121.5348671998998, 25.164918199056775], [121.5348183995475, 25.164913699079232], [121.53465569966289, 25.16486629912864], [121.53446300075635, 25.164816499002875], [121.53441189946605, 25.164798600152714], [121.53439680072326, 25.16478419910169], [121.53437980107076, 25.164767900368307], [121.53435699945733, 25.164637100646786]]}}, {"type": "Feature", "properties": {"id": "north-447938290-0", "osmWay": 447938290, "name": "", "kind": "track", "width": 0.96}, "geometry": {"type": "LineString", "coordinates": [[121.53434760034266, 25.164586399402623], [121.5342633990358, 25.16443519959576], [121.53418629900662, 25.16434429892652], [121.53421910132768, 25.164314601320516], [121.53432570111866, 25.164281200988142], [121.53438840012883, 25.16429029919601], [121.5344424008491, 25.16431339982932], [121.53450940093882, 25.164318800925262], [121.53464519969512, 25.164273298657026]]}}, {"type": "Feature", "properties": {"id": "north-447938291-0", "osmWay": 447938291, "name": "", "kind": "path", "width": 0.512}, "geometry": {"type": "LineString", "coordinates": [[121.53878570042556, 25.15206000028297], [121.53878659971402, 25.15225009977093], [121.53892490097296, 25.15233840095221], [121.53894920036679, 25.15243409916457], [121.53907119969703, 25.152493000305427], [121.53913629887704, 25.152632799982033], [121.53921760075393, 25.152676999699064], [121.53936789976106, 25.152782200359326]]}}, {"type": "Feature", "properties": {"id": "north-451811582-0", "osmWay": 451811582, "name": "", "kind": "footway", "width": 0.576}, "geometry": {"type": "LineString", "coordinates": [[121.54547169910288, 25.16054360048958], [121.54561760089965, 25.16072329921847], [121.54562919861951, 25.16076470013475], [121.54568279931148, 25.160820600354832], [121.54574520062617, 25.16082599864355], [121.54579210006877, 25.16084000106899], [121.5458331014196, 25.16084000106899], [121.54592219919697, 25.160805999991016], [121.54600470115876, 25.160800500642292], [121.54621409892133, 25.160751099142114], [121.54627730029262, 25.16070769948347], [121.54631270124717, 25.16070179870194]]}}, {"type": "Feature", "properties": {"id": "north-454336596-0", "osmWay": 454336596, "name": "", "kind": "footway", "width": 0.576}, "geometry": {"type": "LineString", "coordinates": [[121.54663629933852, 25.156594298926517], [121.54663789945174, 25.15672219878728], [121.54663740019161, 25.15673190054797]]}}, {"type": "Feature", "properties": {"id": "north-454337687-0", "osmWay": 454337687, "name": "", "kind": "footway", "width": 0.576}, "geometry": {"type": "LineString", "coordinates": [[121.54680979998737, 25.158191198630075], [121.54693269860607, 25.158224301396874]]}}, {"type": "Feature", "properties": {"id": "north-454820751-0", "osmWay": 454820751, "name": "", "kind": "steps", "width": 0.48}, "geometry": {"type": "LineString", "coordinates": [[121.53817959862356, 25.154051999699067], [121.53821930065766, 25.154141900997125], [121.53818250115452, 25.15416239933525]]}}, {"type": "Feature", "properties": {"id": "north-455190772-0", "osmWay": 455190772, "name": "", "kind": "steps", "width": 0.48}, "geometry": {"type": "LineString", "coordinates": [[121.53662129921226, 25.16096150046263], [121.53662360015026, 25.160997800655768], [121.53661260092235, 25.161032700044917], [121.5366115993011, 25.161035700965684], [121.53657870084919, 25.16112600088933], [121.53657300122109, 25.16115629924093], [121.53655480148367, 25.161211598715415], [121.53655280134215, 25.16124709885016], [121.53655360139877, 25.161303599815845]]}}, {"type": "Feature", "properties": {"id": "north-455190773-0", "osmWay": 455190773, "name": "", "kind": "steps", "width": 0.48}, "geometry": {"type": "LineString", "coordinates": [[121.53646290040719, 25.161572700157205], [121.53649329945742, 25.16159889996407], [121.5365322014349, 25.161641401311535], [121.53653649941344, 25.161596499788896], [121.53652510015722, 25.161534900907295], [121.53655130046076, 25.161521900660258], [121.53659949922009, 25.1615333990433], [121.53665580087838, 25.16155539924542]]}}, {"type": "Feature", "properties": {"id": "north-455609807-0", "osmWay": 455609807, "name": "", "kind": "steps", "width": 0.48}, "geometry": {"type": "LineString", "coordinates": [[121.54096710129137, 25.154347701280095], [121.5410564998652, 25.1542690007995], [121.54110209999106, 25.15425600055246], [121.54117910078841, 25.15425420112289], [121.54128690066432, 25.154276299577795], [121.54135899878918, 25.15431240045814], [121.54146589937663, 25.15439199924991], [121.54149730004812, 25.15433459997305], [121.54150090030288, 25.154323699528387]]}}, {"type": "Feature", "properties": {"id": "north-455609808-0", "osmWay": 455609808, "name": "", "kind": "steps", "width": 0.48}, "geometry": {"type": "LineString", "coordinates": [[121.54088760109236, 25.154326700449158], [121.5411445991223, 25.1541032988816]]}}, {"type": "Feature", "properties": {"id": "north-456273910-0", "osmWay": 456273910, "name": "", "kind": "footway", "width": 0.576}, "geometry": {"type": "LineString", "coordinates": [[121.53662129921226, 25.16096150046263], [121.53663099912342, 25.160949799959575], [121.5367111009154, 25.160868800363815], [121.53684929984152, 25.16081910129806], [121.53703780000134, 25.160802300071865], [121.53730980064324, 25.160760301217213], [121.53747799859131, 25.16068880126213], [121.53771359975839, 25.16061040115433], [121.53782130040246, 25.160540501316028], [121.53789769960684, 25.160497000597378], [121.53806939857783, 25.160399098715416], [121.5382315992023, 25.160349001024073]]}}, {"type": "Feature", "properties": {"id": "north-456513661-0", "osmWay": 456513661, "name": "", "kind": "footway", "width": 0.576}, "geometry": {"type": "LineString", "coordinates": [[121.54218620150742, 25.15525390075009], [121.54224070148783, 25.155375299083722], [121.54224800122915, 25.15541479951042], [121.54220980007646, 25.15547740057043], [121.54224070148783, 25.15550040014373], [121.54236699879661, 25.15554340117679], [121.54240649926605, 25.155587398773804], [121.54240199972287, 25.1556580986705], [121.54242040102493, 25.155684800970178], [121.54250089974421, 25.1557145013834], [121.54252629999112, 25.15576219889957], [121.54250089974421, 25.155846199416096], [121.54250989883059, 25.155938500889327], [121.5424899005163, 25.15604219968559], [121.54240110043443, 25.156172000035934], [121.54238669941542, 25.156208698854652], [121.54238810106499, 25.156254799061266], [121.54241720079848, 25.1563156006917], [121.5424608007828, 25.15639790003144], [121.54246989910102, 25.15643580034136], [121.5424444988541, 25.156485199034314], [121.54245169936361, 25.15653789902084], [121.5424120004305, 25.156716699438554]]}}, {"type": "Feature", "properties": {"id": "north-456514805-0", "osmWay": 456514805, "name": "", "kind": "path", "width": 0.512}, "geometry": {"type": "LineString", "coordinates": [[121.53684139850724, 25.16206720080848], [121.53689779939734, 25.16202400046263], [121.53691849853642, 25.162026498890587], [121.53693649981017, 25.16203899945203], [121.5369627001137, 25.16204029919601], [121.53697920050605, 25.162037800768058], [121.53708719884561, 25.161995900166186], [121.53709870043464, 25.162032598984908]]}}, {"type": "Feature", "properties": {"id": "north-457101119-0", "osmWay": 457101119, "name": "", "kind": "service", "width": 1.28}, "geometry": {"type": "LineString", "coordinates": [[121.53480210071979, 25.16202209997305], [121.5347291002055, 25.16209829921847], [121.5346701006819, 25.162104399312792], [121.53462980015584, 25.162094501046532], [121.5346236012676, 25.16207419921398], [121.53464180100501, 25.162029699124147]]}}, {"type": "Feature", "properties": {"id": "north-457101122-0", "osmWay": 457101122, "name": "", "kind": "track", "width": 0.96}, "geometry": {"type": "LineString", "coordinates": [[121.53515179988283, 25.164123101028565], [121.53515160141917, 25.16412299996856], [121.5351198999512, 25.164111900211104], [121.5350650991743, 25.16405189863906], [121.53499150016805, 25.164000899829322], [121.53495630077815, 25.16394889884118], [121.53492120062006, 25.163924299151095], [121.53487760063574, 25.16390949947449], [121.53479389858903, 25.163906400300935], [121.53464660134468, 25.163880700179664], [121.5345898996581, 25.16385149945203], [121.5345555003248, 25.163807998733382], [121.534497198525, 25.163714599636183], [121.53445509942206, 25.163686698652533]]}}, {"type": "Feature", "properties": {"id": "north-457101123-0", "osmWay": 457101123, "name": "", "kind": "footway", "width": 0.576}, "geometry": {"type": "LineString", "coordinates": [[121.53501080075856, 25.163804700247034], [121.53497010020419, 25.163772498598636], [121.53489309940684, 25.163735698719908], [121.53488250020725, 25.16370209907474], [121.53489930139608, 25.16363690133399], [121.53491880045023, 25.163583100916277], [121.53491750113349, 25.163373401401365], [121.5349076988895, 25.163320698607617], [121.53486100101155, 25.163285700965684], [121.53484820010577, 25.16324910039975], [121.53485830004524, 25.16316970092077], [121.53483869865826, 25.16308870132501], [121.53479739961195, 25.163070998980416], [121.53473609915034, 25.163076501136363], [121.53466210011578, 25.16309749916008], [121.53449480145616, 25.16320879991466]]}}, {"type": "Feature", "properties": {"id": "north-457101124-0", "osmWay": 457101124, "name": "", "kind": "path", "width": 0.512}, "geometry": {"type": "LineString", "coordinates": [[121.53531560062052, 25.16286120121272], [121.53534959992551, 25.16296820130255], [121.53528149898271, 25.162984699348726], [121.53518680080907, 25.162989901131873], [121.53516359916735, 25.162991200875855]]}}, {"type": "Feature", "properties": {"id": "north-457101125-0", "osmWay": 457101125, "name": "", "kind": "path", "width": 0.512}, "geometry": {"type": "LineString", "coordinates": [[121.53518680080907, 25.162989901131873], [121.53516660093014, 25.163026100265004], [121.53509240033092, 25.163094200673733], [121.53504569935198, 25.163121801284586], [121.53499390033788, 25.163137401019583], [121.5349439991325, 25.163146600287458], [121.5349054010525, 25.16313929870194], [121.53485830004524, 25.16316970092077]]}}, {"type": "Feature", "properties": {"id": "north-457101126-0", "osmWay": 457101126, "name": "", "kind": "steps", "width": 0.48}, "geometry": {"type": "LineString", "coordinates": [[121.53866860066681, 25.15791159927686], [121.5389166988422, 25.157999701145346]]}}, {"type": "Feature", "properties": {"id": "north-457101129-0", "osmWay": 457101129, "name": "好漢坡", "kind": "steps", "width": 0.48}, "geometry": {"type": "LineString", "coordinates": [[121.53941100048526, 25.153053299443048], [121.53945189950326, 25.153045599231945], [121.53957000088329, 25.153128300004493], [121.53973769957122, 25.153127499946102], [121.53986499850126, 25.153113500327883], [121.53990840002193, 25.15308200048509], [121.53993620043867, 25.153040700628818], [121.5399934013854, 25.153009299038807], [121.54002999932388, 25.15297989899838], [121.54007470016128, 25.152939699573302], [121.54006959902514, 25.153007799982035], [121.54009909878694, 25.15310439931279], [121.54011660080056, 25.153110199034316], [121.54015700055845, 25.153123698966944], [121.5402586015461, 25.153018798679483], [121.54032479847821, 25.15298330135196], [121.54047110030326, 25.152982899919152], [121.54063570109759, 25.152992099187028], [121.54070409973586, 25.152987700269495], [121.54073439955427, 25.15298460109594], [121.54080850092166, 25.15297740057043], [121.54083080017395, 25.153052799757457], [121.54085019999629, 25.15306019959576], [121.54094060019138, 25.15303629890406], [121.54095790064035, 25.153035400592884], [121.54096699895855, 25.1528927993083], [121.54099750034162, 25.152846800161697], [121.54115610071133, 25.152920399919154], [121.54119979992748, 25.152932299735], [121.54126279973414, 25.152910201280093], [121.5413552993026, 25.152951599389148]]}}, {"type": "Feature", "properties": {"id": "north-457101129-1", "osmWay": 457101129, "name": "好漢坡", "kind": "steps", "width": 0.48}, "geometry": {"type": "LineString", "coordinates": [[121.5413552993026, 25.152951599389148], [121.5413552993026, 25.152971800161698], [121.5413552993026, 25.152988399267876], [121.54135399998584, 25.15301089915559], [121.54136800097655, 25.15302859869296], [121.54140099866028, 25.153063001203737], [121.54145389852745, 25.153067599434063], [121.54148739857231, 25.153044599860763], [121.54150469902129, 25.15302620132501], [121.54150669916281, 25.1529792], [121.5415005995064, 25.152951599389148], [121.54146509932002, 25.152920399919154], [121.54140510127615, 25.15292130103755], [121.5413552993026, 25.152951599389148]]}}, {"type": "Feature", "properties": {"id": "north-457101130-0", "osmWay": 457101130, "name": "", "kind": "footway", "width": 0.576}, "geometry": {"type": "LineString", "coordinates": [[121.5413552993026, 25.152971800161698], [121.54128690066432, 25.152993999676607], [121.54116330122083, 25.153030100556954], [121.54127619913189, 25.15323129980237], [121.54132930056372, 25.153260699842797], [121.5412179996649, 25.153320198922028], [121.54114930023015, 25.153384599411606]]}}, {"type": "Feature", "properties": {"id": "north-457101131-0", "osmWay": 457101131, "name": "", "kind": "footway", "width": 0.576}, "geometry": {"type": "LineString", "coordinates": [[121.5434140992452, 25.15285149945203], [121.54351869889464, 25.15303609959127], [121.54356050030209, 25.153078300565937], [121.54361189928788, 25.153130899492453], [121.54364339919121, 25.153146998913044], [121.54377739937063, 25.153183200853395], [121.5439067015432, 25.15316620031441], [121.54415630059998, 25.153173900525513], [121.54425190116305, 25.1532767010106], [121.54439539968898, 25.15335530043119], [121.54449330119006, 25.153416301374417], [121.54456429846182, 25.153465899380166], [121.54463559963108, 25.15348830101509], [121.54484820072106, 25.153487399896694], [121.54493210123144, 25.153523599029825], [121.54507630058217, 25.153572399784405], [121.54520830062005, 25.153567700494072]]}}, {"type": "Feature", "properties": {"id": "north-464705438-0", "osmWay": 464705438, "name": "湖山秘徑", "kind": "footway", "width": 0.576}, "geometry": {"type": "LineString", "coordinates": [[121.54302459881625, 25.155324300273985], [121.54305519943112, 25.15531720080848], [121.54312259954914, 25.15533200048509], [121.5431527009039, 25.155304801307043], [121.54326450106285, 25.155350800453647], [121.54333160038439, 25.15535720092077], [121.54340100064393, 25.155378999002874], [121.54347600129975, 25.15539999983381], [121.54355569996243, 25.155395901289076], [121.54371390030384, 25.155339798948976], [121.54375689869521, 25.155374198652535], [121.54378080116172, 25.15537319928135], [121.54381520049502, 25.155353298881604], [121.54384060074193, 25.15530139895347], [121.54391400128453, 25.15531370020212], [121.5439917990375, 25.155305300992634], [121.54402689919557, 25.155278099007365], [121.54398329921125, 25.155193899178045], [121.54400970107943, 25.15515679892652], [121.54402590067531, 25.1551194993622], [121.5441559998035, 25.155074799959575], [121.54425259888684, 25.15504040025602], [121.54429590117567, 25.155028200067374], [121.54436990021024, 25.154988500327885], [121.54440439877536, 25.154968400615342]]}}, {"type": "Feature", "properties": {"id": "north-464705439-0", "osmWay": 464705439, "name": "", "kind": "path", "width": 0.512}, "geometry": {"type": "LineString", "coordinates": [[121.54471599911852, 25.155141900997126], [121.54465859970816, 25.15522820062882], [121.54456099900355, 25.155407598984908], [121.54440999917163, 25.155647498598636], [121.54435770089741, 25.155767400682716], [121.54433150059388, 25.155815999317284]]}}, {"type": "Feature", "properties": {"id": "north-464705440-0", "osmWay": 464705440, "name": "", "kind": "path", "width": 0.512}, "geometry": {"type": "LineString", "coordinates": [[121.5441559998035, 25.155074799959575], [121.54417899988059, 25.15508970069619], [121.5442497986887, 25.155114800071864], [121.54432990048066, 25.155137100646783], [121.5444377995884, 25.15518450059738], [121.54447470142433, 25.15522359959127], [121.54454249846967, 25.155248698966943], [121.54465859970816, 25.15522820062882]]}}, {"type": "Feature", "properties": {"id": "north-464705441-0", "osmWay": 464705441, "name": "", "kind": "path", "width": 0.512}, "geometry": {"type": "LineString", "coordinates": [[121.54279959994976, 25.156116700561444], [121.54289630136593, 25.156105999429574], [121.542907201362, 25.156096901221705], [121.54299720152879, 25.156133498980417], [121.54304239852534, 25.15608379991466], [121.54310859855845, 25.15596340095221], [121.54319300142994, 25.155984898661515], [121.54334090026724, 25.155987700269495], [121.54341489930181, 25.15600440043568], [121.5435226991777, 25.156049099838306], [121.54359360031864, 25.15608810057941], [121.54373219927308, 25.156035100220087], [121.5438892987614, 25.155831500799497], [121.54394569965152, 25.155682900480596], [121.54395709890773, 25.155653000754583], [121.54416430116609, 25.155392498935502], [121.5441231013516, 25.155247699595762], [121.54400970107943, 25.15515679892652]]}}, {"type": "Feature", "properties": {"id": "north-464705444-0", "osmWay": 464705444, "name": "", "kind": "path", "width": 0.512}, "geometry": {"type": "LineString", "coordinates": [[121.54110160073093, 25.155067798746856], [121.54115170039998, 25.155080498621093], [121.54118710135452, 25.155137998957958], [121.54122939892112, 25.155170399919154], [121.54125349985128, 25.155217600556952], [121.54127640069653, 25.155227299510422], [121.54139060102533, 25.155178400503054], [121.54147889874606, 25.15519919921398], [121.54174100101314, 25.15505879879177], [121.54183910097787, 25.154938899514914]]}}, {"type": "Feature", "properties": {"id": "north-465985729-0", "osmWay": 465985729, "name": "", "kind": "footway", "width": 0.576}, "geometry": {"type": "LineString", "coordinates": [[121.54007470016128, 25.152939699573302], [121.54014410042083, 25.15276630025153], [121.54023789930604, 25.152689399200504], [121.54036179954598, 25.152655799555337], [121.54069449905653, 25.15244270049407], [121.54091739854964, 25.152353001316026], [121.54102010039038, 25.15232419921398], [121.54113859869771, 25.152290501316028], [121.54124149900211, 25.15229330011678]]}}, {"type": "Feature", "properties": {"id": "north-465985730-0", "osmWay": 465985730, "name": "", "kind": "footway", "width": 0.576}, "geometry": {"type": "LineString", "coordinates": [[121.54032479847821, 25.15298330135196], [121.54034230049183, 25.152915200943227], [121.54051220088593, 25.15271820130255], [121.54075640111108, 25.15249880002695], [121.54083960079667, 25.152460298971434], [121.54121470020662, 25.15231140108696], [121.54124149900211, 25.15229330011678], [121.54139519980033, 25.152260099097198], [121.54151199876262, 25.15229539991915], [121.54169250145732, 25.15233540003144], [121.54202699954475, 25.152421898975927], [121.5422481996928, 25.15249239955983], [121.54242869928652, 25.152548400839922], [121.54255959847133, 25.152524399088215], [121.54265530136722, 25.15256400057492], [121.54268349871127, 25.152575701077975], [121.54272240068876, 25.152614101073482], [121.54298609996806, 25.152761499901185], [121.54312410043053, 25.152795099546353], [121.54317189916158, 25.152828800251527], [121.54333120035608, 25.152910400592887], [121.54339490098752, 25.15299529942059], [121.54352410082727, 25.153091399065758], [121.54361189928788, 25.153130899492453]]}}, {"type": "Feature", "properties": {"id": "north-465985732-0", "osmWay": 465985732, "name": "", "kind": "footway", "width": 0.576}, "geometry": {"type": "LineString", "coordinates": [[121.54073439955427, 25.15298460109594], [121.5407742008202, 25.15282529964517]]}}, {"type": "Feature", "properties": {"id": "north-465985733-0", "osmWay": 465985733, "name": "", "kind": "footway", "width": 0.576}, "geometry": {"type": "LineString", "coordinates": [[121.54070409973586, 25.152987700269495], [121.54072460041128, 25.153113898953467], [121.54076170071089, 25.153301300700683]]}}, {"type": "Feature", "properties": {"id": "north-465985734-0", "osmWay": 465985734, "name": "", "kind": "footway", "width": 0.576}, "geometry": {"type": "LineString", "coordinates": [[121.54114930023015, 25.153384599411606], [121.54088030135104, 25.153203600938735], [121.54082899849608, 25.153275698832196], [121.54076170071089, 25.153301300700683], [121.5407340987578, 25.153327301194754], [121.54071919847866, 25.153341300812972], [121.54076170071089, 25.153437400458138], [121.54092449982731, 25.1535174989355], [121.54101829871252, 25.153525499519404], [121.5410609994084, 25.153492301307043], [121.54116870005247, 25.153408601163314], [121.54114930023015, 25.153384599411606]]}}, {"type": "Feature", "properties": {"id": "north-465985735-0", "osmWay": 465985735, "name": "", "kind": "footway", "width": 0.576}, "geometry": {"type": "LineString", "coordinates": [[121.54106000088814, 25.153969099613725], [121.54099940125131, 25.153943800925262], [121.54079409990266, 25.153911801396873], [121.54068090119513, 25.153916598939993], [121.54064189998581, 25.153891900997127], [121.5406277997633, 25.153882901042042], [121.54055769867897, 25.153807100422206], [121.54054639865458, 25.153794799173554], [121.54038710056106, 25.153634599411607], [121.54035350128439, 25.153584998598635], [121.54031280073002, 25.153447200471614], [121.54030220153042, 25.153347900592884], [121.54031459930691, 25.153248600714157], [121.54031720104139, 25.15320700048509], [121.54032339992963, 25.15310770060636], [121.54032479847821, 25.15298330135196]]}}, {"type": "Feature", "properties": {"id": "north-465985736-0", "osmWay": 465985736, "name": "", "kind": "footway", "width": 0.576}, "geometry": {"type": "LineString", "coordinates": [[121.54031720104139, 25.15320700048509], [121.54038359953815, 25.1533159010645], [121.54042069983775, 25.1533159010645], [121.54044200056978, 25.15328869907923], [121.54060479968621, 25.1533159010645], [121.5407340987578, 25.153327301194754]]}}, {"type": "Feature", "properties": {"id": "north-465985737-0", "osmWay": 465985737, "name": "", "kind": "footway", "width": 0.576}, "geometry": {"type": "LineString", "coordinates": [[121.54011660080056, 25.153110199034316], [121.54010219978156, 25.15315889872889], [121.54009509850388, 25.15343599965415]]}}, {"type": "Feature", "properties": {"id": "north-465985738-0", "osmWay": 465985738, "name": "", "kind": "footway", "width": 0.576}, "geometry": {"type": "LineString", "coordinates": [[121.54031459930691, 25.153248600714157], [121.54020660096735, 25.15336389895347], [121.54020250145247, 25.15337540014373], [121.54017830129047, 25.153444000238053], [121.54020130136756, 25.153548100467123], [121.54025089867547, 25.153634599411607], [121.54029860127568, 25.153679500934246], [121.54049859992354, 25.153799599523897], [121.54055769867897, 25.153807100422206]]}}, {"type": "Feature", "properties": {"id": "north-465985739-0", "osmWay": 465985739, "name": "", "kind": "footway", "width": 0.576}, "geometry": {"type": "LineString", "coordinates": [[121.54020250145247, 25.15337540014373], [121.54009509850388, 25.15343599965415], [121.540066798827, 25.153466500125763], [121.54007919970448, 25.153504900121273], [121.54024730152172, 25.153725898706433], [121.54032339992963, 25.15376599987873], [121.54043489929211, 25.153846101163314], [121.5405446000777, 25.1538924989355], [121.54064189998581, 25.153891900997127]]}}, {"type": "Feature", "properties": {"id": "north-465985740-0", "osmWay": 465985740, "name": "", "kind": "footway", "width": 0.576}, "geometry": {"type": "LineString", "coordinates": [[121.54099750034162, 25.152846800161697], [121.54101779945238, 25.152811198966944], [121.54116719917107, 25.15268850088933], [121.54128370043786, 25.152661200651277], [121.54139369891894, 25.152635500530003]]}}, {"type": "Feature", "properties": {"id": "north-465985742-0", "osmWay": 465985742, "name": "", "kind": "footway", "width": 0.576}, "geometry": {"type": "LineString", "coordinates": [[121.54128370043786, 25.152661200651277], [121.54137059961003, 25.15258390097467], [121.54147990036732, 25.152557400795004], [121.54149690001982, 25.152609000350342], [121.54175409961441, 25.152576899761947], [121.54190970132234, 25.152586699775423], [121.54196979859802, 25.152574100961193], [121.54206230126746, 25.152575498957958], [121.5421546985031, 25.152586699775423], [121.54227329914325, 25.152649399088215], [121.54233339951993, 25.152656400300934], [121.54244889916546, 25.152629900121273], [121.54265530136722, 25.15256400057492]]}}, {"type": "Feature", "properties": {"id": "north-465985743-0", "osmWay": 465985743, "name": "", "kind": "footway", "width": 0.576}, "geometry": {"type": "LineString", "coordinates": [[121.54126279973414, 25.152910201280093], [121.54130319949202, 25.152860799779916], [121.54138610148213, 25.152838600265003], [121.54142460033032, 25.152825900390766], [121.54155540028329, 25.152831200426697], [121.54158859953166, 25.152816198630077], [121.54160679926908, 25.152807900480596], [121.54169670020403, 25.152811100714157], [121.54174920004291, 25.15285339994161], [121.54186599900518, 25.15293469991017]]}}, {"type": "Feature", "properties": {"id": "north-465985744-0", "osmWay": 465985744, "name": "", "kind": "footway", "width": 0.576}, "geometry": {"type": "LineString", "coordinates": [[121.54175409961441, 25.152576899761947], [121.54175390115076, 25.152614499699066], [121.54171190127965, 25.15261659950144], [121.54171650005466, 25.15263989944754], [121.54164879914018, 25.152650499519403], [121.54159629930129, 25.152672600781532], [121.54156470016615, 25.152731799487963], [121.54158859953166, 25.152816198630077]]}}, {"type": "Feature", "properties": {"id": "north-465985745-0", "osmWay": 465985745, "name": "", "kind": "footway", "width": 0.576}, "geometry": {"type": "LineString", "coordinates": [[121.5417968003103, 25.152939999946103], [121.54188110084897, 25.153053100130254], [121.54189869899344, 25.153105901176787], [121.54200719969411, 25.153189399200503], [121.54202009983172, 25.153177799757458], [121.54209129866814, 25.15323060080399], [121.54209809914934, 25.153247601342976]]}}, {"type": "Feature", "properties": {"id": "north-465985746-0", "osmWay": 465985746, "name": "", "kind": "footway", "width": 0.576}, "geometry": {"type": "LineString", "coordinates": [[121.54297300136679, 25.153400799892204], [121.54280110083116, 25.153348798904062], [121.54267369956828, 25.153334299600253], [121.54262220135067, 25.153309500597377], [121.54250850028201, 25.153165501316025], [121.54241449983218, 25.153105999429574], [121.54233280102797, 25.153075701077974], [121.54221380035952, 25.153050598895078], [121.54196979859802, 25.152955700741106], [121.54186599900518, 25.15293469991017], [121.5417968003103, 25.152939999946103], [121.54177930139767, 25.15294140075009], [121.54165409873998, 25.152990799443046], [121.54150469902129, 25.15302620132501]]}}, {"type": "Feature", "properties": {"id": "north-465985747-0", "osmWay": 465985747, "name": "", "kind": "footway", "width": 0.576}, "geometry": {"type": "LineString", "coordinates": [[121.54412770012662, 25.153603801374416], [121.54418220010703, 25.153634899784407], [121.5442786007267, 25.153649098715416], [121.544276699817, 25.153865100444666], [121.54427450121182, 25.154123999339742]]}}, {"type": "Feature", "properties": {"id": "north-465985749-0", "osmWay": 465985749, "name": "", "kind": "footway", "width": 0.576}, "geometry": {"type": "LineString", "coordinates": [[121.5422481996928, 25.15249239955983], [121.54236800041788, 25.152461301149838], [121.54244849913717, 25.15246230052102], [121.54256530120043, 25.152475000395256], [121.54276030104498, 25.152544799173555], [121.54288049869734, 25.152610300094324], [121.54294360083682, 25.152652599321776], [121.5430637984892, 25.152710700404242], [121.54309649847744, 25.152719099613726], [121.5432400993362, 25.15272649945203], [121.5433631002877, 25.15274079944305]]}}, {"type": "Feature", "properties": {"id": "north-465991454-0", "osmWay": 465991454, "name": "", "kind": "footway", "width": 0.576}, "geometry": {"type": "LineString", "coordinates": [[121.54279959994976, 25.156116700561444], [121.54267899916809, 25.156232099860762], [121.54265479900609, 25.15626459907474], [121.54260799879532, 25.156271998913045], [121.54254499898866, 25.15625169988771], [121.54253079953432, 25.156225999766438], [121.54252670001942, 25.156192899806864], [121.54250030125225, 25.156163398706433], [121.54247180001072, 25.156183700538985], [121.54240110043443, 25.156172000035934]]}}, {"type": "Feature", "properties": {"id": "north-465991455-0", "osmWay": 465991455, "name": "", "kind": "footway", "width": 0.576}, "geometry": {"type": "LineString", "coordinates": [[121.54423389988929, 25.153864300386275], [121.544276699817, 25.153865100444666], [121.54432239917469, 25.15386469901186], [121.54437350046499, 25.1539705986705], [121.5443928010555, 25.15401729962271]]}}, {"type": "Feature", "properties": {"id": "north-465991456-0", "osmWay": 465991456, "name": "", "kind": "footway", "width": 0.576}, "geometry": {"type": "LineString", "coordinates": [[121.54437350046499, 25.1539705986705], [121.54460299887465, 25.153840700067374], [121.54466490092922, 25.153813500889328], [121.54469150126104, 25.15378629890406], [121.54471450133812, 25.15378949913762], [121.54472510053773, 25.1537767010106], [121.54478880116916, 25.15377510089382], [121.54483480132332, 25.15375740135645], [121.54492330060872, 25.153722198787282], [121.54495760071019, 25.15376599987873]]}}, {"type": "Feature", "properties": {"id": "north-465991457-0", "osmWay": 465991457, "name": "", "kind": "footway", "width": 0.576}, "geometry": {"type": "LineString", "coordinates": [[121.54434739939329, 25.15341719968559], [121.54439949920386, 25.1535028003189], [121.5445940990201, 25.153571599726014], [121.54464550110688, 25.15360850066475], [121.54468619856026, 25.153728599254404], [121.54466490092922, 25.153813500889328]]}}, {"type": "Feature", "properties": {"id": "north-465991458-0", "osmWay": 465991458, "name": "", "kind": "footway", "width": 0.576}, "geometry": {"type": "LineString", "coordinates": [[121.54520830062005, 25.153567700494072], [121.54560809945214, 25.153645300543477], [121.54586649913163, 25.153851999137622], [121.54600270101723, 25.15394969889957], [121.5460476003183, 25.15398060080399], [121.54606999880242, 25.15399609947898], [121.54615669951095, 25.154069800296444], [121.54629999957322, 25.154082601230687], [121.54635670125981, 25.154113000642294], [121.54638670028174, 25.154149898773806], [121.5464876004446, 25.15430210075907], [121.54654419979838, 25.154436600399748], [121.54653539917565, 25.154527899694575]]}}, {"type": "Feature", "properties": {"id": "north-465991459-0", "osmWay": 465991459, "name": "", "kind": "footway", "width": 0.576}, "geometry": {"type": "LineString", "coordinates": [[121.54520830062005, 25.153567700494072], [121.54544189854461, 25.153504100062882], [121.5455959001393, 25.153522498598633], [121.54570310152324, 25.15356800086687], [121.5459681001193, 25.153758900413223], [121.54618789861779, 25.153815199258894], [121.54626619873189, 25.153876899200505], [121.54657280027173, 25.153879799061265], [121.5468098992192, 25.154010000844412], [121.54682329861694, 25.154014801194755], [121.54696489933417, 25.154066198630076], [121.54713529898842, 25.15418710008534], [121.54730229995256, 25.15431480063331]]}}, {"type": "Feature", "properties": {"id": "north-465991461-0", "osmWay": 465991461, "name": "", "kind": "steps", "width": 0.48}, "geometry": {"type": "LineString", "coordinates": [[121.54628410077382, 25.154803400503056], [121.54630180125109, 25.154761800273985]]}}, {"type": "Feature", "properties": {"id": "north-465991462-0", "osmWay": 465991462, "name": "", "kind": "steps", "width": 0.48}, "geometry": {"type": "LineString", "coordinates": [[121.54596909863956, 25.15467849875584], [121.54597440134036, 25.154635200157205]]}}, {"type": "Feature", "properties": {"id": "north-465991463-0", "osmWay": 465991463, "name": "", "kind": "steps", "width": 0.48}, "geometry": {"type": "LineString", "coordinates": [[121.54602220007139, 25.154537500395257], [121.54604880040323, 25.154491099815846]]}}, {"type": "Feature", "properties": {"id": "north-465991464-0", "osmWay": 465991464, "name": "", "kind": "steps", "width": 0.48}, "geometry": {"type": "LineString", "coordinates": [[121.54650890117664, 25.154630399806862], [121.54654780005312, 25.15461439863906]]}}, {"type": "Feature", "properties": {"id": "north-465991465-0", "osmWay": 465991465, "name": "", "kind": "steps", "width": 0.48}, "geometry": {"type": "LineString", "coordinates": [[121.54594260064054, 25.154837000148223], [121.54597619991723, 25.15482899956432]]}}, {"type": "Feature", "properties": {"id": "north-465991466-0", "osmWay": 465991466, "name": "", "kind": "steps", "width": 0.48}, "geometry": {"type": "LineString", "coordinates": [[121.54620660071633, 25.15490729861211], [121.5462132988647, 25.154945998980416]]}}, {"type": "Feature", "properties": {"id": "north-465991467-0", "osmWay": 465991467, "name": "", "kind": "footway", "width": 0.576}, "geometry": {"type": "LineString", "coordinates": [[121.5462132988647, 25.154945998980416], [121.54620980094278, 25.154974801082464], [121.54614080071154, 25.155038901199244], [121.54607530150322, 25.15506130002695], [121.54600280024907, 25.15503839870643], [121.54589799903496, 25.154911001338483], [121.54593019976308, 25.154867500619837], [121.54594260064054, 25.154837000148223]]}}, {"type": "Feature", "properties": {"id": "north-465991468-0", "osmWay": 465991468, "name": "", "kind": "footway", "width": 0.576}, "geometry": {"type": "LineString", "coordinates": [[121.54594260064054, 25.154837000148223], [121.54584160124585, 25.15486360138789]]}}, {"type": "Feature", "properties": {"id": "north-465991469-0", "osmWay": 465991469, "name": "", "kind": "steps", "width": 0.48}, "geometry": {"type": "LineString", "coordinates": [[121.54655799922442, 25.154844200673733], [121.54660889895007, 25.154785201280095], [121.54674070052431, 25.15478899945203], [121.5468080014105, 25.154781099928137], [121.54684309846758, 25.154781899986524], [121.54691979846845, 25.15477430083543], [121.54696539859431, 25.154759700471615], [121.54700609914866, 25.15474430004941], [121.54704679970303, 25.154680399245418], [121.54720400152418, 25.154557400795007], [121.54724160108391, 25.154492200247034], [121.54730229995256, 25.15431480063331], [121.5473244007412, 25.15426379901635], [121.54734119882905, 25.1541906006917]]}}, {"type": "Feature", "properties": {"id": "north-465991470-0", "osmWay": 465991470, "name": "", "kind": "footway", "width": 0.576}, "geometry": {"type": "LineString", "coordinates": [[121.54668930153852, 25.154601600512038], [121.54678670067847, 25.15467849875584], [121.5468080014105, 25.154781099928137]]}}, {"type": "Feature", "properties": {"id": "north-465991471-0", "osmWay": 465991471, "name": "", "kind": "footway", "width": 0.576}, "geometry": {"type": "LineString", "coordinates": [[121.54663309911207, 25.154658999788897], [121.54670880059268, 25.154737700269493], [121.54674070052431, 25.15478899945203]]}}, {"type": "Feature", "properties": {"id": "north-465991472-0", "osmWay": 465991472, "name": "", "kind": "steps", "width": 0.48}, "geometry": {"type": "LineString", "coordinates": [[121.5460476003183, 25.15398060080399], [121.5459726988943, 25.154146701347468], [121.54596909863956, 25.154261999586776], [121.54598500053996, 25.154326099703557], [121.54596230125935, 25.154372500282967]]}}, {"type": "Feature", "properties": {"id": "north-465991473-0", "osmWay": 465991473, "name": "", "kind": "steps", "width": 0.48}, "geometry": {"type": "LineString", "coordinates": [[121.54587640060745, 25.15438020049407], [121.54565120017632, 25.154398001091447]]}}, {"type": "Feature", "properties": {"id": "north-465991474-0", "osmWay": 465991474, "name": "", "kind": "steps", "width": 0.48}, "geometry": {"type": "LineString", "coordinates": [[121.54698610083437, 25.155157899357707], [121.54699740085877, 25.15521630081297], [121.54695189996474, 25.15527240034585]]}}, {"type": "Feature", "properties": {"id": "north-465991475-0", "osmWay": 465991475, "name": "", "kind": "footway", "width": 0.576}, "geometry": {"type": "LineString", "coordinates": [[121.53865240107093, 25.159963600265], [121.53865099942136, 25.15992820119026], [121.53869190154037, 25.159892299622708], [121.53872920030364, 25.15987639951491], [121.53879810130304, 25.15983730052102], [121.53882499933036, 25.15979819871991], [121.53886819928638, 25.159773899402623], [121.53888229950891, 25.159766799937117], [121.5388996991897, 25.159757999294825], [121.53891600111841, 25.15972740057043], [121.53901530116806, 25.159695698607617], [121.53905959887618, 25.159705201055516], [121.53916480011858, 25.159661700336866]]}}, {"type": "Feature", "properties": {"id": "north-465991476-0", "osmWay": 465991476, "name": "", "kind": "footway", "width": 0.576}, "geometry": {"type": "LineString", "coordinates": [[121.53904770035983, 25.15954360048958], [121.53886120034153, 25.159684099164572], [121.53886470136445, 25.15973480040873], [121.53888229950891, 25.159766799937117]]}}, {"type": "Feature", "properties": {"id": "north-465991478-0", "osmWay": 465991478, "name": "", "kind": "steps", "width": 0.48}, "geometry": {"type": "LineString", "coordinates": [[121.53958319871637, 25.15896310057941], [121.53973089909002, 25.15903629890406], [121.53977840012557, 25.159094899672116], [121.5397952013144, 25.159115600130256], [121.53984250078531, 25.159188200516528], [121.53985590018306, 25.15922439964966], [121.53989309971449, 25.15923620121272]]}}, {"type": "Feature", "properties": {"id": "north-465991479-0", "osmWay": 465991479, "name": "", "kind": "footway", "width": 0.576}, "geometry": {"type": "LineString", "coordinates": [[121.53984250078531, 25.159188200516528], [121.53978739921195, 25.159250501203736], [121.53964889948934, 25.159340899380165], [121.53962799878562, 25.1593548007456], [121.53947200015038, 25.159446599726014], [121.53939310154432, 25.15952510089382], [121.53938070066684, 25.15955809979339], [121.53936559882305, 25.15960339994161], [121.5393460997689, 25.15962940043568], [121.53932170114325, 25.159645800229068], [121.53932999940484, 25.159655499182538], [121.53943899936566, 25.15961789924542], [121.53946079935783, 25.159594501046534], [121.53946580126214, 25.159560601028566], [121.5396925987055, 25.159452301194754]]}}, {"type": "Feature", "properties": {"id": "north-465991480-0", "osmWay": 465991480, "name": "", "kind": "footway", "width": 0.576}, "geometry": {"type": "LineString", "coordinates": [[121.53977840012557, 25.159094899672116], [121.53982320019482, 25.159061698652533], [121.53978350126172, 25.15898450003593], [121.53980210102743, 25.158945799667624]]}}, {"type": "Feature", "properties": {"id": "north-465991481-0", "osmWay": 465991481, "name": "", "kind": "steps", "width": 0.48}, "geometry": {"type": "LineString", "coordinates": [[121.53950729877211, 25.158868601051026], [121.53959799976369, 25.15885880103755], [121.53970530037945, 25.158847100534494], [121.53972310008855, 25.15885519937118], [121.53977039955946, 25.158874400772547]]}}, {"type": "Feature", "properties": {"id": "north-465991482-0", "osmWay": 465991482, "name": "", "kind": "footway", "width": 0.576}, "geometry": {"type": "LineString", "coordinates": [[121.5396925987055, 25.159452301194754], [121.53997040130832, 25.15931750118128], [121.54004790136581, 25.159401498890585], [121.54006349936873, 25.159454701369924]]}}, {"type": "Feature", "properties": {"id": "north-465991483-0", "osmWay": 465991483, "name": "", "kind": "footway", "width": 0.576}, "geometry": {"type": "LineString", "coordinates": [[121.54000270126826, 25.159309301284587], [121.54003799988999, 25.159251899200502], [121.54006029914228, 25.159248101028567]]}}, {"type": "Feature", "properties": {"id": "north-465991484-0", "osmWay": 465991484, "name": "", "kind": "footway", "width": 0.576}, "geometry": {"type": "LineString", "coordinates": [[121.54007710033113, 25.159263299330757], [121.54010450071956, 25.159224001024075], [121.54018070146032, 25.1591909010645], [121.54021859871553, 25.159193899178046], [121.54023999867938, 25.159203000193138], [121.54031770030153, 25.159188899514913], [121.54033050120731, 25.15916509988322], [121.5403672014786, 25.15914409905228]]}}, {"type": "Feature", "properties": {"id": "north-465991485-0", "osmWay": 465991485, "name": "", "kind": "footway", "width": 0.576}, "geometry": {"type": "LineString", "coordinates": [[121.54031770030153, 25.159188899514913], [121.54032170058458, 25.15920109970356], [121.54036839846253, 25.159198999901186], [121.54041639875821, 25.15914709997305]]}}, {"type": "Feature", "properties": {"id": "north-465991486-0", "osmWay": 465991486, "name": "", "kind": "footway", "width": 0.576}, "geometry": {"type": "LineString", "coordinates": [[121.5404938988157, 25.159142998621093], [121.54058259966574, 25.159230699056774], [121.5406160997106, 25.159256898863635], [121.54067959877739, 25.159381399178045]]}}, {"type": "Feature", "properties": {"id": "north-465991487-0", "osmWay": 465991487, "name": "", "kind": "footway", "width": 0.576}, "geometry": {"type": "LineString", "coordinates": [[121.54052100150867, 25.159068899178045], [121.54045360139064, 25.15895700048509], [121.54039640044392, 25.158924299151096], [121.54037990005156, 25.158870799106182], [121.54034439986518, 25.15882739944754], [121.54034399983688, 25.158807299735], [121.54036469897595, 25.15879310080399], [121.54041450094951, 25.158796098917534]]}}, {"type": "Feature", "properties": {"id": "north-465991488-0", "osmWay": 465991488, "name": "", "kind": "footway", "width": 0.576}, "geometry": {"type": "LineString", "coordinates": [[121.54017470103572, 25.158765500193137], [121.54018739960868, 25.158702399447538], [121.54021020122211, 25.15867180072314], [121.54024189958909, 25.15864599954186], [121.5402823985788, 25.158637299959576], [121.54033069967096, 25.158641499564318], [121.54035670151083, 25.158628401064497], [121.54036640142199, 25.158639298701942], [121.54034399983688, 25.15874960008534]]}}, {"type": "Feature", "properties": {"id": "north-465991489-0", "osmWay": 465991489, "name": "", "kind": "footway", "width": 0.576}, "geometry": {"type": "LineString", "coordinates": [[121.54012140114024, 25.15861679881423], [121.54015930149644, 25.15853289935771], [121.54016519958822, 25.15854760078153], [121.54018269850084, 25.15856099965415], [121.5401837001221, 25.15857629901635]]}}, {"type": "Feature", "properties": {"id": "north-465991490-0", "osmWay": 465991490, "name": "", "kind": "footway", "width": 0.576}, "geometry": {"type": "LineString", "coordinates": [[121.54012140114024, 25.15861679881423], [121.54014539973758, 25.158604098939993], [121.5401837001221, 25.15857629901635], [121.54020999965745, 25.15858570040424], [121.54024260041388, 25.15856720080848], [121.54027280100046, 25.15856130002695], [121.54035569988957, 25.15856080034136], [121.54040960137802, 25.158590899380165], [121.54043990119642, 25.158591999811353], [121.54046210121689, 25.15858139973949], [121.54047110030326, 25.158568500552462], [121.54046999945018, 25.15854070062882], [121.54048160027105, 25.158518501113907], [121.54049739983863, 25.15850390075009], [121.5405045011163, 25.158479399312792], [121.54050500037643, 25.158465700067374], [121.54049680134666, 25.158411801396873], [121.54045989951071, 25.15839420011229], [121.54041949975283, 25.15839169887711], [121.5403633996592, 25.15839530054348], [121.54030769959388, 25.158412800768055], [121.54029029991308, 25.15843099999102], [121.54024349970231, 25.158450900390765], [121.54020380076922, 25.15847729951042], [121.54017280012602, 25.15848670089831]]}}, {"type": "Feature", "properties": {"id": "north-465991492-0", "osmWay": 465991492, "name": "", "kind": "footway", "width": 0.576}, "geometry": {"type": "LineString", "coordinates": [[121.54010949952288, 25.158416899312794], [121.54014419965266, 25.158383198607616], [121.54019789957646, 25.158373698966944], [121.54028410102484, 25.158363098895077], [121.54031310152651, 25.15835119907923], [121.54033490151866, 25.15832979962271], [121.54035600068605, 25.15832419921398], [121.54038209865675, 25.158319398863636], [121.54040659961522, 25.158320198922027], [121.54044819945803, 25.15833589971703]]}}, {"type": "Feature", "properties": {"id": "north-465991494-0", "osmWay": 465991494, "name": "", "kind": "footway", "width": 0.576}, "geometry": {"type": "LineString", "coordinates": [[121.54056409913186, 25.158503198944484], [121.5405045011163, 25.158479399312792]]}}, {"type": "Feature", "properties": {"id": "north-465991495-0", "osmWay": 465991495, "name": "", "kind": "footway", "width": 0.576}, "geometry": {"type": "LineString", "coordinates": [[121.54010099969665, 25.15835690054797], [121.54013609985472, 25.158346600848905], [121.54016070004502, 25.158321700786022], [121.54016809901819, 25.15828899945203], [121.5401563989655, 25.15825740135645], [121.540127299232, 25.15823480040873], [121.5400895012086, 25.1582292], [121.54005400102221, 25.15824239955983], [121.54003129864063, 25.158270300543478], [121.54002740069039, 25.158301500013476], [121.540040300828, 25.158330700741107], [121.54006700039166, 25.15835069939364], [121.54010099969665, 25.15835690054797]]}}, {"type": "Feature", "properties": {"id": "north-465991496-0", "osmWay": 465991496, "name": "", "kind": "footway", "width": 0.576}, "geometry": {"type": "LineString", "coordinates": [[121.5401450989411, 25.157802199011858], [121.5401909006316, 25.157885500530003], [121.54017729966921, 25.15793820051653], [121.54015890146815, 25.1579399999461], [121.54001699995445, 25.157993300678225], [121.53997890113456, 25.158050801015094], [121.53996560096866, 25.15809260055695], [121.53994060075004, 25.158129799061264], [121.53990119951243, 25.158145398796265], [121.53986049895808, 25.158142100309917], [121.53983530027581, 25.15813000118128], [121.53980799911919, 25.15809160118577], [121.53974530010902, 25.158118499991016], [121.53970490035114, 25.158137701392384], [121.53962080137711, 25.15821340095221]]}}, {"type": "Feature", "properties": {"id": "north-465991497-0", "osmWay": 465991497, "name": "", "kind": "footway", "width": 0.576}, "geometry": {"type": "LineString", "coordinates": [[121.53960649958994, 25.158095699730506], [121.53958250099258, 25.158061999025332], [121.53958810138887, 25.158029901244163], [121.53961059910482, 25.158010000844413], [121.53963860108621, 25.15801119952839], [121.53966789928336, 25.158043999115165], [121.53966589914184, 25.158082399110672], [121.53964830099738, 25.158096000103306], [121.53960649958994, 25.158095699730506]]}}, {"type": "Feature", "properties": {"id": "north-465991499-0", "osmWay": 465991499, "name": "", "kind": "footway", "width": 0.576}, "geometry": {"type": "LineString", "coordinates": [[121.54015890146815, 25.1579399999461], [121.5401821992407, 25.157989101073483], [121.54025569901513, 25.158064399200505], [121.54030979896724, 25.158099001024077], [121.5403508995499, 25.15810530043119], [121.54037300033853, 25.158091898751348], [121.54038969919456, 25.15804680072314], [121.54037039860405, 25.15798240023356], [121.54033649853089, 25.157924899896695], [121.54030779882571, 25.157900799892204], [121.54028820053972, 25.15791049884567], [121.54027619969055, 25.157892900368306], [121.54023879859447, 25.15787920112289], [121.5401909006316, 25.157885500530003]]}}, {"type": "Feature", "properties": {"id": "north-465991500-0", "osmWay": 465991500, "name": "", "kind": "footway", "width": 0.576}, "geometry": {"type": "LineString", "coordinates": [[121.54017729966921, 25.15793820051653], [121.54020140059939, 25.157969001360943], [121.54025399967009, 25.157970000732124], [121.54028429948849, 25.15794569860762], [121.54028820053972, 25.15791049884567]]}}, {"type": "Feature", "properties": {"id": "north-465992467-0", "osmWay": 465992467, "name": "", "kind": "footway", "width": 0.576}, "geometry": {"type": "LineString", "coordinates": [[121.54025569901513, 25.158064399200505], [121.54024050104051, 25.158075400705176], [121.54024300044217, 25.158126899200504]]}}, {"type": "Feature", "properties": {"id": "north-465992468-0", "osmWay": 465992468, "name": "", "kind": "footway", "width": 0.576}, "geometry": {"type": "LineString", "coordinates": [[121.53994060075004, 25.158129799061264], [121.54000730004327, 25.158248101028565], [121.54003129864063, 25.158270300543478]]}}, {"type": "Feature", "properties": {"id": "north-465992469-0", "osmWay": 465992469, "name": "", "kind": "footway", "width": 0.576}, "geometry": {"type": "LineString", "coordinates": [[121.53993570117855, 25.158010800902805], [121.53997890113456, 25.158050801015094], [121.54002050097736, 25.158051800386275], [121.54013579905825, 25.15808940032339], [121.54024300044217, 25.158126899200504], [121.54026419884138, 25.15814590128908], [121.54026710137235, 25.158171898975926], [121.54026089938311, 25.15818500028297]]}}, {"type": "Feature", "properties": {"id": "north-465992470-0", "osmWay": 465992470, "name": "", "kind": "footway", "width": 0.576}, "geometry": {"type": "LineString", "coordinates": [[121.53964830099738, 25.158096000103306], [121.53965019880609, 25.15813240135645], [121.53962080137711, 25.15821340095221], [121.53965129965917, 25.15830509887262], [121.53968070018915, 25.158403800812973], [121.53970720128915, 25.158472799532877], [121.53967159876994, 25.158484699348726], [121.53962890117505, 25.158528899065757], [121.5396089989916, 25.15859080112738], [121.5395943002771, 25.158636499901185], [121.53958420033764, 25.158738601387892], [121.53959029999405, 25.15881960098365], [121.53959799976369, 25.15885880103755]]}}, {"type": "Feature", "properties": {"id": "north-465992471-0", "osmWay": 465992471, "name": "", "kind": "footway", "width": 0.576}, "geometry": {"type": "LineString", "coordinates": [[121.53972310008855, 25.15885519937118], [121.53976410143939, 25.158802100759072], [121.5397780993291, 25.15879360048958], [121.53983509871117, 25.158754100062882], [121.5399040989424, 25.158696498666007], [121.5399552002327, 25.15866810080399], [121.53999350061723, 25.15865010089382], [121.54004739900468, 25.15859829921847]]}}, {"type": "Feature", "properties": {"id": "north-465992472-0", "osmWay": 465992472, "name": "", "kind": "steps", "width": 0.48}, "geometry": {"type": "LineString", "coordinates": [[121.53950910044999, 25.15859719878728], [121.5396089989916, 25.15859080112738]]}}, {"type": "Feature", "properties": {"id": "north-465992473-0", "osmWay": 465992473, "name": "", "kind": "footway", "width": 0.576}, "geometry": {"type": "LineString", "coordinates": [[121.53977039955946, 25.158874400772547], [121.53978209961215, 25.158880399806865], [121.53980210102743, 25.158945799667624], [121.53988740008639, 25.159073300902804], [121.53992240101263, 25.159133498980417], [121.53995649954945, 25.159196201100432], [121.53998900107403, 25.159247601342976], [121.54000179887882, 25.15927510089382]]}}, {"type": "Feature", "properties": {"id": "north-465992474-0", "osmWay": 465992474, "name": "", "kind": "footway", "width": 0.576}, "geometry": {"type": "LineString", "coordinates": [[121.53990119951243, 25.158145398796265], [121.53987489997708, 25.15817929881423], [121.53986470080578, 25.15819300086687], [121.53982979911136, 25.158227799196013], [121.53984639873555, 25.158262100646784], [121.53985479932997, 25.158275199146605], [121.53988570074134, 25.158317299061267], [121.53990399971057, 25.15834749916008], [121.53990969933868, 25.15838559878279], [121.53989420056757, 25.158427698697448], [121.53986270066426, 25.158444300610853], [121.53983379939442, 25.15846280020661], [121.53980980079707, 25.158507698922026], [121.53979120103135, 25.158569199550843], [121.53976479916318, 25.158779901244163], [121.5397780993291, 25.15879360048958], [121.53978640069168, 25.158837101208228], [121.53978209961215, 25.158880399806865]]}}, {"type": "Feature", "properties": {"id": "north-465992475-0", "osmWay": 465992475, "name": "", "kind": "footway", "width": 0.576}, "geometry": {"type": "LineString", "coordinates": [[121.53965129965917, 25.15830509887262], [121.53968559976065, 25.158297499721524], [121.53973369928816, 25.158289400884836], [121.5397837989572, 25.15826669887711], [121.53982979911136, 25.158227799196013]]}}, {"type": "Feature", "properties": {"id": "north-465992476-0", "osmWay": 465992476, "name": "", "kind": "footway", "width": 0.576}, "geometry": {"type": "LineString", "coordinates": [[121.53985479932997, 25.158275199146605], [121.53978539907042, 25.15835690054797], [121.5397214007435, 25.158452500507547], [121.53970720128915, 25.158472799532877], [121.53978240040863, 25.158473700651275], [121.53983379939442, 25.15846280020661]]}}, {"type": "Feature", "properties": {"id": "north-465992477-0", "osmWay": 465992477, "name": "", "kind": "footway", "width": 0.576}, "geometry": {"type": "LineString", "coordinates": [[121.54010949952288, 25.158416899312794], [121.53998559928294, 25.15846630081297], [121.53995619875298, 25.15850040014373], [121.53995920051577, 25.15856019959576], [121.5399876986563, 25.158615400817464], [121.53999350061723, 25.15865010089382], [121.5399952991941, 25.158702200134748], [121.54003140097345, 25.15876439976195], [121.54004259866501, 25.15883520071865], [121.54009129978547, 25.158948399155587], [121.54016449876343, 25.15906430094772], [121.54020210142417, 25.159116700561444], [121.54021859871553, 25.159193899178046]]}}, {"type": "Feature", "properties": {"id": "north-465992478-0", "osmWay": 465992478, "name": "", "kind": "footway", "width": 0.576}, "geometry": {"type": "LineString", "coordinates": [[121.53989420056757, 25.158427698697448], [121.53991139868373, 25.15847459896245], [121.53992669899117, 25.158486599838305], [121.53995619875298, 25.15850040014373]]}}, {"type": "Feature", "properties": {"id": "north-465992999-0", "osmWay": 465992999, "name": "青春嶺水管路", "kind": "steps", "width": 0.48}, "geometry": {"type": "LineString", "coordinates": [[121.53681000093674, 25.161866700561443], [121.53679809931938, 25.161906700673732], [121.53677029890264, 25.161923799465505], [121.53672810056788, 25.16193389985178], [121.53668669918875, 25.161957399110673], [121.53665950036495, 25.16197229984729], [121.53665719942694, 25.16198250129357], [121.53666659854163, 25.161987700269492], [121.53671750136829, 25.161991400188647], [121.53676629861958, 25.16200660129806], [121.53684139850724, 25.16206720080848], [121.53683660126856, 25.162068598805245], [121.53682940075906, 25.162070799667624], [121.53680550139354, 25.162078000193137], [121.53676230143752, 25.162081801172295], [121.53677109895925, 25.16209400136094], [121.5367705004673, 25.162102498823213], [121.53672779977141, 25.16208909995059], [121.53670950080217, 25.162141799937118], [121.53667440064409, 25.16218359947898], [121.53664450085398, 25.162208698854652], [121.53662929977837, 25.162230699056774], [121.53660149936162, 25.162246801284585], [121.53659920152461, 25.16226669887711], [121.53665100053871, 25.162266799937118], [121.53668520140835, 25.16224609947898], [121.53670420120237, 25.16224869896694], [121.53673389942782, 25.162240701190264], [121.53674420093193, 25.162248300341357], [121.5367342002243, 25.162273298657023], [121.53671939917699, 25.162276299577794], [121.53671619895054, 25.162284698787282], [121.53673940059227, 25.162295001293568], [121.53673500028091, 25.16230959885016], [121.5367100000623, 25.1623309000539], [121.53672050003007, 25.162359000350342], [121.53671360031706, 25.16238150023805], [121.53670790068895, 25.16238959907474], [121.53669090103645, 25.162373999339742], [121.53666369911167, 25.16239389973949], [121.53665069974222, 25.162443099119656], [121.53666969953625, 25.162445299982036], [121.53666110047817, 25.16248000005839], [121.53663989897798, 25.162482299173554], [121.53663059909512, 25.162495799106182], [121.53662979903851, 25.16255829910618], [121.5366014001298, 25.162560800341357], [121.53643220056047, 25.162695900727634], [121.53641000054, 25.162713600265]]}}, {"type": "Feature", "properties": {"id": "north-465993564-0", "osmWay": 465993564, "name": "", "kind": "steps", "width": 0.48}, "geometry": {"type": "LineString", "coordinates": [[121.53970000077965, 25.157778598692957], [121.53971770125692, 25.157896799600252]]}}, {"type": "Feature", "properties": {"id": "north-465993565-0", "osmWay": 465993565, "name": "", "kind": "footway", "width": 0.576}, "geometry": {"type": "LineString", "coordinates": [[121.54008539859272, 25.157799798836688], [121.5401012012613, 25.157749299712542], [121.5401571990221, 25.15773460109594], [121.54024929856224, 25.15770369919152], [121.54032299990132, 25.157613000642293], [121.54030990130006, 25.157551199640675], [121.54029329857488, 25.157521799600254], [121.54028759894678, 25.157481499115164], [121.54026830145726, 25.157424099838305], [121.54024469978722, 25.157403200067375], [121.54022120045002, 25.15741139996407], [121.5401731009225, 25.157417601118397], [121.54013529979811, 25.157404600871363], [121.54010570080449, 25.15738849864355], [121.54005210011252, 25.157371801284587], [121.54003519969186, 25.15735229951042], [121.54005059923112, 25.15731880092526], [121.54000259893543, 25.15727000017068]]}}, {"type": "Feature", "properties": {"id": "north-465993566-0", "osmWay": 465993566, "name": "", "kind": "footway", "width": 0.576}, "geometry": {"type": "LineString", "coordinates": [[121.5401571990221, 25.15773460109594], [121.54014789913924, 25.157710501091447], [121.54010299983817, 25.157706099366692], [121.54005419948588, 25.157690101006107], [121.54003070014866, 25.157685101342974], [121.53993810134838, 25.15761999904779], [121.53996549863582, 25.157590700067374], [121.5400247989559, 25.15757839881872], [121.54005339942927, 25.157528899065756], [121.54009000046874, 25.15746959929932], [121.54007830041604, 25.15743740045814], [121.54009899955511, 25.157408500103305], [121.54010570080449, 25.15738849864355]]}}, {"type": "Feature", "properties": {"id": "north-465993567-0", "osmWay": 465993567, "name": "", "kind": "steps", "width": 0.48}, "geometry": {"type": "LineString", "coordinates": [[121.54005339942927, 25.157528899065756], [121.54012350051359, 25.157578600938734]]}}, {"type": "Feature", "properties": {"id": "north-465993568-0", "osmWay": 465993568, "name": "", "kind": "footway", "width": 0.576}, "geometry": {"type": "LineString", "coordinates": [[121.54005419948588, 25.157690101006107], [121.54008140141066, 25.15766330045365], [121.54014109865804, 25.15764420011229], [121.54015479885227, 25.157647498598635], [121.54019250074482, 25.157640500193136], [121.54021420150517, 25.157611100152714], [121.54020180062768, 25.157570698607618], [121.54020189985951, 25.157560101342977], [121.54024820081015, 25.15757419921398], [121.54028389946019, 25.157567400121273], [121.54030990130006, 25.157551199640675]]}}, {"type": "Feature", "properties": {"id": "north-465993569-0", "osmWay": 465993569, "name": "", "kind": "footway", "width": 0.576}, "geometry": {"type": "LineString", "coordinates": [[121.54038369876997, 25.157424798836686], [121.54039150087243, 25.157448300902804], [121.54046410135842, 25.1574788996272], [121.54048809995577, 25.157480000058392], [121.54047300121297, 25.157522201033057], [121.54046460061855, 25.157544299487963], [121.54043180139848, 25.157593498868128], [121.54047870084108, 25.157691198630076], [121.54055079896594, 25.15776519982034]]}}, {"type": "Feature", "properties": {"id": "north-465993570-0", "osmWay": 465993570, "name": "", "kind": "footway", "width": 0.576}, "geometry": {"type": "LineString", "coordinates": [[121.54013550136276, 25.157354301060007], [121.54019319846861, 25.157360199034315], [121.54021779865892, 25.157346999474488], [121.54022009959692, 25.15732309878279], [121.54021680013865, 25.15729250005839], [121.54020079900643, 25.157235199034314], [121.54022070118988, 25.157232599546354], [121.54022489993659, 25.157198000530006], [121.54024959935873, 25.157175000956702], [121.54023829933433, 25.157123300341357], [121.54023640152563, 25.157114300386276], [121.54014490047744, 25.15714549985627], [121.54011740085717, 25.157218201302552], [121.54010259980987, 25.157230398683975], [121.54006260008029, 25.157263299330758], [121.54000259893543, 25.15727000017068], [121.53985919964133, 25.15723190054797]]}}, {"type": "Feature", "properties": {"id": "north-465993571-0", "osmWay": 465993571, "name": "", "kind": "footway", "width": 0.576}, "geometry": {"type": "LineString", "coordinates": [[121.54010259980987, 25.157230398683975], [121.54013880082104, 25.157256898863636], [121.54014840150037, 25.157302999070247], [121.54013550136276, 25.157354301060007], [121.54010570080449, 25.15738849864355]]}}, {"type": "Feature", "properties": {"id": "north-465993572-0", "osmWay": 465993572, "name": "", "kind": "footway", "width": 0.576}, "geometry": {"type": "LineString", "coordinates": [[121.54023829933433, 25.157123300341357], [121.54030150070564, 25.157065499631692], [121.54033490151866, 25.15701219889957], [121.54034609921023, 25.156990900503054], [121.5403735988305, 25.156938599142112], [121.54037759911355, 25.156881500238054], [121.54037250107841, 25.156829998935503], [121.54034920020484, 25.156795001293567], [121.54031160064511, 25.156771998913044], [121.54031459930691, 25.15676279964517], [121.5403338998974, 25.156769301172297], [121.54033799941229, 25.156748101028565], [121.54040000069868, 25.156773899402623], [121.54040509873383, 25.156748101028565], [121.54038679976459, 25.15672139872889], [121.5403758997685, 25.156711399402624], [121.5402889013645, 25.156631500238053]]}}, {"type": "Feature", "properties": {"id": "north-465993573-0", "osmWay": 465993573, "name": "", "kind": "footway", "width": 0.576}, "geometry": {"type": "LineString", "coordinates": [[121.54031160064511, 25.156771998913044], [121.54017440023925, 25.15673430072314], [121.54005040076747, 25.156724200336868], [121.53998020045131, 25.156733399604743], [121.53985929887315, 25.156764700134747], [121.53984610104007, 25.156795001293567], [121.53988740008639, 25.156953300565938], [121.53991819916493, 25.156991899874235], [121.53997620016825, 25.15709859959127], [121.54003409883876, 25.157094001360942], [121.54004859908959, 25.157041500687207]]}}, {"type": "Feature", "properties": {"id": "north-465993574-0", "osmWay": 465993574, "name": "", "kind": "footway", "width": 0.576}, "geometry": {"type": "LineString", "coordinates": [[121.54014370039253, 25.15705269869745], [121.54015199865412, 25.157101401199245], [121.54010829943797, 25.157112399896693], [121.54011639923591, 25.157137299959576], [121.54014490047744, 25.15714549985627]]}}, {"type": "Feature", "properties": {"id": "north-465993575-0", "osmWay": 465993575, "name": "", "kind": "footway", "width": 0.576}, "geometry": {"type": "LineString", "coordinates": [[121.53984200152517, 25.156970399357707], [121.53988740008639, 25.156953300565938], [121.53996819960214, 25.156940401378908]]}}, {"type": "Feature", "properties": {"id": "north-465993576-0", "osmWay": 465993576, "name": "", "kind": "footway", "width": 0.576}, "geometry": {"type": "LineString", "coordinates": [[121.54031160064511, 25.156771998913044], [121.54026989846949, 25.15687319928135], [121.54025409890191, 25.156879599748475]]}}, {"type": "Feature", "properties": {"id": "north-465993577-0", "osmWay": 465993577, "name": "", "kind": "footway", "width": 0.576}, "geometry": {"type": "LineString", "coordinates": [[121.54034609921023, 25.156990900503054], [121.54039790132532, 25.1570958990433], [121.54038199942492, 25.15710670123518], [121.54037460045177, 25.157118000305427], [121.54035630148252, 25.157175000956702], [121.54031970044305, 25.157198000530006], [121.54032509927468, 25.157219001360943], [121.54031160064511, 25.157240299757458], [121.54029230005462, 25.15725870110043], [121.54026280029281, 25.157260500530004], [121.5402329005027, 25.15724960008534], [121.54022070118988, 25.157232599546354]]}}, {"type": "Feature", "properties": {"id": "north-465993578-0", "osmWay": 465993578, "name": "", "kind": "footway", "width": 0.576}, "geometry": {"type": "LineString", "coordinates": [[121.54024959935873, 25.157175000956702], [121.54028309940358, 25.157169498800755], [121.54031169987694, 25.157179500934244], [121.54031970044305, 25.157198000530006]]}}, {"type": "Feature", "properties": {"id": "north-465993579-0", "osmWay": 465993579, "name": "", "kind": "footway", "width": 0.576}, "geometry": {"type": "LineString", "coordinates": [[121.54030150070564, 25.157065499631692], [121.54038199942492, 25.15710670123518]]}}, {"type": "Feature", "properties": {"id": "north-465993580-0", "osmWay": 465993580, "name": "", "kind": "footway", "width": 0.576}, "geometry": {"type": "LineString", "coordinates": [[121.54059719914841, 25.15770670011229], [121.54058499983557, 25.157672699034315]]}}, {"type": "Feature", "properties": {"id": "north-465993580-1", "osmWay": 465993580, "name": "", "kind": "footway", "width": 0.576}, "geometry": {"type": "LineString", "coordinates": [[121.54058499983557, 25.157672699034315], [121.54058669918064, 25.157663398706433], [121.54060430042608, 25.15757149866601], [121.54062050002196, 25.157536501024076], [121.54062699970667, 25.15746769880974], [121.54063599879306, 25.157442099748472], [121.54064090146555, 25.157404101185772], [121.54064189998581, 25.15736819961822], [121.5406653000912, 25.157280799555338], [121.54068959948503, 25.157208999227453], [121.54069620150257, 25.157200100332375], [121.54070789845427, 25.157184200224577], [121.54076490093733, 25.157112399896693], [121.54066629861147, 25.157056300363816], [121.54062429874037, 25.157009899784406], [121.54061139860276, 25.15699559979339], [121.54054940041736, 25.15703609959127], [121.54057070114939, 25.15710690054797], [121.54055649859404, 25.157182299735], [121.54057890017917, 25.157263299330758], [121.54058090032069, 25.15737460008534], [121.54058499983557, 25.157464501383398], [121.54056460149299, 25.157527298948978], [121.5405280004535, 25.157574300273986], [121.54050869986301, 25.15760830135196], [121.54051380099915, 25.157633100354833], [121.5405483987961, 25.15766259864804], [121.54058499983557, 25.157672699034315]]}}, {"type": "Feature", "properties": {"id": "north-465993581-0", "osmWay": 465993581, "name": "", "kind": "steps", "width": 0.48}, "geometry": {"type": "LineString", "coordinates": [[121.54058669918064, 25.157663398706433], [121.54067719860755, 25.157679200561446]]}}, {"type": "Feature", "properties": {"id": "north-465993582-0", "osmWay": 465993582, "name": "", "kind": "footway", "width": 0.576}, "geometry": {"type": "LineString", "coordinates": [[121.54050869986301, 25.15760830135196], [121.54060430042608, 25.15757149866601]]}}, {"type": "Feature", "properties": {"id": "north-465993583-0", "osmWay": 465993583, "name": "", "kind": "footway", "width": 0.576}, "geometry": {"type": "LineString", "coordinates": [[121.54026280029281, 25.157260500530004], [121.54027690051534, 25.157282700044917], [121.54031909885009, 25.157284799847286], [121.5403368985592, 25.15728150136094], [121.54035699920631, 25.15728209929932], [121.54035749846645, 25.157293900862378], [121.54032639859143, 25.157299700583902], [121.54035019872512, 25.157344298926517], [121.54038369876997, 25.15740679892652], [121.54038369876997, 25.157424798836686]]}}, {"type": "Feature", "properties": {"id": "north-465993584-0", "osmWay": 465993584, "name": "", "kind": "footway", "width": 0.576}, "geometry": {"type": "LineString", "coordinates": [[121.54032639859143, 25.157299700583902], [121.54029079917322, 25.157302100759072], [121.54021680013865, 25.15729250005839]]}}, {"type": "Feature", "properties": {"id": "north-465993585-0", "osmWay": 465993585, "name": "", "kind": "footway", "width": 0.576}, "geometry": {"type": "LineString", "coordinates": [[121.54062429874037, 25.157009899784406], [121.54063679884968, 25.15699700059738], [121.54074560034682, 25.15702620132501], [121.54079890024232, 25.157035700965686], [121.54082990088551, 25.157030600242543], [121.54085850135887, 25.157011600961194]]}}, {"type": "Feature", "properties": {"id": "north-465993586-0", "osmWay": 465993586, "name": "", "kind": "footway", "width": 0.576}, "geometry": {"type": "LineString", "coordinates": [[121.54064090146555, 25.157404101185772], [121.54067959877739, 25.15739549985627], [121.54073569887102, 25.157359898661518], [121.54075370014478, 25.15731850055246], [121.54079129970451, 25.157244900795007], [121.54083600054193, 25.157192501181278]]}}, {"type": "Feature", "properties": {"id": "north-465993587-0", "osmWay": 465993587, "name": "", "kind": "steps", "width": 0.48}, "geometry": {"type": "LineString", "coordinates": [[121.54069620150257, 25.157200100332375], [121.54079129970451, 25.157244900795007]]}}, {"type": "Feature", "properties": {"id": "north-465993588-0", "osmWay": 465993588, "name": "", "kind": "path", "width": 0.512}, "geometry": {"type": "LineString", "coordinates": [[121.54073569887102, 25.157359898661518], [121.54078619856837, 25.15739640097467]]}}, {"type": "Feature", "properties": {"id": "north-465993589-0", "osmWay": 465993589, "name": "", "kind": "steps", "width": 0.48}, "geometry": {"type": "LineString", "coordinates": [[121.5410556998086, 25.156699300273985], [121.54097509875649, 25.156711899088215], [121.54095359956081, 25.15678579921847], [121.54092560068041, 25.156832300857886], [121.54089439847256, 25.156817798746857], [121.54086799970538, 25.15681629969008], [121.54082870080059, 25.15682659938915], [121.54079259902126, 25.15684160118577], [121.54076319849129, 25.156864901131872]]}}, {"type": "Feature", "properties": {"id": "north-465993590-0", "osmWay": 465993590, "name": "", "kind": "steps", "width": 0.48}, "geometry": {"type": "LineString", "coordinates": [[121.54079259902126, 25.15684160118577], [121.54085029922811, 25.156911399964066], [121.54090660088639, 25.156940401378908], [121.5409320011333, 25.15693219867499], [121.54093680147297, 25.156887299959575], [121.54095969921723, 25.156868101365433], [121.54093269885709, 25.1568538996272], [121.54092560068041, 25.156832300857886]]}}, {"type": "Feature", "properties": {"id": "north-465993591-0", "osmWay": 465993591, "name": "", "kind": "steps", "width": 0.48}, "geometry": {"type": "LineString", "coordinates": [[121.54095359956081, 25.15678579921847], [121.54099510017178, 25.156809500597376], [121.54104599989743, 25.156907099299318], [121.54111349924727, 25.156931901109413]]}}, {"type": "Feature", "properties": {"id": "north-465993592-0", "osmWay": 465993592, "name": "", "kind": "steps", "width": 0.48}, "geometry": {"type": "LineString", "coordinates": [[121.54086799970538, 25.15681629969008], [121.5408441995717, 25.156777400008984], [121.54082110026279, 25.156748199281353], [121.54085029922811, 25.156720301104922], [121.54084880144771, 25.15669380092526], [121.54080410061029, 25.156675598895077], [121.54076410088072, 25.156668698742365], [121.54071139947719, 25.15669919921398], [121.54067160131227, 25.15664759965864], [121.54064399935918, 25.15664450048509], [121.54062450030501, 25.156656700673732], [121.54059770150954, 25.156685398908554], [121.54058690074528, 25.156724399649658], [121.54056169896202, 25.156741899874238], [121.54055349993226, 25.156763201077975], [121.54055919956036, 25.15678979951042], [121.54056230055498, 25.156809500597376], [121.54053450013824, 25.1568847987244]]}}, {"type": "Feature", "properties": {"id": "north-465993593-0", "osmWay": 465993593, "name": "", "kind": "steps", "width": 0.48}, "geometry": {"type": "LineString", "coordinates": [[121.54056230055498, 25.156809500597376], [121.54064050143725, 25.1568305996811], [121.54067799866417, 25.156834599973052], [121.54070240039081, 25.156838799577795], [121.54073759978071, 25.156868800363817], [121.54076319849129, 25.156864901131872]]}}, {"type": "Feature", "properties": {"id": "north-465993594-0", "osmWay": 465993594, "name": "", "kind": "steps", "width": 0.48}, "geometry": {"type": "LineString", "coordinates": [[121.54055919956036, 25.15678979951042], [121.54063959904781, 25.156791399627203]]}}, {"type": "Feature", "properties": {"id": "north-465993594-1", "osmWay": 465993594, "name": "", "kind": "steps", "width": 0.48}, "geometry": {"type": "LineString", "coordinates": [[121.54063959904781, 25.156791399627203], [121.54064159918934, 25.15680859947898], [121.54067530079885, 25.15681069928135], [121.54070550138543, 25.15679840083992], [121.54068010113852, 25.156741700561444], [121.54064569870422, 25.156692700494073], [121.54063789970276, 25.15670849954186], [121.54063469947631, 25.156724399649658], [121.54063959904781, 25.156791399627203]]}}, {"type": "Feature", "properties": {"id": "north-465993595-0", "osmWay": 465993595, "name": "", "kind": "steps", "width": 0.48}, "geometry": {"type": "LineString", "coordinates": [[121.54067530079885, 25.15681069928135], [121.54067799866417, 25.156834599973052]]}}, {"type": "Feature", "properties": {"id": "north-465993596-0", "osmWay": 465993596, "name": "", "kind": "steps", "width": 0.48}, "geometry": {"type": "LineString", "coordinates": [[121.54071139947719, 25.15669919921398], [121.5407174991336, 25.156735499407116]]}}, {"type": "Feature", "properties": {"id": "north-465993597-0", "osmWay": 465993597, "name": "", "kind": "footway", "width": 0.576}, "geometry": {"type": "LineString", "coordinates": [[121.5403758997685, 25.156711399402624], [121.54044049968839, 25.15669220080848], [121.54048259879131, 25.156680300992633], [121.54053480093471, 25.156628999002876], [121.54057160043783, 25.156608699977543], [121.54048819918759, 25.156536399964068]]}}, {"type": "Feature", "properties": {"id": "north-466545331-0", "osmWay": 466545331, "name": "", "kind": "service", "width": 1.28}, "geometry": {"type": "LineString", "coordinates": [[121.54603660109039, 25.155909799847286], [121.54577870067102, 25.156033601163312], [121.545419199264, 25.156167800431188], [121.54540120109124, 25.156190698944485], [121.54540120109124, 25.15621280020661], [121.54539600072327, 25.156244600422205], [121.54538260132553, 25.15627110060187]]}}, {"type": "Feature", "properties": {"id": "north-466549577-0", "osmWay": 466549577, "name": "", "kind": "service", "width": 1.28}, "geometry": {"type": "LineString", "coordinates": [[121.53438950098193, 25.160152599321776], [121.53432220009573, 25.160138700763564], [121.53428410127586, 25.15987860037729], [121.53426110119878, 25.15983170011229], [121.53402790020154, 25.159745700853396], [121.533956199004, 25.15975660129806]]}}, {"type": "Feature", "properties": {"id": "north-472248474-0", "osmWay": 472248474, "name": "", "kind": "footway", "width": 0.576}, "geometry": {"type": "LineString", "coordinates": [[121.54394569965152, 25.155682900480596], [121.5439903012571, 25.15574719991017], [121.54405330106376, 25.155795099546353], [121.54414879929399, 25.155837398773805], [121.5443114991786, 25.155850300768055], [121.5443825987832, 25.155877901378908], [121.54444970120574, 25.155899999833814], [121.54463470034263, 25.155997500282968], [121.54472209877494, 25.15608760089382], [121.54480130127847, 25.156139200449157], [121.54487859977131, 25.156166801060007], [121.54496800144614, 25.15623670089831], [121.54502700096972, 25.15626429870194], [121.5451346985128, 25.156277099636185], [121.54521400024817, 25.15627350077704], [121.54528919936764, 25.15627160028746], [121.5453197007507, 25.156249499025332], [121.54540120109124, 25.15621280020661]]}}, {"type": "Feature", "properties": {"id": "north-472248476-0", "osmWay": 472248476, "name": "", "kind": "path", "width": 0.512}, "geometry": {"type": "LineString", "coordinates": [[121.54284380152704, 25.15811789924542], [121.54287639918246, 25.158182198674993], [121.54292889902135, 25.15822470002246], [121.54301180101145, 25.158259200786024], [121.54307450002163, 25.158283000417715], [121.5430879986512, 25.158316499002876], [121.54318999966716, 25.15843119930381], [121.54324369959096, 25.15850550086687], [121.54329160065481, 25.15855749904779], [121.54328969974512, 25.158656099928134], [121.54331290138684, 25.158695998980416], [121.54334800154491, 25.15870780054348], [121.54337350102367, 25.158719099613727], [121.54336390034432, 25.15875470080848], [121.54334730072013, 25.15877939875135], [121.54333970018233, 25.15881240045814], [121.54335069941024, 25.158840099321775]]}}, {"type": "Feature", "properties": {"id": "north-472248477-0", "osmWay": 472248477, "name": "", "kind": "path", "width": 0.512}, "geometry": {"type": "LineString", "coordinates": [[121.54317999895952, 25.157925699955086], [121.54317909967108, 25.158048198719907], [121.54316749885021, 25.158132499609234], [121.54315350096051, 25.158178599815848], [121.54312189872437, 25.158232798859146], [121.54307450002163, 25.158283000417715]]}}, {"type": "Feature", "properties": {"id": "north-472248478-0", "osmWay": 472248478, "name": "", "kind": "path", "width": 0.512}, "geometry": {"type": "LineString", "coordinates": [[121.54329160065481, 25.15855749904779], [121.5433820008499, 25.15850020083094], [121.54342589852972, 25.158461399402622], [121.54347459965018, 25.158405701302552], [121.54350430097664, 25.1583694993622], [121.54357999935625, 25.158319699236436], [121.54361530107897, 25.158265199820338], [121.54365069893254, 25.158204400997125], [121.54370380036437, 25.15815949947449], [121.54375689869521, 25.15810830135196], [121.54382059932665, 25.158073000530003], [121.54390560069011, 25.158069800296442]]}}, {"type": "Feature", "properties": {"id": "north-472248479-0", "osmWay": 472248479, "name": "", "kind": "path", "width": 0.512}, "geometry": {"type": "LineString", "coordinates": [[121.54375689869521, 25.15810830135196], [121.54385249925828, 25.158220399357706], [121.54390909861203, 25.158217199124145], [121.54399200060215, 25.15820339881872]]}}, {"type": "Feature", "properties": {"id": "north-472248480-0", "osmWay": 472248480, "name": "", "kind": "path", "width": 0.512}, "geometry": {"type": "LineString", "coordinates": [[121.54399200060215, 25.15820339881872], [121.54396959901703, 25.15824780065577], [121.54392330116738, 25.158284499474487], [121.54385249925828, 25.158354898998383], [121.54380649910412, 25.15839980052102]]}}, {"type": "Feature", "properties": {"id": "north-472248481-0", "osmWay": 472248481, "name": "", "kind": "path", "width": 0.512}, "geometry": {"type": "LineString", "coordinates": [[121.5433820008499, 25.15850020083094], [121.54342930032081, 25.158536399964067], [121.54349479952913, 25.15860039902084], [121.54354889948122, 25.158680000619835], [121.54366780091786, 25.158779600871362], [121.5438771986804, 25.158947599097196], [121.54404360115258, 25.159120498733383], [121.5441159008421, 25.15923270060636], [121.54411790098362, 25.159296699663134], [121.54406479955179, 25.159354399312793], [121.5439763002664, 25.159412098962452], [121.54387379999031, 25.159510200157204], [121.54383279863947, 25.159570900727633], [121.54382530043449, 25.159631199865252], [121.54384409866385, 25.159711899088215]]}}, {"type": "Feature", "properties": {"id": "north-472248482-0", "osmWay": 472248482, "name": "", "kind": "service", "width": 1.28}, "geometry": {"type": "LineString", "coordinates": [[121.54384409866385, 25.159711899088215], [121.54391589909324, 25.159647299285844], [121.54401239894474, 25.159689399200502], [121.54413109881672, 25.159771701347466], [121.54422339992152, 25.159920700291952]]}}, {"type": "Feature", "properties": {"id": "north-507810673-0", "osmWay": 507810673, "name": "", "kind": "footway", "width": 0.576}, "geometry": {"type": "LineString", "coordinates": [[121.54366969872656, 25.153733399604743], [121.54365459998377, 25.153751099142113], [121.54364629862117, 25.153772299285844], [121.54364560089738, 25.15379470092077], [121.54365269907406, 25.15381610037729], [121.54366679929659, 25.153834599973052], [121.5436864999154, 25.153848200965683], [121.54370990002079, 25.153855499743983], [121.54373440097926, 25.153855999429574], [121.54375790031646, 25.153849598962452], [121.54377810019541, 25.153836899088216], [121.54379300047455, 25.153819300610852], [121.54380119950432, 25.15379840083992], [121.5438019003291, 25.15377620132501], [121.54379500061607, 25.15375490012127], [121.54378120119003, 25.153736498778297], [121.5437618013677, 25.153722900592886], [121.5437386989578, 25.153715298634566], [121.54371399953567, 25.153714501383398], [121.54369019940198, 25.153720800790513], [121.54366969872656, 25.153733399604743]]}}, {"type": "Feature", "properties": {"id": "north-507810676-0", "osmWay": 507810676, "name": "", "kind": "footway", "width": 0.576}, "geometry": {"type": "LineString", "coordinates": [[121.54368280042881, 25.15402209997305], [121.54369789917162, 25.153922000035934], [121.54370990002079, 25.153855499743983]]}}, {"type": "Feature", "properties": {"id": "north-507810679-0", "osmWay": 507810679, "name": "", "kind": "footway", "width": 0.576}, "geometry": {"type": "LineString", "coordinates": [[121.54334179955568, 25.153801999699066], [121.54343900023197, 25.15381510100611], [121.54347690058819, 25.153823199842797], [121.54349879981218, 25.153836399402625], [121.543510999125, 25.15385850066475], [121.54351440091611, 25.153894000799497], [121.54349540112209, 25.153989901131872]]}}, {"type": "Feature", "properties": {"id": "north-507810680-0", "osmWay": 507810680, "name": "", "kind": "footway", "width": 0.576}, "geometry": {"type": "LineString", "coordinates": [[121.54386739953742, 25.154066799375673], [121.5438843991899, 25.153950498957958], [121.54389819861596, 25.153927300071864], [121.54390720080333, 25.15391239933525], [121.54395120081597, 25.153897498598635], [121.54399230139863, 25.153895000170678], [121.54408520099538, 25.153908800476106]]}}, {"type": "Feature", "properties": {"id": "north-507810681-0", "osmWay": 507810681, "name": "", "kind": "footway", "width": 0.576}, "geometry": {"type": "LineString", "coordinates": [[121.5437386989578, 25.153715298634566], [121.54375180066006, 25.153651498890586], [121.54377150127887, 25.153529300498562]]}}, {"type": "Feature", "properties": {"id": "north-507810682-0", "osmWay": 507810682, "name": "", "kind": "footway", "width": 0.576}, "geometry": {"type": "LineString", "coordinates": [[121.54351440091611, 25.153894000799497], [121.54369789917162, 25.153922000035934], [121.5438843991899, 25.153950498957958], [121.54397750035132, 25.153964798948977], [121.54399230139863, 25.153895000170678], [121.54401700082076, 25.15375050120374], [121.54402800004867, 25.153693699865254], [121.54393359957051, 25.15367929881423], [121.54375180066006, 25.153651498890586], [121.54356059953392, 25.153622300970177], [121.5434773006165, 25.15360960109594], [121.54346720067703, 25.153663999452032], [121.54343900023197, 25.15381510100611], [121.54342669858633, 25.153880599119656], [121.54351440091611, 25.153894000799497]]}}, {"type": "Feature", "properties": {"id": "north-507810683-0", "osmWay": 507810683, "name": "", "kind": "footway", "width": 0.576}, "geometry": {"type": "LineString", "coordinates": [[121.54410510007784, 25.153761901333993], [121.54401700082076, 25.15375050120374], [121.54396300010049, 25.153744600422208], [121.5439448995949, 25.15373240023356], [121.54393519968373, 25.153710599344233], [121.54393359957051, 25.15367929881423], [121.54395269859637, 25.15357469889957]]}}, {"type": "Feature", "properties": {"id": "north-507810684-0", "osmWay": 507810684, "name": "", "kind": "footway", "width": 0.576}, "geometry": {"type": "LineString", "coordinates": [[121.54336959997244, 25.153648700089832], [121.54346720067703, 25.153663999452032], [121.54351040063305, 25.15367119997754], [121.54353489849052, 25.15366460019763], [121.5435525989678, 25.153643200741108], [121.54356059953392, 25.153622300970177], [121.5435802009209, 25.15350180094772]]}}, {"type": "Feature", "properties": {"id": "north-525126572-0", "osmWay": 525126572, "name": "紗帽山步道(陽明湖登山口路線)", "kind": "steps", "width": 0.48}, "geometry": {"type": "LineString", "coordinates": [[121.54801039966954, 25.149919799173553], [121.54793850000833, 25.149870799106182], [121.54792929935729, 25.14983650046263], [121.5479040014432, 25.14976729962271], [121.54789760099031, 25.149712499833814], [121.54789949879903, 25.149624299712542], [121.54786709960726, 25.149556300363816], [121.5478302008723, 25.1495034010645], [121.5478388991622, 25.149444000238052], [121.54779150045947, 25.149236799151097], [121.54778029966691, 25.149136901333993], [121.54776539938777, 25.14905189863906], [121.54775716624707, 25.148999998710924]]}}, {"type": "Feature", "properties": {"id": "north-554481996-0", "osmWay": 554481996, "name": "十八挖圳邊路", "kind": "path", "width": 0.512}, "geometry": {"type": "LineString", "coordinates": [[121.53300000111163, 25.16003990337765], [121.53300130042838, 25.160051699326267], [121.53305370103543, 25.160163398706434], [121.53302939854062, 25.16022710019763]]}}, {"type": "Feature", "properties": {"id": "north-554481998-0", "osmWay": 554481998, "name": "", "kind": "path", "width": 0.512}, "geometry": {"type": "LineString", "coordinates": [[121.53308880119351, 25.161170599231944], [121.53302460130195, 25.16129390086238], [121.53300000111163, 25.16133984947898]]}}, {"type": "Feature", "properties": {"id": "north-554481998-1", "osmWay": 554481998, "name": "", "kind": "path", "width": 0.512}, "geometry": {"type": "LineString", "coordinates": [[121.53300000111163, 25.161564056719367], [121.53301359897304, 25.161571498666007], [121.53300000111163, 25.161603152906036]]}}, {"type": "Feature", "properties": {"id": "north-558964794-0", "osmWay": 558964794, "name": "七星山登山步道七星公園線", "kind": "footway", "width": 0.576}, "geometry": {"type": "LineString", "coordinates": [[121.55454119976821, 25.164142900368308], [121.55478639851363, 25.16427030054348], [121.55480110032912, 25.164336899088216], [121.55488830029776, 25.16440410118577], [121.55498169915465, 25.164451501136362], [121.55505990003692, 25.16443759977093], [121.55516550130763, 25.164492200247036], [121.55537689921172, 25.164512401019582], [121.55541519959624, 25.164536700336868], [121.55549239885725, 25.164524601208228], [121.5555547009401, 25.164500299083723], [121.55559289899182, 25.16441990023356], [121.55568020129328, 25.164413901199246], [121.55575090086957, 25.164399399088214], [121.55579010054254, 25.164414100512037], [121.555889499824, 25.164416301374416], [121.55592459998209, 25.164402298948975], [121.55600000066622, 25.164411832276322]]}}, {"type": "Feature", "properties": {"id": "north-559386027-0", "osmWay": 559386027, "name": "", "kind": "track", "width": 0.96}, "geometry": {"type": "LineString", "coordinates": [[121.54774050150199, 25.15774499904779], [121.54786019989423, 25.15765120132501], [121.54800060052654, 25.157579100624325], [121.5482255001612, 25.157506898863637], [121.54834149906685, 25.1575503013295]]}}, {"type": "Feature", "properties": {"id": "north-559386029-0", "osmWay": 559386029, "name": "", "kind": "track", "width": 0.96}, "geometry": {"type": "LineString", "coordinates": [[121.54810800037413, 25.158174798836686], [121.54803520142448, 25.158239300386274], [121.54756900099466, 25.158652700381783]]}}, {"type": "Feature", "properties": {"id": "north-559386032-0", "osmWay": 559386032, "name": "", "kind": "footway", "width": 0.576}, "geometry": {"type": "LineString", "coordinates": [[121.54740280008713, 25.157481799487964], [121.54759499973353, 25.157479000687207], [121.54775929973135, 25.157401100265], [121.54781509902851, 25.15737509977093], [121.54786930131343, 25.1573159010645], [121.54785490029442, 25.15717100066475], [121.54785339941303, 25.15715570130255], [121.54784430109483, 25.157135099097196], [121.54781210036671, 25.15706229939813], [121.54778959954977, 25.157011300588394], [121.54773340022432, 25.15696260089382], [121.54771299878072, 25.15694490135645], [121.54759019939387, 25.156913101140855], [121.5475408005496, 25.156904499811354], [121.54727089928106, 25.15714500017068], [121.54714520046423, 25.15717749938466]]}}, {"type": "Feature", "properties": {"id": "north-559386035-0", "osmWay": 559386035, "name": "", "kind": "footway", "width": 0.576}, "geometry": {"type": "LineString", "coordinates": [[121.54759019939387, 25.156913101140855], [121.54763170000483, 25.156716800498565], [121.54777519853076, 25.15681210008534], [121.54777519853076, 25.15694490135645], [121.54773340022432, 25.15696260089382]]}}, {"type": "Feature", "properties": {"id": "north-559386037-0", "osmWay": 559386037, "name": "", "kind": "footway", "width": 0.576}, "geometry": {"type": "LineString", "coordinates": [[121.54763170000483, 25.156716800498565], [121.5475964013831, 25.15668820051653], [121.5475853990542, 25.15667929881423], [121.54752479941737, 25.156534900907296], [121.54757140116449, 25.156473400278475]]}}, {"type": "Feature", "properties": {"id": "north-559386039-0", "osmWay": 559386039, "name": "", "kind": "footway", "width": 0.576}, "geometry": {"type": "LineString", "coordinates": [[121.5475964013831, 25.15668820051653], [121.5476668001629, 25.15655799873338], [121.54769870009454, 25.156540700628817], [121.54784859907336, 25.156534900907296], [121.54793790151636, 25.15646849886813], [121.54810689952104, 25.156540700628817], [121.5484210984977, 25.156664900570426], [121.54847379990122, 25.156657598984907], [121.54857260069073, 25.156708199169064], [121.54860930096204, 25.15671100077704], [121.54861570141493, 25.156657598984907], [121.54856650103433, 25.156538800139238]]}}, {"type": "Feature", "properties": {"id": "north-559386042-0", "osmWay": 559386042, "name": "", "kind": "footway", "width": 0.576}, "geometry": {"type": "LineString", "coordinates": [[121.54860930096204, 25.15671100077704], [121.54876720050697, 25.1568395013834], [121.54909260027618, 25.156877101320518], [121.54933819904991, 25.156923299779915], [121.54942590137969, 25.15686410107348], [121.54960930040336, 25.156675000956703], [121.54963800010856, 25.156667699371184]]}}, {"type": "Feature", "properties": {"id": "north-559386044-0", "osmWay": 559386044, "name": "", "kind": "footway", "width": 0.576}, "geometry": {"type": "LineString", "coordinates": [[121.54968270094597, 25.156741400188647], [121.5497296996204, 25.15663909938915], [121.54977979928944, 25.1565656006917], [121.5498628997432, 25.156573999901187], [121.5499808987904, 25.156712499833812], [121.55003190084888, 25.156867000934245], [121.5500222009377, 25.1570566989894]]}}, {"type": "Feature", "properties": {"id": "north-559386048-0", "osmWay": 559386048, "name": "", "kind": "footway", "width": 0.576}, "geometry": {"type": "LineString", "coordinates": [[121.55005300001625, 25.15705889985178], [121.55009839857746, 25.157610999092707], [121.55024049855481, 25.157728801374418]]}}, {"type": "Feature", "properties": {"id": "north-559386051-0", "osmWay": 559386051, "name": "", "kind": "footway", "width": 0.576}, "geometry": {"type": "LineString", "coordinates": [[121.54834149906685, 25.1575503013295], [121.54835090128253, 25.157655900615342], [121.54836969951191, 25.15773000005839], [121.5485788988108, 25.157794299487964], [121.5487827985099, 25.15783070074111], [121.54883910016818, 25.1577142010106], [121.54848639924235, 25.157556398616602], [121.54842739971876, 25.157502999631692]]}}, {"type": "Feature", "properties": {"id": "north-559386054-0", "osmWay": 559386054, "name": "", "kind": "footway", "width": 0.576}, "geometry": {"type": "LineString", "coordinates": [[121.5487827985099, 25.15783070074111], [121.54880289915701, 25.157859898661517], [121.54892489848726, 25.157885399469997], [121.54900159848813, 25.15794380092526]]}}, {"type": "Feature", "properties": {"id": "north-559386056-0", "osmWay": 559386056, "name": "", "kind": "footway", "width": 0.576}, "geometry": {"type": "LineString", "coordinates": [[121.54895339972879, 25.157964299263384], [121.54899059926022, 25.158007999294828], [121.54902950123771, 25.158012799645167], [121.54901879970528, 25.158035900278477], [121.54906169886482, 25.158094200673734]]}}, {"type": "Feature", "properties": {"id": "north-559386058-0", "osmWay": 559386058, "name": "", "kind": "footway", "width": 0.576}, "geometry": {"type": "LineString", "coordinates": [[121.54803520142448, 25.158239300386274], [121.5481456991657, 25.158352700943226]]}}, {"type": "Feature", "properties": {"id": "north-559386060-0", "osmWay": 559386060, "name": "", "kind": "footway", "width": 0.576}, "geometry": {"type": "LineString", "coordinates": [[121.54835980113708, 25.15754029919601], [121.5483370987555, 25.157488098895076]]}}, {"type": "Feature", "properties": {"id": "north-559386062-0", "osmWay": 559386062, "name": "", "kind": "footway", "width": 0.576}, "geometry": {"type": "LineString", "coordinates": [[121.54785490029442, 25.15717100066475], [121.5479153014676, 25.157157399672116], [121.54797200005318, 25.157147498598636]]}}, {"type": "Feature", "properties": {"id": "north-559386064-0", "osmWay": 559386064, "name": "", "kind": "footway", "width": 0.576}, "geometry": {"type": "LineString", "coordinates": [[121.5479153014676, 25.157157399672116], [121.54799109907903, 25.157287598648043]]}}, {"type": "Feature", "properties": {"id": "north-559386067-0", "osmWay": 559386067, "name": "", "kind": "footway", "width": 0.576}, "geometry": {"type": "LineString", "coordinates": [[121.54800060052654, 25.157579100624325], [121.54796860136308, 25.157491400188647], [121.54787719954672, 25.15736040115433], [121.54786930131343, 25.1573159010645]]}}, {"type": "Feature", "properties": {"id": "north-559386069-0", "osmWay": 559386069, "name": "", "kind": "footway", "width": 0.576}, "geometry": {"type": "LineString", "coordinates": [[121.54784430109483, 25.157135099097196], [121.54773740050737, 25.15714549985627], [121.54770750071727, 25.157182299735]]}}, {"type": "Feature", "properties": {"id": "north-559386071-0", "osmWay": 559386071, "name": "", "kind": "footway", "width": 0.576}, "geometry": {"type": "LineString", "coordinates": [[121.54781210036671, 25.15706229939813], [121.54788289917484, 25.157041099254403], [121.54795069932115, 25.15702540126662]]}}, {"type": "Feature", "properties": {"id": "north-559386073-0", "osmWay": 559386073, "name": "", "kind": "footway", "width": 0.576}, "geometry": {"type": "LineString", "coordinates": [[121.54778959954977, 25.157011300588394], [121.54784969992646, 25.15692180072314], [121.54790759859696, 25.156854000687208], [121.54799900041331, 25.15683840095221]]}}, {"type": "Feature", "properties": {"id": "north-559386075-0", "osmWay": 559386075, "name": "", "kind": "footway", "width": 0.576}, "geometry": {"type": "LineString", "coordinates": [[121.5475408005496, 25.156904499811354], [121.5475045003066, 25.156876301262127], [121.54740590108175, 25.156683099793387], [121.54737370035363, 25.15662990012127], [121.54722519992337, 25.156650199146604]]}}, {"type": "Feature", "properties": {"id": "north-559386109-0", "osmWay": 559386109, "name": "", "kind": "footway", "width": 0.576}, "geometry": {"type": "LineString", "coordinates": [[121.54749630127684, 25.15756770049407], [121.54751890132562, 25.157677698697448]]}}, {"type": "Feature", "properties": {"id": "north-559386110-0", "osmWay": 559386110, "name": "", "kind": "footway", "width": 0.576}, "geometry": {"type": "LineString", "coordinates": [[121.54750979990641, 25.157578901311535], [121.5475248986492, 25.15755829910618], [121.54760180021472, 25.157533300790515], [121.54768640154988, 25.157552100759073]]}}, {"type": "Feature", "properties": {"id": "north-559386115-0", "osmWay": 559386115, "name": "", "kind": "track", "width": 0.96}, "geometry": {"type": "LineString", "coordinates": [[121.54735209882513, 25.15744220080848], [121.54709870104995, 25.15743180004941], [121.5470596006088, 25.157215099321775]]}}, {"type": "Feature", "properties": {"id": "north-559386117-0", "osmWay": 559386117, "name": "", "kind": "footway", "width": 0.576}, "geometry": {"type": "LineString", "coordinates": [[121.54808059998568, 25.156043100803988], [121.54813769859959, 25.156130298746856], [121.54817759909733, 25.156135399469996], [121.54821429936862, 25.1561670003728]]}}, {"type": "Feature", "properties": {"id": "north-583443598-0", "osmWay": 583443598, "name": "", "kind": "footway", "width": 0.576}, "geometry": {"type": "LineString", "coordinates": [[121.53963199906867, 25.165034100848903], [121.53956070100043, 25.165022201033057], [121.53950849885703, 25.16499880002695]]}}, {"type": "Feature", "properties": {"id": "north-583443600-0", "osmWay": 583443600, "name": "", "kind": "service", "width": 1.28}, "geometry": {"type": "LineString", "coordinates": [[121.54092390133536, 25.16468119930381], [121.54091680005769, 25.164690199258892]]}}, {"type": "Feature", "properties": {"id": "north-583443602-0", "osmWay": 583443602, "name": "", "kind": "service", "width": 1.28}, "geometry": {"type": "LineString", "coordinates": [[121.54093469899861, 25.164659900907296], [121.54092390133536, 25.16468119930381]]}}, {"type": "Feature", "properties": {"id": "north-583476553-0", "osmWay": 583476553, "name": "", "kind": "footway", "width": 0.576}, "geometry": {"type": "LineString", "coordinates": [[121.54180200067826, 25.151627800318902], [121.54183680003986, 25.15158219979788], [121.5418966988519, 25.151549798836687], [121.54196399973809, 25.151542699371184], [121.54216170054895, 25.151562498710923], [121.54227649936969, 25.151584201347468], [121.54233979997282, 25.15158760089382], [121.54241829855057, 25.15160610048958], [121.54249070057291, 25.15161410107348], [121.5426231006391, 25.151651100265003], [121.54272709869561, 25.151634599411608], [121.54277330041441, 25.151630899492453], [121.54291679894034, 25.15164050019314], [121.54296900108373, 25.151641100938736], [121.54311890006257, 25.15162940043568], [121.5433199003317, 25.15162589982932], [121.54335050094659, 25.15162589982932], [121.5433546996933, 25.15163240135645], [121.54353849874528, 25.151591699438555], [121.54358569898436, 25.151604301060008], [121.54361980062217, 25.151622601342975], [121.54364810029905, 25.15162280065577], [121.54368289966065, 25.151614600759075], [121.54386890041881, 25.15167230040873], [121.54390600071842, 25.151693800925262], [121.54395720124054, 25.15174970114535], [121.54401889862946, 25.1517767010106], [121.54411289907931, 25.15178150136094], [121.54414309966589, 25.151782801104922], [121.5441786990841, 25.15179440054797], [121.54426299962279, 25.15183870132501], [121.54429590117567, 25.15186389895347]]}}, {"type": "Feature", "properties": {"id": "north-585404416-0", "osmWay": 585404416, "name": "環七星山人車分道陽金公路段", "kind": "footway", "width": 0.576}, "geometry": {"type": "LineString", "coordinates": [[121.54693269860607, 25.158224301396874], [121.54688280050168, 25.158296000664752]]}}, {"type": "Feature", "properties": {"id": "north-585404417-0", "osmWay": 585404417, "name": "", "kind": "footway", "width": 0.576}, "geometry": {"type": "LineString", "coordinates": [[121.54693269860607, 25.158224301396874], [121.54695660107258, 25.15823080011678]]}}, {"type": "Feature", "properties": {"id": "north-586964086-0", "osmWay": 586964086, "name": "七星山登山步道苗圃線", "kind": "steps", "width": 0.48}, "geometry": {"type": "LineString", "coordinates": [[121.54695660107258, 25.15823080011678], [121.54702579976747, 25.158323098782787], [121.54707599866835, 25.15837520083094], [121.54717900130557, 25.158429500934243], [121.54721660086531, 25.15844250118128], [121.54723829852465, 25.15845380025153], [121.54732390148106, 25.15855059889508], [121.5473248007695, 25.158604399312793], [121.54737059935901, 25.158678100130256], [121.54739430026088, 25.15872870031441], [121.54739050154247, 25.15878229861211], [121.54735679993297, 25.158846999474488], [121.54735969936293, 25.158977299510422], [121.54735750075776, 25.159029300498563], [121.54734650152984, 25.159069600983653], [121.54733940025217, 25.159132698922026], [121.54735380127117, 25.159156599613727], [121.54740550105343, 25.159218900300935], [121.5474451007547, 25.15929189931279], [121.54754400077604, 25.1593847987244], [121.5475779008492, 25.159430800678226], [121.54764099988769, 25.159481998800754], [121.5477031004059, 25.15956270083094], [121.54780470139356, 25.159674899896693], [121.5478195985717, 25.15972809956881], [121.54785610037935, 25.159782598984908], [121.54789939956719, 25.1598305996811], [121.54794000088972, 25.1598222987244], [121.54803040108482, 25.15984139906576], [121.54815579910516, 25.159842499496946], [121.54833800114493, 25.159759798724398], [121.5485500998738, 25.15974899933974], [121.54857860111532, 25.159761499901187], [121.54861919933685, 25.159755399806862], [121.54867560022696, 25.15970579899389], [121.54873919852558, 25.159704400997125], [121.54879839961383, 25.159724801082465], [121.54882539997396, 25.159766300251526], [121.54894400061411, 25.159985300094323], [121.54896690145937, 25.160013700763564], [121.54902510092634, 25.160093700988142], [121.54921459960644, 25.160126301262128], [121.54925019902466, 25.16015570130255], [121.5492867008323, 25.160203300565936], [121.54934539955941, 25.160247601342977], [121.54946009914833, 25.160322200471615], [121.54946609957291, 25.160395999541862], [121.54932169865755, 25.16049830034136], [121.54927929875814, 25.16056069928135], [121.549288598641, 25.160614999384656], [121.54941009871112, 25.16068729939813], [121.54947110147724, 25.160753198944484], [121.54956770056057, 25.160819999609235], [121.54956570041904, 25.16088669921398], [121.54959379853128, 25.160954100624327], [121.54963239971228, 25.161006898863636], [121.54967180094988, 25.161033300790514], [121.54983559858658, 25.16106149933974], [121.54996890104222, 25.161128499317282], [121.55002329868981, 25.161200201392383], [121.55003230087718, 25.16126619919152], [121.55019559925374, 25.16137399933974], [121.55026269857528, 25.16145689942508], [121.55029159984512, 25.161556800049407], [121.55032340054493, 25.16159569973051], [121.55033279965961, 25.161771299914662], [121.55035890073131, 25.161843201302553], [121.55036700052925, 25.161883299667625], [121.55039680108753, 25.161926699326266], [121.55044879856527, 25.16202350077704], [121.55052920115372, 25.162150600579412], [121.55066629922676, 25.162293698742364], [121.5508778986955, 25.162456001113906], [121.55100169970362, 25.1625180996811], [121.55112369903387, 25.162605499743982], [121.55138319956646, 25.162749400772547], [121.55144230142288, 25.16282099898042], [121.55144829874648, 25.162890800565936], [121.55155109981904, 25.163030100556952], [121.5515588988205, 25.16312079910618], [121.55161049937095, 25.16318569928135], [121.55170709845429, 25.163218100242545], [121.55197330023624, 25.163250501203738], [121.55216669996757, 25.163271299914662], [121.55226569922074, 25.163291301374418], [121.552356000184, 25.163353099568813], [121.55241899999065, 25.163438801262128], [121.55253059858495, 25.163520398796262], [121.55257649950728, 25.163583698854655], [121.55262539909141, 25.163626598827705], [121.55266259862285, 25.163661200651276], [121.55274580140943, 25.163741899874235], [121.55277389952167, 25.163797398661515], [121.55282489847914, 25.16375680061085], [121.55297710149698, 25.163723501338485], [121.55308809849832, 25.163725300768057], [121.55316909957872, 25.16369270049407], [121.55338940043836, 25.16345799985627], [121.55360239845567, 25.163409600534496], [121.55372720108505, 25.16338130092526], [121.55393289936103, 25.16329550097916], [121.55401239956004, 25.163297999407114], [121.55412330043055, 25.16327530020661], [121.55431130133024, 25.163220200044915], [121.55440249848095, 25.16325600055246], [121.55443589929398, 25.16328670033687], [121.5544476985785, 25.163530299869745], [121.55451800122748, 25.163610600467123], [121.55454769945294, 25.16376059878279], [121.554580498673, 25.163929399874238], [121.55455379910934, 25.164055699618217], [121.55454119976821, 25.164142900368308], [121.55450600037831, 25.164306101051025], [121.55443509923737, 25.164511800273985], [121.55443250060388, 25.16464259999551], [121.55444140045843, 25.16468820051653], [121.55441510092308, 25.1647531006917], [121.55436719985923, 25.164806199303808], [121.55431940112818, 25.164824199213978], [121.55435639909497, 25.164888900076356], [121.55434149881583, 25.164916801060006], [121.55429080065483, 25.16500100088933], [121.55423190036306, 25.165028598692956], [121.55426130089303, 25.16508760089382], [121.55423239962319, 25.165100800453647], [121.55423910087256, 25.165141799937118], [121.55419279992192, 25.165163398706433], [121.55419279992192, 25.16521979861211], [121.55415440030558, 25.165258400727634], [121.55418910043534, 25.165277899694573], [121.55419720023329, 25.165295399919152], [121.55413220028511, 25.165338600265002], [121.55412919852232, 25.1653778003189], [121.55418900120351, 25.165386300588395], [121.55421700008392, 25.165410400592886], [121.55422079880232, 25.16543409916457], [121.55418580097707, 25.16545349987873], [121.55416589879361, 25.165488898953466], [121.55414364295524, 25.165499998710924]]}}, {"type": "Feature", "properties": {"id": "north-587433164-0", "osmWay": 587433164, "name": "", "kind": "path", "width": 0.512}, "geometry": {"type": "LineString", "coordinates": [[121.55488830029776, 25.16440410118577], [121.55493889922694, 25.16424899933974], [121.55502519990715, 25.16402590095221], [121.55503230118482, 25.163971101163312], [121.55502519990715, 25.163931101051023], [121.55503480058648, 25.163846101163312], [121.55504980009745, 25.163780499182536], [121.55514839932232, 25.16365780110492], [121.55526549908107, 25.163367800992635], [121.55533329922739, 25.163267400682717], [121.55537030029517, 25.163161501024074], [121.5554627006318, 25.162994100736615], [121.5555822997922, 25.16288799895796]]}}, {"type": "Feature", "properties": {"id": "north-587433165-0", "osmWay": 587433165, "name": "", "kind": "path", "width": 0.512}, "geometry": {"type": "LineString", "coordinates": [[121.55312740050411, 25.16329180106001], [121.55328070127402, 25.163271799600253], [121.55335249860241, 25.163258900413222], [121.55340329909623, 25.163256999923643], [121.55353049879446, 25.163275999204995], [121.55358849979778, 25.16328789902084], [121.55362039972943, 25.16328929982483], [121.55370100078153, 25.163277099636183], [121.55388079955046, 25.1632528003189], [121.55396540088562, 25.163222998845672], [121.55405820125054, 25.16320419887711], [121.55412330043055, 25.16327530020661]]}}, {"type": "Feature", "properties": {"id": "north-587433166-0", "osmWay": 587433166, "name": "", "kind": "path", "width": 0.512}, "geometry": {"type": "LineString", "coordinates": [[121.54785610037935, 25.159782598984908], [121.54804410127903, 25.1596909010645], [121.54816749915786, 25.159647201033057], [121.54831769893316, 25.1596909010645], [121.54849470060495, 25.15967630070068], [121.54868249993999, 25.159681101051024], [121.54873919852558, 25.159704400997125]]}}, {"type": "Feature", "properties": {"id": "north-643600168-0", "osmWay": 643600168, "name": "", "kind": "track", "width": 0.96}, "geometry": {"type": "LineString", "coordinates": [[121.55003760047698, 25.15705779942059], [121.55005300001625, 25.15705889985178], [121.55013989918842, 25.157029300498564], [121.55019889871203, 25.156973798904062], [121.55022520134837, 25.156913101140855], [121.55021249967442, 25.156818598805245], [121.5501296007853, 25.156716800498565], [121.54989270030148, 25.15648289991915], [121.5498050010727, 25.156454100624327], [121.54972769947886, 25.15646849886813], [121.54957690121161, 25.156534900907296], [121.54946350093942, 25.15662330034136], [121.54940469987949, 25.15666920123518], [121.54929699923542, 25.15672759988322], [121.54923719965521, 25.156749998710925], [121.54915670093592, 25.1567600990972], [121.54898680054183, 25.156706700112288], [121.5488065986436, 25.156661200651275], [121.548672700797, 25.156565199258893], [121.54856650103433, 25.156538800139238], [121.5485452003023, 25.156529499811356]]}}, {"type": "Feature", "properties": {"id": "north-643600169-0", "osmWay": 643600169, "name": "", "kind": "track", "width": 0.96}, "geometry": {"type": "LineString", "coordinates": [[121.5485452003023, 25.156529499811356], [121.54841590123071, 25.156516900997126], [121.54818060086012, 25.156404999496946], [121.54787919968825, 25.15616970092077], [121.54786450097376, 25.15612460008534]]}}, {"type": "Feature", "properties": {"id": "north-643600170-0", "osmWay": 643600170, "name": "", "kind": "path", "width": 0.512}, "geometry": {"type": "LineString", "coordinates": [[121.54756900099466, 25.158652700381783], [121.5475029994252, 25.15872139872889], [121.54748399963118, 25.158805800678227], [121.54749400033883, 25.158872601342974], [121.54752319930415, 25.158918999115162], [121.54752010141053, 25.1589788996272], [121.54735969936293, 25.158977299510422]]}}, {"type": "Feature", "properties": {"id": "north-659581388-0", "osmWay": 659581388, "name": "勝利街", "kind": "unclassified", "width": 1.6}, "geometry": {"type": "LineString", "coordinates": [[121.54650660023863, 25.15177129991466], [121.54668330111394, 25.15193219867499], [121.5470584005239, 25.15218519959576], [121.54710579922661, 25.152222600220085], [121.54728410021515, 25.152382901042042]]}}, {"type": "Feature", "properties": {"id": "north-689317154-0", "osmWay": 689317154, "name": "", "kind": "service", "width": 1.28}, "geometry": {"type": "LineString", "coordinates": [[121.55023380040645, 25.15149860071416], [121.55029390078313, 25.15160169876482], [121.55042779862973, 25.151758299667627]]}}, {"type": "Feature", "properties": {"id": "north-689317155-0", "osmWay": 689317155, "name": "新園街", "kind": "residential", "width": 1.6}, "geometry": {"type": "LineString", "coordinates": [[121.5512426004705, 25.150321599726016], [121.55132109904825, 25.150365701190264]]}}, {"type": "Feature", "properties": {"id": "north-689317157-0", "osmWay": 689317157, "name": "菁山路101巷71弄", "kind": "tertiary", "width": 2.56}, "geometry": {"type": "LineString", "coordinates": [[121.55600000066622, 25.150503743545634], [121.5559431997478, 25.15041589994161], [121.55580649860207, 25.150353001316027], [121.55562890153932, 25.15033870132501], [121.55532340085257, 25.150325100332374], [121.55521139912896, 25.15035690054797], [121.55512270137991, 25.15040759898491], [121.55506649895347, 25.15053979951042], [121.55505990003692, 25.15063719889957], [121.5551022007045, 25.150732899919152], [121.55550039942337, 25.151526599950593], [121.55570690085695, 25.15173540115433], [121.55585169869963, 25.15183490034585], [121.55600000066622, 25.15187324419691]]}}, {"type": "Feature", "properties": {"id": "north-689317176-0", "osmWay": 689317176, "name": "", "kind": "service", "width": 1.28}, "geometry": {"type": "LineString", "coordinates": [[121.54660799966163, 25.156544599860762], [121.54641610081171, 25.156620700853395]]}}, {"type": "Feature", "properties": {"id": "north-689317177-0", "osmWay": 689317177, "name": "", "kind": "service", "width": 1.28}, "geometry": {"type": "LineString", "coordinates": [[121.5466645990154, 25.15652190066026], [121.54660799966163, 25.156544599860762]]}}, {"type": "Feature", "properties": {"id": "north-689317178-0", "osmWay": 689317178, "name": "", "kind": "service", "width": 1.28}, "geometry": {"type": "LineString", "coordinates": [[121.54610760146316, 25.155257300296444], [121.54619040112046, 25.15532040104204], [121.54631829854246, 25.155417601118398], [121.54636009994991, 25.155449401333993]]}}, {"type": "Feature", "properties": {"id": "north-689317179-0", "osmWay": 689317179, "name": "竹子湖路", "kind": "primary", "width": 3.84}, "geometry": {"type": "LineString", "coordinates": [[121.54468750097799, 25.1628778003189], [121.54477020140345, 25.16303150136094], [121.54479160136731, 25.163198500215596]]}}, {"type": "Feature", "properties": {"id": "north-704408460-0", "osmWay": 704408460, "name": "紗帽路", "kind": "tertiary", "width": 2.56}, "geometry": {"type": "LineString", "coordinates": [[121.54843105579141, 25.148999998710924], [121.54839460049868, 25.14913100055246]]}}, {"type": "Feature", "properties": {"id": "north-704408461-0", "osmWay": 704408461, "name": "", "kind": "residential", "width": 1.6}, "geometry": {"type": "LineString", "coordinates": [[121.54590089846494, 25.15154630103755], [121.54584040116093, 25.151481998800755], [121.54564759992158, 25.15154539991915], [121.54553090019112, 25.151525900952212], [121.54524170143308, 25.15142909950144], [121.54509010000821, 25.151404300498562], [121.54499889975651, 25.15134240124416]]}}, {"type": "Feature", "properties": {"id": "north-704408462-0", "osmWay": 704408462, "name": "", "kind": "footway", "width": 0.576}, "geometry": {"type": "LineString", "coordinates": [[121.54554239867917, 25.15174960008534], [121.54539320052513, 25.151861100152715]]}}, {"type": "Feature", "properties": {"id": "north-704408463-0", "osmWay": 704408463, "name": "", "kind": "steps", "width": 0.48}, "geometry": {"type": "LineString", "coordinates": [[121.54563549984057, 25.15175550086687], [121.54557930051512, 25.15179410017517]]}}, {"type": "Feature", "properties": {"id": "north-704408465-0", "osmWay": 704408465, "name": "", "kind": "service", "width": 1.28}, "geometry": {"type": "LineString", "coordinates": [[121.54497039851498, 25.151930300992635], [121.54495280037052, 25.151855901176788], [121.54488700036572, 25.1518309000539], [121.54471109954703, 25.151817099748474], [121.54464070076722, 25.15178659927686], [121.544639100654, 25.151765800565936], [121.54469419912637, 25.15166750005839]]}}, {"type": "Feature", "properties": {"id": "north-704408466-0", "osmWay": 704408466, "name": "", "kind": "residential", "width": 1.6}, "geometry": {"type": "LineString", "coordinates": [[121.54429680046411, 25.151757199236435], [121.54433169905755, 25.151730199371183], [121.54433270067881, 25.151693399492455], [121.54441879979437, 25.151605199371183], [121.54449679911198, 25.151533098670498], [121.5445748015306, 25.151458698854654]]}}, {"type": "Feature", "properties": {"id": "north-704408467-0", "osmWay": 704408467, "name": "湖山路一段", "kind": "tertiary", "width": 2.56}, "geometry": {"type": "LineString", "coordinates": [[121.54510069920781, 25.151932998733383], [121.54533799971993, 25.151938599142113], [121.54552949854155, 25.15197839994161], [121.54593229913642, 25.15212540014373], [121.5461534992845, 25.15222679982483]]}}, {"type": "Feature", "properties": {"id": "north-704408468-0", "osmWay": 704408468, "name": "湖山路一段", "kind": "tertiary", "width": 2.56}, "geometry": {"type": "LineString", "coordinates": [[121.54429150086432, 25.151909401221705], [121.54433209908585, 25.151910599905676], [121.54497039851498, 25.151930300992635], [121.54510069920781, 25.151932998733383]]}}, {"type": "Feature", "properties": {"id": "north-704408469-0", "osmWay": 704408469, "name": "", "kind": "residential", "width": 1.6}, "geometry": {"type": "LineString", "coordinates": [[121.54429590117567, 25.15186389895347], [121.54429680046411, 25.151757199236435], [121.54427940078331, 25.15173270060636], [121.54426930084385, 25.151629498688465], [121.54424439985706, 25.15154029919601], [121.54423799940417, 25.151507999294825], [121.5441597985219, 25.151333900974667]]}}, {"type": "Feature", "properties": {"id": "north-704408470-0", "osmWay": 704408470, "name": "", "kind": "footway", "width": 0.576}, "geometry": {"type": "LineString", "coordinates": [[121.54333859932923, 25.151673799465506], [121.54321719849095, 25.15178239967212], [121.54320390142603, 25.151822700157204]]}}, {"type": "Feature", "properties": {"id": "north-704408471-0", "osmWay": 704408471, "name": "湖山路一段", "kind": "tertiary", "width": 2.56}, "geometry": {"type": "LineString", "coordinates": [[121.54180200067826, 25.151627800318902], [121.5420874007179, 25.151636901333994], [121.54320390142603, 25.151822700157204], [121.54354569925478, 25.15188080123967], [121.54412789859028, 25.151903598692957], [121.54429150086432, 25.151909401221705]]}}, {"type": "Feature", "properties": {"id": "north-704408473-0", "osmWay": 704408473, "name": "", "kind": "unclassified", "width": 1.6}, "geometry": {"type": "LineString", "coordinates": [[121.5359631999325, 25.163651100265003], [121.53586969874279, 25.163577500507547], [121.53586630005269, 25.163536501024076], [121.53591220097502, 25.163488898953467], [121.5359487989135, 25.163382300296444]]}}, {"type": "Feature", "properties": {"id": "north-704408474-0", "osmWay": 704408474, "name": "猴崁產業道路", "kind": "unclassified", "width": 1.6}, "geometry": {"type": "LineString", "coordinates": [[121.53477960300384, 25.165499998710924], [121.53478339862124, 25.165430000619835], [121.53481569858118, 25.165385099097197], [121.53500240016413, 25.165216399065756], [121.53520589983492, 25.164958698854655], [121.53529759934676, 25.164797199348726]]}}, {"type": "Feature", "properties": {"id": "north-704408475-0", "osmWay": 704408475, "name": "", "kind": "track", "width": 0.96}, "geometry": {"type": "LineString", "coordinates": [[121.53435699945733, 25.164637100646786], [121.53434760034266, 25.164586399402623]]}}, {"type": "Feature", "properties": {"id": "north-785573854-0", "osmWay": 785573854, "name": "", "kind": "service", "width": 1.28}, "geometry": {"type": "LineString", "coordinates": [[121.54100449928647, 25.163048900525514], [121.54089959884054, 25.16319999927237]]}}, {"type": "Feature", "properties": {"id": "north-785573855-0", "osmWay": 785573855, "name": "", "kind": "service", "width": 1.28}, "geometry": {"type": "LineString", "coordinates": [[121.54106019935179, 25.16296870098814], [121.54100449928647, 25.163048900525514]]}}, {"type": "Feature", "properties": {"id": "north-785573856-0", "osmWay": 785573856, "name": "", "kind": "service", "width": 1.28}, "geometry": {"type": "LineString", "coordinates": [[121.54029439942796, 25.162570998980417], [121.54048819918759, 25.162686999025333]]}}, {"type": "Feature", "properties": {"id": "north-790904939-0", "osmWay": 790904939, "name": "", "kind": "footway", "width": 0.576}, "geometry": {"type": "LineString", "coordinates": [[121.54020180062768, 25.157570698607618], [121.54017689964091, 25.1575566989894], [121.54013499900164, 25.15756160039975], [121.54012350051359, 25.157578600938734], [121.54011290131399, 25.157592600556953], [121.54011929866589, 25.157628999002874], [121.54014109865804, 25.15764420011229]]}}, {"type": "Feature", "properties": {"id": "north-794236461-0", "osmWay": 794236461, "name": "", "kind": "pedestrian", "width": 0.96}, "geometry": {"type": "LineString", "coordinates": [[121.5372369985926, 25.149698999901187], [121.5372365985643, 25.149569699236437], [121.53713729851465, 25.149467900929753]]}}, {"type": "Feature", "properties": {"id": "north-817810104-0", "osmWay": 817810104, "name": "新園街7巷", "kind": "footway", "width": 0.576}, "geometry": {"type": "LineString", "coordinates": [[121.55254050006077, 25.15075710098365], [121.55229940083024, 25.150744100736617]]}}, {"type": "Feature", "properties": {"id": "north-817810105-0", "osmWay": 817810105, "name": "新園街11巷6弄", "kind": "footway", "width": 0.576}, "geometry": {"type": "LineString", "coordinates": [[121.55247380076754, 25.150916301374416], [121.55244230086421, 25.151051000327882], [121.55225510002113, 25.1510180996811]]}}, {"type": "Feature", "properties": {"id": "north-817810106-0", "osmWay": 817810106, "name": "新園街12巷", "kind": "footway", "width": 0.576}, "geometry": {"type": "LineString", "coordinates": [[121.55313029993407, 25.150756800610854], [121.5531569002659, 25.15074590016619], [121.55326799960007, 25.15078590027848], [121.55331849929742, 25.150815999317285]]}}, {"type": "Feature", "properties": {"id": "north-817810107-0", "osmWay": 817810107, "name": "新園街12巷8弄", "kind": "footway", "width": 0.576}, "geometry": {"type": "LineString", "coordinates": [[121.55331849929742, 25.150815999317285], [121.55330799932965, 25.150737599209485], [121.55323779901349, 25.150609999721524], [121.55320900007648, 25.15054920089831], [121.55315499935621, 25.15050660129806], [121.55312860058902, 25.15038719889957]]}}, {"type": "Feature", "properties": {"id": "north-817810108-0", "osmWay": 817810108, "name": "新園街12巷6弄", "kind": "footway", "width": 0.576}, "geometry": {"type": "LineString", "coordinates": [[121.5531569002659, 25.15074590016619], [121.55306970029726, 25.15064469979788], [121.55310550128011, 25.150619600422207], [121.55303669951253, 25.150541301374417]]}}, {"type": "Feature", "properties": {"id": "north-817810109-0", "osmWay": 817810109, "name": "新園街12巷1弄", "kind": "footway", "width": 0.576}, "geometry": {"type": "LineString", "coordinates": [[121.55288720056201, 25.150909300161697], [121.55306190129579, 25.151020101230685], [121.55311320104975, 25.151072899469998]]}}, {"type": "Feature", "properties": {"id": "north-817810110-0", "osmWay": 817810110, "name": "新園街26巷6弄", "kind": "footway", "width": 0.576}, "geometry": {"type": "LineString", "coordinates": [[121.55288929993537, 25.151181300363817], [121.55290639881969, 25.15118009887262], [121.55292180145996, 25.151174400211104], [121.55303250076582, 25.15126379901635]]}}, {"type": "Feature", "properties": {"id": "north-817810111-0", "osmWay": 817810111, "name": "新園街40巷", "kind": "steps", "width": 0.48}, "geometry": {"type": "LineString", "coordinates": [[121.55327619862985, 25.15150769892203], [121.55333819991623, 25.151436600399748], [121.55344599979212, 25.151364800071864], [121.55347709966715, 25.151346199416096], [121.55346130009957, 25.151324499586778], [121.55356149943765, 25.15128259898491]]}}, {"type": "Feature", "properties": {"id": "north-817810112-0", "osmWay": 817810112, "name": "新園街52巷", "kind": "service", "width": 1.28}, "geometry": {"type": "LineString", "coordinates": [[121.55358529957134, 25.151673900525513], [121.55363139895734, 25.151663901199246], [121.55366180110856, 25.151666598939993], [121.5537539006487, 25.151696599726016]]}}, {"type": "Feature", "properties": {"id": "north-817810113-0", "osmWay": 817810113, "name": "新園街54巷", "kind": "service", "width": 1.28}, "geometry": {"type": "LineString", "coordinates": [[121.55371889972245, 25.151773399717033], [121.55376690001815, 25.151767701055515], [121.55383279925476, 25.151779499811354]]}}, {"type": "Feature", "properties": {"id": "north-817810114-0", "osmWay": 817810114, "name": "新園街75巷", "kind": "residential", "width": 1.6}, "geometry": {"type": "LineString", "coordinates": [[121.55537580145962, 25.153403399380167], [121.55547019883677, 25.15355779942059], [121.55560310126411, 25.15372569939364], [121.55565749891169, 25.15386120121272], [121.555696500121, 25.153995400480596], [121.55572270042452, 25.154127901378907], [121.55576289861774, 25.154322200471615], [121.55578120068799, 25.154411501024075], [121.55581319985144, 25.154513100017965], [121.55584389969816, 25.154560901401364], [121.55591909881764, 25.15464660028746], [121.55596749914163, 25.154727498823213]]}}, {"type": "Feature", "properties": {"id": "north-817811122-0", "osmWay": 817811122, "name": "陽明路一段38巷", "kind": "footway", "width": 0.576}, "geometry": {"type": "LineString", "coordinates": [[121.55052410001758, 25.149591601185772], [121.55052730024403, 25.149567798746855], [121.55050969899857, 25.149528099007366], [121.5503880004648, 25.149339700696192], [121.55028860118333, 25.14909959896245]]}}, {"type": "Feature", "properties": {"id": "north-832881306-0", "osmWay": 832881306, "name": "", "kind": "footway", "width": 0.576}, "geometry": {"type": "LineString", "coordinates": [[121.54969030148378, 25.14977000017068], [121.54965130027448, 25.149808501226197], [121.54960960119985, 25.14985320062882]]}}, {"type": "Feature", "properties": {"id": "north-832881307-0", "osmWay": 832881307, "name": "建國街", "kind": "residential", "width": 1.6}, "geometry": {"type": "LineString", "coordinates": [[121.54875119937475, 25.150486100152712], [121.54889190080354, 25.150375501203737], [121.54931730144718, 25.150012299959577], [121.5496064009734, 25.149767201369926]]}}, {"type": "Feature", "properties": {"id": "north-833707131-0", "osmWay": 833707131, "name": "", "kind": "footway", "width": 0.576}, "geometry": {"type": "LineString", "coordinates": [[121.54993409857963, 25.151326599389147], [121.54991240092029, 25.151266300251528], [121.54989990081098, 25.151197899469995], [121.55016550099998, 25.151133600040424], [121.5501859985744, 25.15118770083094], [121.55021110112584, 25.151262299959576]]}}, {"type": "Feature", "properties": {"id": "north-833707132-0", "osmWay": 833707132, "name": "", "kind": "footway", "width": 0.576}, "geometry": {"type": "LineString", "coordinates": [[121.54701200034143, 25.15237970080848], [121.54703309950881, 25.152322599097197], [121.54705089921791, 25.15227430083543]]}}, {"type": "Feature", "properties": {"id": "north-833707133-0", "osmWay": 833707133, "name": "", "kind": "footway", "width": 0.576}, "geometry": {"type": "LineString", "coordinates": [[121.54505059953877, 25.15196799918254], [121.54510069920781, 25.151932998733383], [121.54515689853326, 25.151894598737872]]}}, {"type": "Feature", "properties": {"id": "north-896705005-0", "osmWay": 896705005, "name": "湖底路", "kind": "unclassified", "width": 1.6}, "geometry": {"type": "LineString", "coordinates": [[121.53801780112839, 25.153217499496947], [121.53801449856913, 25.15335690054797], [121.53790869883476, 25.15349469867499], [121.53783870008326, 25.153561900772548], [121.53783490136485, 25.15362059979339], [121.53785809990558, 25.153654000125766], [121.53796460046473, 25.153597299847288], [121.53815319985638, 25.15346799918254], [121.53822300014423, 25.153372098850163], [121.53828060111925, 25.153228200628817], [121.53835389932904, 25.153010399469995], [121.53837920034412, 25.15294080000449], [121.53847059905948, 25.152797699034316], [121.53850140123902, 25.15275570017966], [121.53852349892666, 25.15270540036831], [121.53853090100081, 25.15244869952839], [121.53862140042774, 25.152203999564318], [121.53873339905034, 25.152098400278476], [121.53878570042556, 25.15206000028297], [121.53885129886571, 25.15201169921398], [121.53894910113496, 25.15195609936669], [121.53908869860966, 25.15191250039526], [121.53940919880738, 25.151814399200504], [121.53959919984861, 25.151803400503056], [121.53976370141108, 25.151823000530005], [121.53997360153477, 25.151837000148223], [121.54016369870682, 25.15183600077704], [121.54029820124737, 25.151818800925263], [121.54072159864849, 25.151714700696193], [121.54095550047052, 25.151659900907294], [121.54122239997626, 25.151616700561444], [121.5413552993026, 25.1516035992544], [121.54150360126918, 25.151587999519403], [121.54167699958522, 25.15158650046263], [121.5417483999863, 25.151600000395256], [121.54180200067826, 25.151627800318902]]}}, {"type": "Feature", "properties": {"id": "north-904356511-0", "osmWay": 904356511, "name": "", "kind": "footway", "width": 0.576}, "geometry": {"type": "LineString", "coordinates": [[121.53644559995821, 25.161585200718648], [121.53630449850112, 25.161673900525514]]}}, {"type": "Feature", "properties": {"id": "north-904356513-0", "osmWay": 904356513, "name": "", "kind": "path", "width": 0.512}, "geometry": {"type": "LineString", "coordinates": [[121.5549747002098, 25.159718400615343], [121.55507659889294, 25.15963160129806], [121.55509340008177, 25.159584201347467], [121.55515239960538, 25.159544201235178], [121.55524489917383, 25.159549599523896]]}}, {"type": "Feature", "properties": {"id": "north-919696637-0", "osmWay": 919696637, "name": "", "kind": "footway", "width": 0.576}, "geometry": {"type": "LineString", "coordinates": [[121.54047950089769, 25.156145000170678], [121.54042569864107, 25.156173198719905], [121.54041130072306, 25.156192899806864], [121.54041229924333, 25.156217499496947], [121.5404254009456, 25.156240600130257], [121.54044449997144, 25.156254201122888], [121.54044480076792, 25.156281599613727], [121.54042940122865, 25.156313099456522], [121.54043239989045, 25.1563382998922], [121.54044779942971, 25.156360199034317], [121.54047199959172, 25.156372300970176], [121.5405309991153, 25.15637440077255]]}}, {"type": "Feature", "properties": {"id": "north-919696638-0", "osmWay": 919696638, "name": "", "kind": "footway", "width": 0.576}, "geometry": {"type": "LineString", "coordinates": [[121.54062450030501, 25.156656700673732], [121.54057160043783, 25.156608699977543]]}}, {"type": "Feature", "properties": {"id": "north-919696639-0", "osmWay": 919696639, "name": "", "kind": "footway", "width": 0.576}, "geometry": {"type": "LineString", "coordinates": [[121.54090660088639, 25.156940401378908], [121.54088030135104, 25.15697930106001], [121.54085850135887, 25.157011600961194]]}}, {"type": "Feature", "properties": {"id": "north-919696640-0", "osmWay": 919696640, "name": "", "kind": "footway", "width": 0.576}, "geometry": {"type": "LineString", "coordinates": [[121.53922299958556, 25.158772798971434], [121.5392109987364, 25.158921800723142], [121.53919599922543, 25.158979301060008], [121.53918480153386, 25.159051500013476], [121.53917249988821, 25.159130200494072], [121.53914399864668, 25.15918759977093], [121.53909509906255, 25.159240701190264]]}}, {"type": "Feature", "properties": {"id": "north-919696641-0", "osmWay": 919696641, "name": "", "kind": "footway", "width": 0.576}, "geometry": {"type": "LineString", "coordinates": [[121.5396925987055, 25.159452301194754], [121.5397073997528, 25.159479098939993]]}}, {"type": "Feature", "properties": {"id": "north-945352667-0", "osmWay": 945352667, "name": "", "kind": "path", "width": 0.512}, "geometry": {"type": "LineString", "coordinates": [[121.53300000111163, 25.163365956647503], [121.53304360109597, 25.163402099636183], [121.53316849985617, 25.163210298971435], [121.53324489906058, 25.16318279942059], [121.5332101989308, 25.163035599905676], [121.53325009942854, 25.162882901042043], [121.5332738003304, 25.1628548007456], [121.53333230059387, 25.162851100826447], [121.53341249851668, 25.163026100265004], [121.53342910124186, 25.163137299959576], [121.53341140076458, 25.163380700179662], [121.53334989873834, 25.16373590083992], [121.53325569982484, 25.16383559934423], [121.53320790109379, 25.16398809889508], [121.53327029930749, 25.1641434000539], [121.53326980004735, 25.164293698742366], [121.5332956995544, 25.164504599748472], [121.53323830014403, 25.164571799038807], [121.53323239895127, 25.16468630002695], [121.5332446013651, 25.164795399919154], [121.5332450013934, 25.164858399604743], [121.53330030143042, 25.165038699079233]]}}, {"type": "Feature", "properties": {"id": "north-966146325-0", "osmWay": 966146325, "name": "", "kind": "service", "width": 1.28}, "geometry": {"type": "LineString", "coordinates": [[121.55298250032861, 25.149874998710924], [121.55294379991578, 25.149896799600253], [121.55289779976161, 25.149949799959575], [121.55287150022626, 25.14997759988322], [121.55286509977337, 25.150019500485087], [121.55286810153616, 25.150068899178045], [121.55291230001245, 25.15012890075009], [121.55295769857365, 25.150180601365435], [121.55307000109373, 25.150240400817463], [121.55311019928696, 25.150315401378908], [121.55312860058902, 25.15038719889957]]}}, {"type": "Feature", "properties": {"id": "north-979722281-0", "osmWay": 979722281, "name": "", "kind": "footway", "width": 0.576}, "geometry": {"type": "LineString", "coordinates": [[121.54802619923711, 25.15064820040424], [121.54802160046209, 25.15065090095221], [121.54801680012243, 25.150653699752965], [121.54799229916395, 25.15064099987873], [121.5479619001137, 25.15064099987873], [121.54791639921969, 25.150638900076355], [121.54788020130951, 25.15062620020212], [121.54784979915829, 25.150618800363816], [121.54783409882253, 25.150617899245418], [121.54781360124811, 25.150616700561446], [121.54777040129208, 25.150617800992634], [121.54776330001441, 25.15062159916457], [121.54774479948053, 25.150631500238052], [121.54768459987201, 25.15064790003144], [121.54764610102383, 25.150622000597377], [121.54755599852422, 25.15051699924991]]}}, {"type": "Feature", "properties": {"id": "north-979722282-0", "osmWay": 979722282, "name": "", "kind": "footway", "width": 0.576}, "geometry": {"type": "LineString", "coordinates": [[121.54807680126729, 25.1506188986166], [121.54802619923711, 25.15064820040424]]}}, {"type": "Feature", "properties": {"id": "north-979722283-0", "osmWay": 979722283, "name": "", "kind": "footway", "width": 0.576}, "geometry": {"type": "LineString", "coordinates": [[121.54783409882253, 25.150617899245418], [121.54787079909383, 25.150570799667626], [121.54789890030706, 25.150544900233562], [121.5479097010713, 25.15053449947449]]}}, {"type": "Feature", "properties": {"id": "north-979722284-0", "osmWay": 979722284, "name": "", "kind": "footway", "width": 0.576}, "geometry": {"type": "LineString", "coordinates": [[121.5479097010713, 25.15053449947449], [121.54795490116886, 25.15049099875584]]}}, {"type": "Feature", "properties": {"id": "north-979722285-0", "osmWay": 979722285, "name": "", "kind": "footway", "width": 0.576}, "geometry": {"type": "LineString", "coordinates": [[121.54801350066415, 25.150359999721523], [121.5480390001429, 25.15037680094772], [121.54804479900282, 25.150394301172298], [121.54804830002575, 25.150424599523895]]}}, {"type": "Feature", "properties": {"id": "north-979722286-0", "osmWay": 979722286, "name": "", "kind": "footway", "width": 0.576}, "geometry": {"type": "LineString", "coordinates": [[121.54797649959637, 25.150340399694574], [121.54801350066415, 25.150359999721523]]}}, {"type": "Feature", "properties": {"id": "north-979722287-0", "osmWay": 979722287, "name": "", "kind": "footway", "width": 0.576}, "geometry": {"type": "LineString", "coordinates": [[121.54806489964994, 25.149804500934245], [121.54814220124376, 25.149829400997124], [121.54815649992995, 25.149917098625583], [121.54808059998568, 25.15004950127111], [121.54809639955326, 25.15005779942059]]}}, {"type": "Feature", "properties": {"id": "north-979722288-0", "osmWay": 979722288, "name": "", "kind": "footway", "width": 0.576}, "geometry": {"type": "LineString", "coordinates": [[121.54809639955326, 25.15005779942059], [121.54812120130822, 25.150069499923642]]}}, {"type": "Feature", "properties": {"id": "north-979722289-0", "osmWay": 979722289, "name": "", "kind": "footway", "width": 0.576}, "geometry": {"type": "LineString", "coordinates": [[121.54802400063193, 25.1508305996811], [121.5480050008379, 25.150819199550845]]}}, {"type": "Feature", "properties": {"id": "north-979722290-0", "osmWay": 979722290, "name": "", "kind": "footway", "width": 0.576}, "geometry": {"type": "LineString", "coordinates": [[121.54802859940695, 25.15083330022907], [121.54802400063193, 25.1508305996811]]}}, {"type": "Feature", "properties": {"id": "north-979722291-0", "osmWay": 979722291, "name": "", "kind": "footway", "width": 0.576}, "geometry": {"type": "LineString", "coordinates": [[121.54804780076562, 25.151200100332375], [121.54803139960508, 25.151214400323394], [121.54797419865837, 25.15126139884118], [121.54795799906248, 25.15127030054348], [121.54793970009324, 25.151280400929753], [121.54789650013723, 25.151304700247035], [121.5478509992432, 25.151324300273984], [121.54781760153116, 25.15132899956432], [121.54779089886651, 25.15133109936669], [121.5476199007203, 25.15139439942508], [121.54761110009758, 25.15139770071865], [121.54756319903373, 25.151426199640674], [121.5475199990777, 25.151447399784406], [121.54748910076734, 25.151448399155587], [121.54742749950925, 25.151445799667624], [121.54732960110917, 25.151357501293568]]}}, {"type": "Feature", "properties": {"id": "north-979722292-0", "osmWay": 979722292, "name": "", "kind": "footway", "width": 0.576}, "geometry": {"type": "LineString", "coordinates": [[121.54808810129167, 25.151166801060008], [121.54804780076562, 25.151200100332375]]}}, {"type": "Feature", "properties": {"id": "north-979722293-0", "osmWay": 979722293, "name": "", "kind": "footway", "width": 0.576}, "geometry": {"type": "LineString", "coordinates": [[121.54773999914086, 25.15124769959576], [121.54776490012763, 25.151272599658643], [121.54779439988944, 25.151312100085338], [121.54780649997043, 25.151323000530002], [121.54781760153116, 25.15132899956432], [121.5478392991905, 25.15133700014822], [121.54785139927151, 25.15135149945203], [121.54786080148719, 25.151367899245418], [121.54786879895231, 25.151384899784407], [121.54785539955456, 25.151472900592886], [121.54785539955456, 25.1515566989894], [121.54785539955456, 25.151590099321776], [121.54787020060188, 25.15161490113187], [121.54791239893663, 25.151671399290336], [121.54794189869843, 25.151690199258894], [121.54798219922448, 25.15171630081297], [121.54801230057923, 25.151731499115165]]}}, {"type": "Feature", "properties": {"id": "north-979722294-0", "osmWay": 979722294, "name": "", "kind": "footway", "width": 0.576}, "geometry": {"type": "LineString", "coordinates": [[121.54801230057923, 25.151731499115165], [121.54806129939519, 25.151745400480596]]}}, {"type": "Feature", "properties": {"id": "north-1030268396-0", "osmWay": 1030268396, "name": "", "kind": "path", "width": 0.512}, "geometry": {"type": "LineString", "coordinates": [[121.53309869956833, 25.16031610037729], [121.53313549907146, 25.160300801015094]]}}, {"type": "Feature", "properties": {"id": "north-1030268397-0", "osmWay": 1030268397, "name": "", "kind": "path", "width": 0.512}, "geometry": {"type": "LineString", "coordinates": [[121.53301380053769, 25.160299501271112], [121.5330437003278, 25.16031069928135], [121.53309869956833, 25.16031610037729]]}}, {"type": "Feature", "properties": {"id": "north-1030268398-0", "osmWay": 1030268398, "name": "十八挖圳邊路", "kind": "path", "width": 0.512}, "geometry": {"type": "LineString", "coordinates": [[121.53302939854062, 25.16022710019763], [121.5330134997412, 25.160281899986526], [121.53301380053769, 25.160299501271112]]}}, {"type": "Feature", "properties": {"id": "north-1077377257-0", "osmWay": 1077377257, "name": "", "kind": "footway", "width": 0.576}, "geometry": {"type": "LineString", "coordinates": [[121.53301380053769, 25.160299501271112], [121.53300099963191, 25.16033349954186], [121.53300000111163, 25.160337182617678]]}}, {"type": "Feature", "properties": {"id": "north-1081384035-0", "osmWay": 1081384035, "name": "", "kind": "track", "width": 0.96}, "geometry": {"type": "LineString", "coordinates": [[121.54963800010856, 25.156667699371184], [121.54946350093942, 25.15662330034136]]}}, {"type": "Feature", "properties": {"id": "north-1081384036-0", "osmWay": 1081384036, "name": "", "kind": "track", "width": 0.96}, "geometry": {"type": "LineString", "coordinates": [[121.54963800010856, 25.156667699371184], [121.54968270094597, 25.156741400188647], [121.54978309874771, 25.156999799398132], [121.54970019985859, 25.157112399896693], [121.54964600067467, 25.15724079944305], [121.54959489938436, 25.15726679993712], [121.54947690033717, 25.157274000462632], [121.5494562011981, 25.15737219991017]]}}, {"type": "Feature", "properties": {"id": "north-1081384037-0", "osmWay": 1081384037, "name": "", "kind": "footway", "width": 0.576}, "geometry": {"type": "LineString", "coordinates": [[121.5494562011981, 25.15737219991017], [121.5495174985587, 25.157549599523897]]}}, {"type": "Feature", "properties": {"id": "north-1081384038-0", "osmWay": 1081384038, "name": "", "kind": "track", "width": 0.96}, "geometry": {"type": "LineString", "coordinates": [[121.5494562011981, 25.15737219991017], [121.54927090126472, 25.157354898998385], [121.54917299976364, 25.15739500017068], [121.5490416013187, 25.157431398616602], [121.54889809969178, 25.15746290126662], [121.54880150060845, 25.157455700741107], [121.54865130083314, 25.157458100916276], [121.54851450045558, 25.157454400997125], [121.54842739971876, 25.157502999631692], [121.54835980113708, 25.15754029919601], [121.54834149906685, 25.1575503013295]]}}, {"type": "Feature", "properties": {"id": "north-1081524147-0", "osmWay": 1081524147, "name": "", "kind": "footway", "width": 0.576}, "geometry": {"type": "LineString", "coordinates": [[121.54597619991723, 25.15482899956432], [121.54606820022555, 25.154833799914663], [121.54618859944257, 25.154912301082465], [121.54620660071633, 25.15490729861211]]}}, {"type": "Feature", "properties": {"id": "north-1081524148-0", "osmWay": 1081524148, "name": "", "kind": "footway", "width": 0.576}, "geometry": {"type": "LineString", "coordinates": [[121.54597619991723, 25.15482899956432], [121.54596470142918, 25.154743601051024], [121.54596909863956, 25.15467849875584]]}}, {"type": "Feature", "properties": {"id": "north-1081524149-0", "osmWay": 1081524149, "name": "", "kind": "footway", "width": 0.576}, "geometry": {"type": "LineString", "coordinates": [[121.54620660071633, 25.15490729861211], [121.54626249924532, 25.154865499070247], [121.54628410077382, 25.154803400503056]]}}, {"type": "Feature", "properties": {"id": "north-1081524150-0", "osmWay": 1081524150, "name": "", "kind": "footway", "width": 0.576}, "geometry": {"type": "LineString", "coordinates": [[121.54597440134036, 25.154635200157205], [121.54608550067452, 25.154654398751347], [121.54622769988372, 25.154708698854655], [121.54629410148146, 25.154719599299316], [121.54631869857077, 25.154724801082466]]}}, {"type": "Feature", "properties": {"id": "north-1081524151-0", "osmWay": 1081524151, "name": "", "kind": "footway", "width": 0.576}, "geometry": {"type": "LineString", "coordinates": [[121.54630180125109, 25.154761800273985], [121.54631869857077, 25.154724801082466], [121.54635790134472, 25.154689898886094], [121.54650890117664, 25.154630399806862]]}}, {"type": "Feature", "properties": {"id": "north-1081524152-0", "osmWay": 1081524152, "name": "", "kind": "footway", "width": 0.576}, "geometry": {"type": "LineString", "coordinates": [[121.54597440134036, 25.154635200157205], [121.54598870002654, 25.154593700988144], [121.54602220007139, 25.154537500395257]]}}, {"type": "Feature", "properties": {"id": "north-1081524153-0", "osmWay": 1081524153, "name": "", "kind": "footway", "width": 0.576}, "geometry": {"type": "LineString", "coordinates": [[121.54604880040323, 25.154491099815846], [121.54629220057176, 25.15453880013924], [121.54638449857556, 25.154561100714158], [121.54644960085656, 25.15456510100611], [121.54649320084089, 25.154579400997125], [121.54654780005312, 25.15461439863906]]}}, {"type": "Feature", "properties": {"id": "north-1081524154-0", "osmWay": 1081524154, "name": "", "kind": "footway", "width": 0.576}, "geometry": {"type": "LineString", "coordinates": [[121.54654780005312, 25.15461439863906], [121.54655460053432, 25.15458909995059], [121.54653539917565, 25.154527899694575]]}}, {"type": "Feature", "properties": {"id": "north-1081524155-0", "osmWay": 1081524155, "name": "", "kind": "footway", "width": 0.576}, "geometry": {"type": "LineString", "coordinates": [[121.54604880040323, 25.154491099815846], [121.54595710089139, 25.154448399155587], [121.54596230125935, 25.154372500282967]]}}, {"type": "Feature", "properties": {"id": "north-1081524156-0", "osmWay": 1081524156, "name": "", "kind": "footway", "width": 0.576}, "geometry": {"type": "LineString", "coordinates": [[121.54595710089139, 25.154448399155587], [121.54587640060745, 25.15438020049407]]}}, {"type": "Feature", "properties": {"id": "north-1081524157-0", "osmWay": 1081524157, "name": "", "kind": "footway", "width": 0.576}, "geometry": {"type": "LineString", "coordinates": [[121.54663309911207, 25.154658999788897], [121.54658749898621, 25.1546350990972], [121.54654780005312, 25.15461439863906]]}}, {"type": "Feature", "properties": {"id": "north-1081524158-0", "osmWay": 1081524158, "name": "", "kind": "footway", "width": 0.576}, "geometry": {"type": "LineString", "coordinates": [[121.54668930153852, 25.154601600512038], [121.5466297996538, 25.154600601140856], [121.54658749898621, 25.1546350990972]]}}, {"type": "Feature", "properties": {"id": "north-1085070196-0", "osmWay": 1085070196, "name": "", "kind": "footway", "width": 0.576}, "geometry": {"type": "LineString", "coordinates": [[121.53558800129072, 25.16079920089831], [121.53562409996907, 25.160768501113907], [121.53564469987631, 25.1607364987783], [121.5356095004864, 25.16065270038178], [121.53561419849325, 25.160612399896696]]}}, {"type": "Feature", "properties": {"id": "north-1085070197-0", "osmWay": 1085070197, "name": "", "kind": "footway", "width": 0.576}, "geometry": {"type": "LineString", "coordinates": [[121.53584789875063, 25.160555000619834], [121.53585320145142, 25.160641900997124], [121.53583339849979, 25.160723400278478], [121.53580579964769, 25.160764001136364], [121.53582649878678, 25.160771900660258], [121.53581650118012, 25.16080509887262], [121.53585490079647, 25.160829400997127]]}}, {"type": "Feature", "properties": {"id": "north-1085070198-0", "osmWay": 1085070198, "name": "", "kind": "path", "width": 0.512}, "geometry": {"type": "LineString", "coordinates": [[121.53580579964769, 25.160764001136364], [121.53571880124369, 25.160748101028567], [121.53567130020814, 25.160753799690085], [121.53564220047465, 25.1607684000539]]}}, {"type": "Feature", "properties": {"id": "north-1085070199-0", "osmWay": 1085070199, "name": "", "kind": "steps", "width": 0.48}, "geometry": {"type": "LineString", "coordinates": [[121.53627219854118, 25.161163101140854], [121.53627889979055, 25.161167898683974], [121.53627129925275, 25.16118820051653], [121.53631849949181, 25.16120339881872], [121.53641230147801, 25.161292300745597], [121.5364477985634, 25.161296699663133], [121.53650520107476, 25.161291899312793], [121.53652489859257, 25.16131800086687], [121.53652700106693, 25.161345500417713], [121.5364867997727, 25.161346300476104], [121.53649729974047, 25.161417800431188], [121.53649489957064, 25.161449600646783], [121.53648289872147, 25.161466601185772], [121.53649529959895, 25.161500599456524], [121.53643959953362, 25.16152320040424], [121.53643020041895, 25.161520600916276]]}}, {"type": "Feature", "properties": {"id": "north-1085070200-0", "osmWay": 1085070200, "name": "", "kind": "steps", "width": 0.48}, "geometry": {"type": "LineString", "coordinates": [[121.5357979014144, 25.16121210120823], [121.53576579991812, 25.161235100781532], [121.5357585001768, 25.16125630092526]]}}, {"type": "Feature", "properties": {"id": "north-1085070201-0", "osmWay": 1085070201, "name": "", "kind": "steps", "width": 0.48}, "geometry": {"type": "LineString", "coordinates": [[121.5358815011283, 25.161164499137623], [121.53594730113309, 25.161117000934244], [121.53596390075728, 25.161090298634566], [121.5359661985943, 25.161055300992633]]}}, {"type": "Feature", "properties": {"id": "north-1085070202-0", "osmWay": 1085070202, "name": "", "kind": "footway", "width": 0.576}, "geometry": {"type": "LineString", "coordinates": [[121.5357979014144, 25.16121210120823], [121.5358815011283, 25.161164499137623]]}}, {"type": "Feature", "properties": {"id": "north-1085070203-0", "osmWay": 1085070203, "name": "", "kind": "path", "width": 0.512}, "geometry": {"type": "LineString", "coordinates": [[121.53708719884561, 25.161995900166186], [121.53706809981976, 25.16192900124865], [121.5370269992371, 25.161873999339743], [121.5369732993133, 25.161810901401367], [121.53697159996825, 25.161742899245418], [121.53694290026306, 25.16168950026051], [121.5369679997135, 25.161568099119656], [121.53701089887304, 25.161525999204994], [121.53702880091497, 25.16145970103306], [121.5368500006663, 25.161403000754582], [121.5367883001764, 25.161333401289077], [121.53670420120237, 25.161270300543478], [121.5366115993011, 25.161035700965684]]}}, {"type": "Feature", "properties": {"id": "north-1085071904-0", "osmWay": 1085071904, "name": "", "kind": "path", "width": 0.512}, "geometry": {"type": "LineString", "coordinates": [[121.53642349916957, 25.161743800363816], [121.53643380067369, 25.161732501293567], [121.5364467008113, 25.161718299555336], [121.5365182004442, 25.16168309979339], [121.5365322014349, 25.161641401311535]]}}, {"type": "Feature", "properties": {"id": "north-1091620089-0", "osmWay": 1091620089, "name": "", "kind": "path", "width": 0.512}, "geometry": {"type": "LineString", "coordinates": [[121.53851970020825, 25.154589400323392], [121.53858460092461, 25.15474239955983], [121.53852210037809, 25.15476589881872], [121.53856930061717, 25.154853501001618]]}}, {"type": "Feature", "properties": {"id": "north-1091644849-0", "osmWay": 1091644849, "name": "", "kind": "service", "width": 1.28}, "geometry": {"type": "LineString", "coordinates": [[121.53897790007197, 25.154438599142114], [121.53892340009156, 25.154338998890587], [121.53886550142106, 25.15423590083992], [121.53873669850861, 25.154109699348723], [121.53859529935605, 25.15406480063331]]}}, {"type": "Feature", "properties": {"id": "north-1091644853-0", "osmWay": 1091644853, "name": "", "kind": "path", "width": 0.512}, "geometry": {"type": "LineString", "coordinates": [[121.53880439942311, 25.160051199640677], [121.53877280028796, 25.159968900300935], [121.53872960033195, 25.159987500956703], [121.53863359974056, 25.160028699752964]]}}, {"type": "Feature", "properties": {"id": "north-1091644854-0", "osmWay": 1091644854, "name": "", "kind": "steps", "width": 0.48}, "geometry": {"type": "LineString", "coordinates": [[121.5382315992023, 25.160349001024073], [121.53841599984725, 25.1602139006378]]}}, {"type": "Feature", "properties": {"id": "north-1091644855-0", "osmWay": 1091644855, "name": "", "kind": "steps", "width": 0.48}, "geometry": {"type": "LineString", "coordinates": [[121.53639209849807, 25.160864101073482], [121.53642959882599, 25.16087710132052], [121.5364694000919, 25.160904499811355], [121.53648839988593, 25.1609409010645], [121.536509099025, 25.160969700359324], [121.53652849884733, 25.16096370132501], [121.53655200128554, 25.16097169910169], [121.53658129948268, 25.160972400907294], [121.53658859922402, 25.16097039935771], [121.53662129921226, 25.16096150046263]]}}, {"type": "Feature", "properties": {"id": "north-1091736036-0", "osmWay": 1091736036, "name": "", "kind": "steps", "width": 0.48}, "geometry": {"type": "LineString", "coordinates": [[121.53934920076352, 25.15843710008534], [121.53929140132485, 25.158463998890586], [121.53926610030976, 25.158487599209487], [121.53924180091593, 25.158490299757457]]}}, {"type": "Feature", "properties": {"id": "north-1091736038-0", "osmWay": 1091736038, "name": "", "kind": "steps", "width": 0.48}, "geometry": {"type": "LineString", "coordinates": [[121.53974530010902, 25.158118499991016], [121.53978899932517, 25.1581657988816]]}}, {"type": "Feature", "properties": {"id": "north-1091736039-0", "osmWay": 1091736039, "name": "", "kind": "footway", "width": 0.576}, "geometry": {"type": "LineString", "coordinates": [[121.53978899932517, 25.1581657988816], [121.53986470080578, 25.15819300086687]]}}, {"type": "Feature", "properties": {"id": "north-1091741347-0", "osmWay": 1091741347, "name": "", "kind": "service", "width": 1.28}, "geometry": {"type": "LineString", "coordinates": [[121.54057080038122, 25.158493101365433], [121.54056409913186, 25.158503198944484], [121.54054170064774, 25.158536700336867], [121.54050500037643, 25.158569199550843], [121.54049450040866, 25.15861360138789], [121.54053070141983, 25.158651599950595], [121.54056409913186, 25.158666598939995], [121.54059969855007, 25.158662598648043], [121.54062800132795, 25.15864850077704]]}}, {"type": "Feature", "properties": {"id": "north-1091741349-0", "osmWay": 1091741349, "name": "", "kind": "footway", "width": 0.576}, "geometry": {"type": "LineString", "coordinates": [[121.54052729962872, 25.15947309990568], [121.54059749994488, 25.159420298859146], [121.54067959877739, 25.159381399178045]]}}, {"type": "Feature", "properties": {"id": "north-1091741350-0", "osmWay": 1091741350, "name": "", "kind": "footway", "width": 0.576}, "geometry": {"type": "LineString", "coordinates": [[121.54053219920023, 25.157815999317283], [121.54053579945497, 25.157868101365434], [121.54053200073656, 25.157930300992636], [121.54053949894156, 25.157974200336866], [121.54055210138368, 25.158047999407113], [121.54054909962089, 25.158076599389148], [121.54056239978681, 25.15812289890855], [121.5405987000298, 25.158183400166187], [121.54061150093558, 25.158198000530003]]}}, {"type": "Feature", "properties": {"id": "north-1091749658-0", "osmWay": 1091749658, "name": "", "kind": "footway", "width": 0.576}, "geometry": {"type": "LineString", "coordinates": [[121.54024929856224, 25.15770369919152], [121.54028719891846, 25.157773298657027]]}}, {"type": "Feature", "properties": {"id": "north-1091749659-0", "osmWay": 1091749659, "name": "", "kind": "footway", "width": 0.576}, "geometry": {"type": "LineString", "coordinates": [[121.53990620141676, 25.1576813986166], [121.53993810134838, 25.15761999904779]]}}, {"type": "Feature", "properties": {"id": "north-1092082710-0", "osmWay": 1092082710, "name": "", "kind": "footway", "width": 0.576}, "geometry": {"type": "LineString", "coordinates": [[121.54062800132795, 25.15864850077704], [121.54064199921764, 25.158672600781532], [121.54077780107494, 25.158873199281352], [121.54083009934917, 25.15894969889957], [121.54085789976591, 25.159118101365433], [121.54086359939402, 25.1592298007456]]}}, {"type": "Feature", "properties": {"id": "north-1092082718-0", "osmWay": 1092082718, "name": "", "kind": "footway", "width": 0.576}, "geometry": {"type": "LineString", "coordinates": [[121.53924420108576, 25.158301699326266], [121.53930529998271, 25.158333100916277], [121.53933599982943, 25.158343700988144]]}}, {"type": "Feature", "properties": {"id": "north-1092085996-0", "osmWay": 1092085996, "name": "", "kind": "steps", "width": 0.48}, "geometry": {"type": "LineString", "coordinates": [[121.53909810082534, 25.157957098737874], [121.53905909961604, 25.15794490135645], [121.53901109932035, 25.158027798634567], [121.53895409993828, 25.15799929971254]]}}, {"type": "Feature", "properties": {"id": "north-1092085997-0", "osmWay": 1092085997, "name": "", "kind": "footway", "width": 0.576}, "geometry": {"type": "LineString", "coordinates": [[121.53942659848818, 25.15912860037729], [121.53950599945537, 25.159089700696192], [121.53957980002627, 25.1592292], [121.53942079962825, 25.15930589893101]]}}, {"type": "Feature", "properties": {"id": "north-1092086411-0", "osmWay": 1092086411, "name": "", "kind": "steps", "width": 0.48}, "geometry": {"type": "LineString", "coordinates": [[121.5397073997528, 25.159479098939993], [121.53975759865368, 25.159566799375675]]}}, {"type": "Feature", "properties": {"id": "north-1092089301-0", "osmWay": 1092089301, "name": "", "kind": "footway", "width": 0.576}, "geometry": {"type": "LineString", "coordinates": [[121.53864790152774, 25.160151299577795], [121.53872239982243, 25.1600809000539], [121.53880439942311, 25.160051199640677], [121.53894239988558, 25.160001301262128], [121.53913440106834, 25.159951501136366], [121.53933350042777, 25.159936499339743], [121.53943970019044, 25.159904499811354], [121.5395726987486, 25.159886999586778], [121.53964020119943, 25.159849598962452], [121.5396737012443, 25.15985229951042], [121.53974730025055, 25.15982929993712], [121.53981310025534, 25.159786801396873], [121.53985199913183, 25.159748600714156], [121.53997429925856, 25.159695299982033], [121.54003900151125, 25.159673499092705], [121.54010440148774, 25.1596284010645], [121.54014299956775, 25.159569199550845]]}}, {"type": "Feature", "properties": {"id": "north-1092089302-0", "osmWay": 1092089302, "name": "", "kind": "footway", "width": 0.576}, "geometry": {"type": "LineString", "coordinates": [[121.54014299956775, 25.159569199550845], [121.54018160074875, 25.159577500507545]]}}, {"type": "Feature", "properties": {"id": "north-1092094459-0", "osmWay": 1092094459, "name": "", "kind": "footway", "width": 0.576}, "geometry": {"type": "LineString", "coordinates": [[121.53934790144677, 25.154044700920767], [121.53935650050485, 25.1539313986166]]}}, {"type": "Feature", "properties": {"id": "north-1092094460-0", "osmWay": 1092094460, "name": "", "kind": "steps", "width": 0.48}, "geometry": {"type": "LineString", "coordinates": [[121.53934339880259, 25.154713299892205], [121.53947339869896, 25.154845800790515]]}}, {"type": "Feature", "properties": {"id": "north-1092094461-0", "osmWay": 1092094461, "name": "B1", "kind": "service", "width": 1.28}, "geometry": {"type": "LineString", "coordinates": [[121.53883130055142, 25.1553305996811], [121.53887139951283, 25.15530349875584]]}}, {"type": "Feature", "properties": {"id": "north-1092094462-0", "osmWay": 1092094462, "name": "B2機車專用機車專用", "kind": "service", "width": 1.28}, "geometry": {"type": "LineString", "coordinates": [[121.53913970066814, 25.155248401401366], [121.53919429988038, 25.155396198854653], [121.53917600091114, 25.155451400076355], [121.53913939987166, 25.155497399222963], [121.53910309962868, 25.155525199146606], [121.5390480011563, 25.15553609959127], [121.53898430052486, 25.15552590095221], [121.53894209908911, 25.15548910107348], [121.53888290110186, 25.15539880114984], [121.53883130055142, 25.1553305996811]]}}, {"type": "Feature", "properties": {"id": "north-1092094463-0", "osmWay": 1092094463, "name": "B1汽車通道", "kind": "service", "width": 1.28}, "geometry": {"type": "LineString", "coordinates": [[121.53883130055142, 25.1553305996811], [121.53857909976016, 25.15499739922296]]}}, {"type": "Feature", "properties": {"id": "north-1092094464-0", "osmWay": 1092094464, "name": "B1/B2樓梯", "kind": "steps", "width": 0.48}, "geometry": {"type": "LineString", "coordinates": [[121.53913970066814, 25.155248401401366], [121.53928889882218, 25.155165200943227]]}}, {"type": "Feature", "properties": {"id": "north-1092094465-0", "osmWay": 1092094465, "name": "B1/B2/地面樓梯", "kind": "steps", "width": 0.48}, "geometry": {"type": "LineString", "coordinates": [[121.53889230021655, 25.154887799645167], [121.53894769948539, 25.154856799487963]]}}, {"type": "Feature", "properties": {"id": "north-1092096106-0", "osmWay": 1092096106, "name": "", "kind": "footway", "width": 0.576}, "geometry": {"type": "LineString", "coordinates": [[121.53853719912088, 25.154089099950593], [121.53850769935909, 25.154167000372798], [121.53851829855869, 25.15422459896245], [121.53848879879689, 25.154240600130255]]}}, {"type": "Feature", "properties": {"id": "north-1092096107-0", "osmWay": 1092096107, "name": "", "kind": "footway", "width": 0.576}, "geometry": {"type": "LineString", "coordinates": [[121.53851129961384, 25.153948199842795], [121.53817959862356, 25.154051999699067]]}}, {"type": "Feature", "properties": {"id": "north-1092096108-0", "osmWay": 1092096108, "name": "", "kind": "footway", "width": 0.576}, "geometry": {"type": "LineString", "coordinates": [[121.53842400041336, 25.153776100265002], [121.53839450065156, 25.1537444993622], [121.53834699961601, 25.153666399627202], [121.53830999854823, 25.15355210075907]]}}, {"type": "Feature", "properties": {"id": "north-1092096714-0", "osmWay": 1092096714, "name": "", "kind": "path", "width": 0.512}, "geometry": {"type": "LineString", "coordinates": [[121.53799299937344, 25.153091000440174], [121.53801100064719, 25.153047800094324], [121.53803110129431, 25.153051000327885]]}}, {"type": "Feature", "properties": {"id": "north-1092660322-0", "osmWay": 1092660322, "name": "", "kind": "footway", "width": 0.576}, "geometry": {"type": "LineString", "coordinates": [[121.5393267991784, 25.158673198719907], [121.53927130067773, 25.158685398908553], [121.53923410114629, 25.15869040137891]]}}, {"type": "Feature", "properties": {"id": "north-1092660325-0", "osmWay": 1092660325, "name": "", "kind": "steps", "width": 0.48}, "geometry": {"type": "LineString", "coordinates": [[121.53901109932035, 25.158027798634567], [121.53903800044866, 25.158116400188646], [121.53904739956334, 25.15812059979339]]}}, {"type": "Feature", "properties": {"id": "north-1092660326-0", "osmWay": 1092660326, "name": "中興路", "kind": "unclassified", "width": 1.6}, "geometry": {"type": "LineString", "coordinates": [[121.5396726003912, 25.156886699213977], [121.53962370080708, 25.157167898683973], [121.53955260120249, 25.157322200471615], [121.53914970137579, 25.15785850066475], [121.53912320027578, 25.157954100624327], [121.53911279953984, 25.15800299963169], [121.5390873000611, 25.158138201077975], [121.53902289860487, 25.1583694993622], [121.53900149864101, 25.158498300341357], [121.53898550060978, 25.15880749904779], [121.53897780084014, 25.158834900345852], [121.53895739939655, 25.158887401019584], [121.53888500047522, 25.158963998890584], [121.5388799985709, 25.15901989911067], [121.53889039930685, 25.159066998688466]]}}, {"type": "Feature", "properties": {"id": "north-1104487037-0", "osmWay": 1104487037, "name": "菁山路101巷71弄", "kind": "tertiary", "width": 2.56}, "geometry": {"type": "LineString", "coordinates": [[121.55154479859797, 25.149850399020842], [121.5512426004705, 25.150321599726016]]}}, {"type": "Feature", "properties": {"id": "north-1116303077-0", "osmWay": 1116303077, "name": "", "kind": "footway", "width": 0.576}, "geometry": {"type": "LineString", "coordinates": [[121.54817660057707, 25.150163600826446], [121.54837289973835, 25.150249799398132]]}}, {"type": "Feature", "properties": {"id": "north-1116303078-0", "osmWay": 1116303078, "name": "", "kind": "footway", "width": 0.576}, "geometry": {"type": "LineString", "coordinates": [[121.54816770072252, 25.150049899896693], [121.5481722002657, 25.15010629980237]]}}, {"type": "Feature", "properties": {"id": "north-1116303079-0", "osmWay": 1116303079, "name": "", "kind": "steps", "width": 0.48}, "geometry": {"type": "LineString", "coordinates": [[121.5481722002657, 25.15010629980237], [121.54817660057707, 25.150163600826446]]}}, {"type": "Feature", "properties": {"id": "north-1165308331-0", "osmWay": 1165308331, "name": "", "kind": "residential", "width": 1.6}, "geometry": {"type": "LineString", "coordinates": [[121.53594749959674, 25.15796009965864], [121.53583979895268, 25.158139700134747], [121.5358251002382, 25.158181600736615], [121.53589410046943, 25.158449901019583], [121.5358719996808, 25.15857549895796], [121.53580019925141, 25.158699901019585], [121.53581629961548, 25.15876299895796]]}}, {"type": "Feature", "properties": {"id": "north-1165308332-0", "osmWay": 1165308332, "name": "", "kind": "residential", "width": 1.6}, "geometry": {"type": "LineString", "coordinates": [[121.53790869883476, 25.15349469867499], [121.53775119931812, 25.153561401086957], [121.53764730049346, 25.153593700988143], [121.53752189937211, 25.15363340072763], [121.5374128994113, 25.153660400592887], [121.53717220020907, 25.153719298926518], [121.5371158985508, 25.153805500305428], [121.53710920040243, 25.153923799465506], [121.53706289945178, 25.154034300161698]]}}, {"type": "Feature", "properties": {"id": "north-1165308333-0", "osmWay": 1165308333, "name": "", "kind": "residential", "width": 1.6}, "geometry": {"type": "LineString", "coordinates": [[121.53824020136138, 25.150844399986525], [121.53827370140623, 25.15085339994161], [121.53843480117762, 25.150913901199246], [121.53853950005889, 25.15102910118577], [121.53866429958728, 25.15112299996856], [121.5388152994192, 25.151251200202122], [121.53888810146984, 25.15131709974847], [121.53892170074651, 25.15135880103755], [121.53891800125994, 25.151411298904062], [121.53885190045867, 25.151492800992635], [121.53849210135616, 25.151925699955086], [121.53838989877555, 25.152006999923643]]}}, {"type": "Feature", "properties": {"id": "north-1165308334-0", "osmWay": 1165308334, "name": "", "kind": "unclassified", "width": 1.6}, "geometry": {"type": "LineString", "coordinates": [[121.53845700119808, 25.15655829910618], [121.53835839887222, 25.156574100961194], [121.53833039999182, 25.15658459997305], [121.53828939864098, 25.156618499991016], [121.53824400007979, 25.156821400413225], [121.53817400132827, 25.1569555996811], [121.53810079924934, 25.157078600938735]]}}, {"type": "Feature", "properties": {"id": "north-1165311396-0", "osmWay": 1165311396, "name": "", "kind": "footway", "width": 0.576}, "geometry": {"type": "LineString", "coordinates": [[121.54250040048407, 25.16289530054348], [121.54250040048407, 25.162922000035934], [121.54258459868993, 25.162996399851778], [121.54257279940542, 25.16308410028746], [121.54258619880316, 25.16314690066026], [121.54263949869865, 25.16317450127111], [121.54270559949991, 25.163250700516528], [121.54274050119434, 25.163280100556953], [121.54279340106152, 25.163382300296444]]}}, {"type": "Feature", "properties": {"id": "north-1165311397-0", "osmWay": 1165311397, "name": "", "kind": "footway", "width": 0.576}, "geometry": {"type": "LineString", "coordinates": [[121.54399469846747, 25.16241490057043], [121.54402420133026, 25.16246529863457], [121.54405039853279, 25.162483200291952], [121.54409599865865, 25.162496500911786], [121.54412619924523, 25.16252240034585], [121.54420529941594, 25.162633400727632], [121.54433640016538, 25.162781200988142], [121.54438400043277, 25.16281430094772], [121.54441919982267, 25.162819199550846], [121.5444563993541, 25.162852201257635], [121.54450399962148, 25.162867699932626], [121.54454220077419, 25.162935101342974], [121.54458109965067, 25.16296879924093], [121.54461189872922, 25.163010000844412]]}}, {"type": "Feature", "properties": {"id": "north-1169251691-0", "osmWay": 1169251691, "name": "中興路接走大屯瀑布", "kind": "path", "width": 0.512}, "geometry": {"type": "LineString", "coordinates": [[121.53703780000134, 25.160802300071865], [121.53702640074513, 25.160823199842795], [121.53695069926452, 25.160841000440172], [121.53686349929588, 25.160867301307043], [121.53689009962771, 25.160934500597378], [121.53690130042027, 25.160966300812973], [121.53692049867794, 25.161052100759072], [121.53696390019861, 25.161114300386274], [121.53702299895404, 25.161149999833814], [121.5370689991082, 25.161154800184153], [121.53705700136003, 25.1612059000539], [121.53710150063279, 25.16122790025602], [121.53710840034582, 25.161231198742364]]}}, {"type": "Feature", "properties": {"id": "north-1169252503-0", "osmWay": 1169252503, "name": "陽明溪水管路", "kind": "path", "width": 0.512}, "geometry": {"type": "LineString", "coordinates": [[121.53682940075906, 25.162070799667624], [121.53683990072683, 25.16209639872889], [121.53689629851596, 25.162122898908553], [121.53696820127816, 25.162156099928136], [121.53699139981889, 25.162209201347466], [121.53704420045425, 25.162280799555337], [121.53711280065717, 25.162311900772547], [121.53720259925932, 25.162387701392383], [121.5372369985926, 25.162404600871362], [121.53728409959986, 25.16244250118128], [121.53740449881688, 25.162489999384658], [121.53752839905682, 25.162545801351957], [121.53755049984547, 25.162576899761948], [121.53755179916222, 25.162617500619834], [121.53753420101776, 25.162653099007365], [121.53754089916613, 25.16269380092526], [121.5375298007064, 25.162815401378907], [121.53752130088016, 25.162872601342976], [121.53754659879424, 25.162953199505928], [121.53753500107437, 25.16299700059738], [121.53755890043989, 25.163027400008982], [121.53757079895624, 25.163065199258895], [121.53758249900893, 25.16312120053899], [121.537625100473, 25.163170899604744], [121.53771199964515, 25.163208199169063], [121.537917198661, 25.16322820062882], [121.53800970133045, 25.163339099950594], [121.53815079968655, 25.163393298993892], [121.53815870102083, 25.163421399290336], [121.53821699971965, 25.16345579899389], [121.53829779923541, 25.163578499878728], [121.53821899986117, 25.1636284010645], [121.53827220052483, 25.16370109970356], [121.53835650106352, 25.163761000215594], [121.53842910154951, 25.163865400817464], [121.53847440087888, 25.16389210030992], [121.53855369951324, 25.163896400974668], [121.53863779848727, 25.16388879901635], [121.53870549940177, 25.163885500530004], [121.5387240991675, 25.163885000844413], [121.53872619854084, 25.163884899784406], [121.53877049934995, 25.163883600040425], [121.53881729956072, 25.163887401019583], [121.53884820097208, 25.163925598895077], [121.5388515996622, 25.16393679971254]]}}, {"type": "Feature", "properties": {"id": "north-1178510046-0", "osmWay": 1178510046, "name": "中腰線", "kind": "path", "width": 0.512}, "geometry": {"type": "LineString", "coordinates": [[121.54656590986168, 25.148999998710924], [121.54657120015851, 25.149008198607618], [121.54660689880855, 25.149044900233562], [121.54663839871188, 25.14910610048958], [121.54665199967427, 25.149152899694574], [121.5466223014488, 25.14920780054348], [121.54657120015851, 25.149289400884836], [121.54660580105646, 25.149366200875853], [121.54656969927711, 25.14940010089382], [121.54654149883206, 25.14944590072763], [121.54648030070328, 25.14952300109145], [121.5464292986448, 25.14956830123967], [121.54639590093277, 25.14959989933525], [121.54636400100114, 25.149679399874238], [121.54633210106951, 25.149715801127382], [121.54630190048293, 25.149754400435683], [121.5461360996037, 25.14979520060636], [121.54609099873798, 25.149789100512038], [121.5460683986892, 25.149800000956702], [121.54603679955405, 25.14981370020212], [121.54598039866394, 25.149806101051023], [121.54595039964201, 25.149831200426696], [121.54590220088267, 25.14987170022458], [121.54584320135908, 25.149909900907293], [121.54576469968033, 25.149920399919154], [121.5457191987863, 25.14993889951491], [121.54566240096888, 25.149921098917535], [121.54561139891041, 25.149918900862378], [121.5455394992492, 25.14990650136094], [121.54536479851542, 25.149858000979158], [121.54529500132857, 25.14988290104204], [121.54524010131986, 25.14990999916008], [121.54519719905932, 25.149889399761946], [121.54514229905061, 25.14997989899838], [121.54499430098149, 25.149953000193136], [121.5449588007951, 25.14998400035034], [121.54490409925005, 25.149993999676607], [121.54488970133204, 25.149987399896695], [121.54486830136818, 25.14990999916008], [121.54480469996857, 25.14991940054797], [121.54477800040492, 25.149961301149837], [121.54469160049287, 25.149945198922026], [121.54463559963108, 25.14996150046263], [121.54457309908456, 25.150011600961193], [121.54450599976302, 25.150004599748474], [121.54443880120965, 25.150001598827703], [121.54439829911895, 25.150015000507548], [121.54438249955138, 25.150012600332374], [121.54432479934452, 25.15002380114984], [121.54428249867694, 25.150022299285844], [121.54426930084385, 25.150021799600253], [121.54419910052769, 25.149994600422207], [121.54416800065268, 25.15004710109594], [121.54411039967765, 25.150072899469997], [121.5440579990706, 25.150065499631694], [121.54398180143085, 25.15007659938915], [121.54394089931185, 25.150041899312793], [121.54391419974819, 25.150079998935503], [121.54385510099276, 25.15007549895796], [121.54380220112557, 25.15010259988322], [121.54375790031646, 25.150126800947717], [121.54367430060258, 25.150144000799497], [121.54363880041619, 25.150150698832196], [121.54357700069446, 25.150191998688467], [121.54352810111033, 25.150177900817464], [121.54347219948035, 25.15017580101509], [121.54339130073276, 25.150167898683975], [121.54333120035608, 25.15018809945652], [121.54328009906577, 25.150207800543477], [121.54321650076716, 25.150211899088216], [121.54313850144955, 25.150211301149838], [121.54310609915679, 25.150211301149838], [121.54304570108461, 25.15022439964966], [121.54298899939803, 25.150241599501438], [121.54294209995543, 25.150271400974667], [121.5428705010907, 25.150266799937118], [121.54281049994584, 25.15024659916457], [121.5427547006487, 25.1502205986705], [121.54270399938669, 25.150235999092708], [121.54265349968935, 25.150235698719907], [121.54259059911452, 25.15024579910618], [121.54251370064999, 25.150239300386275], [121.54246309861982, 25.15023860138789], [121.54241270125529, 25.15024579910618], [121.54236950129928, 25.150214400323392], [121.5423333002881, 25.150159600534497], [121.54231859847262, 25.150137299959578], [121.54227079974159, 25.150101999137622], [121.5422323008934, 25.15003769970805], [121.54220130025021, 25.14999769959576], [121.54211720127618, 25.150035599905678], [121.5420700010371, 25.150056398616602], [121.5420180996902, 25.15004150068721], [121.5419458992325, 25.15005989922296], [121.54187750059423, 25.150076200763564], [121.5418282009818, 25.150060601028567], [121.5417759988384, 25.150012499272368], [121.54172330053586, 25.149994799734998], [121.54165199936662, 25.14995220013475], [121.5415865001583, 25.149925899267878], [121.54152529892853, 25.149935601028567], [121.54149630152786, 25.149897498598634], [121.54143830052453, 25.14986599875584], [121.54138570145382, 25.14986200127111], [121.5412857005794, 25.149848700651276], [121.54123209988742, 25.14984669910169], [121.54114629846735, 25.14981400057492], [121.54106690060115, 25.149759899784407], [121.54105710145816, 25.14970910028746], [121.54098530102878, 25.149672199348725], [121.5409199010523, 25.149651299577794], [121.54086350016219, 25.14964389973949], [121.54079390143899, 25.149598200965684], [121.5407643985762, 25.149562201145347], [121.54076179994271, 25.14951470013475], [121.54076229920284, 25.149490600130257], [121.54076269923115, 25.14948250129357], [121.54076309925945, 25.14945189976195], [121.54075280085634, 25.14939199924991], [121.54070190113067, 25.149365701190263], [121.54067210057241, 25.149313298769314], [121.54065659870031, 25.14925500118128], [121.54065140143332, 25.14913719889957], [121.540644098591, 25.149072899469996], [121.54060649903127, 25.14903529953288], [121.54060522452248, 25.148999998710924]]}}, {"type": "Feature", "properties": {"id": "north-1180908306-0", "osmWay": 1180908306, "name": "東北稜", "kind": "path", "width": 0.512}, "geometry": {"type": "LineString", "coordinates": [[121.54609099873798, 25.149789100512038], [121.54605880111086, 25.149784100848905], [121.54600019851458, 25.149758198607618], [121.54594679938727, 25.149749499025333], [121.54592709876846, 25.149692299061265], [121.54591680036533, 25.149660900278477], [121.54580410091793, 25.149600999766438], [121.54574649994292, 25.149570299982035], [121.5457218997526, 25.149513400390767], [121.54568679959453, 25.149444398863636], [121.5456738002251, 25.14942070029195], [121.5456132998201, 25.149401599950593], [121.54557600105684, 25.149343599928134], [121.5455269991399, 25.149289900570427], [121.54551819851717, 25.14924499904779], [121.54551169883246, 25.14917639895347], [121.54550700082561, 25.149132999294824], [121.54545719885205, 25.14911869930381], [121.5454660987066, 25.149069499923645], [121.54548019892913, 25.1490270013834], [121.54547899574321, 25.148999998710924]]}}, {"type": "Feature", "properties": {"id": "north-1184182188-0", "osmWay": 1184182188, "name": "西北稜", "kind": "path", "width": 0.512}, "geometry": {"type": "LineString", "coordinates": [[121.54076269923115, 25.14948250129357], [121.54077349999541, 25.149490400817463], [121.54081940091774, 25.149499198652535], [121.54095540123869, 25.149541099254403], [121.54109939902474, 25.149614999384656], [121.54116749996756, 25.149604898998383], [121.54131889982777, 25.149536899649657], [121.54141840144207, 25.14952179960025], [121.54147370147909, 25.14950730029644], [121.54158040050189, 25.149452000821956], [121.54162320042961, 25.14941300008085], [121.54169020051931, 25.149386101275603], [121.54176000080716, 25.14935930072314], [121.5417903998574, 25.1493551011184], [121.54188579885582, 25.149338299892204], [121.54195519911536, 25.149310800341357], [121.54203359846129, 25.149265199820338], [121.54209430043093, 25.149236400525513], [121.5421460002132, 25.14918820051653], [121.54217389986177, 25.149135099097197], [121.54219970013699, 25.149090500754582], [121.54222449879094, 25.149067700494072], [121.54229139964883, 25.14901409938915], [121.54233339951993, 25.148999998710924]]}}, {"type": "Feature", "properties": {"id": "north-1184467141-0", "osmWay": 1184467141, "name": "環七星山人車分道陽金公路段", "kind": "footway", "width": 0.576}, "geometry": {"type": "LineString", "coordinates": [[121.54650240149192, 25.155417300745597], [121.54649240078427, 25.155428100130255], [121.54646269945783, 25.155429099501436], [121.5464198002983, 25.15539999983381], [121.54640000044765, 25.155421199977543]]}}, {"type": "Feature", "properties": {"id": "north-1184467142-0", "osmWay": 1184467142, "name": "環七星山人車分道陽金公路段", "kind": "footway", "width": 0.576}, "geometry": {"type": "LineString", "coordinates": [[121.54458210127193, 25.163139700134746], [121.54459390055645, 25.16309889996407], [121.54461819995028, 25.16306750118128], [121.54461189872922, 25.163010000844412]]}}, {"type": "Feature", "properties": {"id": "north-1184513120-0", "osmWay": 1184513120, "name": "環七星山人車分道冷水坑至新園街段", "kind": "footway", "width": 0.576}, "geometry": {"type": "LineString", "coordinates": [[121.5516367989063, 25.14981339982932], [121.55173500120385, 25.14972759988322], [121.55185730133059, 25.149702500507548], [121.5520019007096, 25.149732599546354], [121.55210189848304, 25.14982709907474], [121.55222030065953, 25.14985069939364], [121.55237410068959, 25.14982499927237], [121.55248460153179, 25.14978849976644], [121.552616998497, 25.14969510066924], [121.55271499922989, 25.14968919988771], [121.55280600101794, 25.149736900211103], [121.55294379991578, 25.149896799600253], [121.55349329926302, 25.150649000462632], [121.55372589866731, 25.150874998710925], [121.55408890109726, 25.151112500956703], [121.55468480062697, 25.151560901401364], [121.55524720011184, 25.151915501316026], [121.55561160109035, 25.15206800086687], [121.55600000066622, 25.152215686031262]]}}, {"type": "Feature", "properties": {"id": "north-1184772950-0", "osmWay": 1184772950, "name": "湖山路上登紗帽山", "kind": "path", "width": 0.512}, "geometry": {"type": "LineString", "coordinates": [[121.54438249955138, 25.150012600332374], [121.54439709903403, 25.15000500118128], [121.54440130088174, 25.150004599748474], [121.54452970066488, 25.14992340083992], [121.54464049920257, 25.149926000327884], [121.54462519889512, 25.149883701100432], [121.54465699959493, 25.149795298859146], [121.5447446988237, 25.1497049989355], [121.54479250065575, 25.14968759977093], [121.54481409908325, 25.149676999699064], [121.54486179858246, 25.149663600826447], [121.54488090070932, 25.14961839893101], [121.54493170120314, 25.149610300094324], [121.54495219877757, 25.149554399874237], [121.54496019934368, 25.14950410006288], [121.54496650056474, 25.149435101342977], [121.54495949851889, 25.149395000170678], [121.54490699868002, 25.149322001158822], [121.54489140067709, 25.149212199461015], [121.54489769879716, 25.149111299465506], [121.54494150034613, 25.149024500148222], [121.54495057075539, 25.148999998710924]]}}, {"type": "Feature", "properties": {"id": "north-1189550423-0", "osmWay": 1189550423, "name": "", "kind": "path", "width": 0.512}, "geometry": {"type": "LineString", "coordinates": [[121.54022491234058, 25.148999998710924], [121.5402282986267, 25.149004400435683], [121.54022819939486, 25.14904700003593], [121.54022850019135, 25.14906389951491], [121.5402135999122, 25.149135399469998], [121.54020719945932, 25.14917769869745], [121.54019530094297, 25.149216500125764], [121.54017640038077, 25.14929029919601], [121.54011799934914, 25.149360199034316], [121.54006940056149, 25.149453600938735], [121.54005600116375, 25.14947420033687], [121.5400368990369, 25.149528000754582], [121.54002980086022, 25.149587699146604], [121.54000920095298, 25.14961519869745], [121.5399567011141, 25.149655299869746], [121.53988890096778, 25.14970570074111], [121.53988410062811, 25.149718100242545], [121.5398833005715, 25.149720000732124], [121.53987129972232, 25.149750798769315], [121.53987009963741, 25.149753698630075], [121.53986899878431, 25.14975660129806], [121.53983179925288, 25.149793199056774], [121.53973990127739, 25.149861599838303], [121.53972060068689, 25.14987890075009], [121.53969499887533, 25.149922000035932], [121.53965019880609, 25.1499792], [121.53956609983206, 25.150029199438556], [121.53956200031718, 25.150035201280094], [121.53955960014734, 25.1500569993622], [121.5395576000058, 25.15007040104204], [121.53942939868632, 25.150039701257636]]}}, {"type": "Feature", "properties": {"id": "north-1198624287-0", "osmWay": 1198624287, "name": "上腰線", "kind": "path", "width": 0.512}, "geometry": {"type": "LineString", "coordinates": [[121.54431950284571, 25.148999998710924], [121.54430970060173, 25.149012401019583], [121.54426919851103, 25.149040200943226], [121.54421720103328, 25.149061900772548], [121.54415430045844, 25.149106198742366], [121.54405660052203, 25.14913959907474], [121.54404309879146, 25.1491586994161], [121.54399019892428, 25.149225601140856], [121.54398079980959, 25.149274098715416], [121.54393289874572, 25.149292098625583], [121.54385670110598, 25.149312299398133], [121.54381259876052, 25.149334998598636], [121.54375790031646, 25.149291001001618], [121.54369909925653, 25.149281599613726], [121.54367079957964, 25.149244600422207], [121.54360229860855, 25.149246200538986], [121.54354609928309, 25.14925180094772], [121.54349860134853, 25.149223200965686], [121.54344719926175, 25.149183501226194], [121.54339479865469, 25.14911819961822], [121.54334499978214, 25.149117200247037], [121.54330740022239, 25.149136499901186], [121.54327310012093, 25.14914870008983], [121.54319110052025, 25.149170599231944], [121.54312290034562, 25.149161001338484], [121.54307139902701, 25.149170899604744], [121.54302169938627, 25.14916289902084], [121.54288740151136, 25.14917420089831], [121.5428439999907, 25.149140800565938], [121.54278530126358, 25.14907899956432], [121.5427826995291, 25.149030499182537], [121.54277064596302, 25.148999998710924]]}}, {"type": "Feature", "properties": {"id": "north-1198726958-0", "osmWay": 1198726958, "name": "環七星山人車分道陽金公路段", "kind": "steps", "width": 0.48}, "geometry": {"type": "LineString", "coordinates": [[121.54438379886811, 25.152426101387892], [121.54428719978478, 25.152424200898313], [121.54428609893169, 25.152469200673735], [121.54438270111602, 25.152471101163314]]}}, {"type": "Feature", "properties": {"id": "north-1198726959-0", "osmWay": 1198726959, "name": "環七星山人車分道陽金公路段", "kind": "footway", "width": 0.576}, "geometry": {"type": "LineString", "coordinates": [[121.54443749879191, 25.15247219878728], [121.54450910075764, 25.152535400592885], [121.54457160130416, 25.1525812004267]]}}, {"type": "Feature", "properties": {"id": "north-1198726960-0", "osmWay": 1198726960, "name": "環七星山人車分道陽金公路段", "kind": "steps", "width": 0.48}, "geometry": {"type": "LineString", "coordinates": [[121.54457160130416, 25.1525812004267], [121.54464840053686, 25.152614600759073], [121.54474509885202, 25.152673799465504], [121.5448196002477, 25.1527292], [121.5448951993955, 25.15275330000449], [121.54496760141782, 25.15283139973949], [121.54504690005218, 25.15285770060636], [121.54516529912769, 25.152867099187027]]}}, {"type": "Feature", "properties": {"id": "north-1198726961-0", "osmWay": 1198726961, "name": "", "kind": "footway", "width": 0.576}, "geometry": {"type": "LineString", "coordinates": [[121.54695189996474, 25.15527240034585], [121.54683539869795, 25.155182400795006]]}}, {"type": "Feature", "properties": {"id": "north-1198733593-0", "osmWay": 1198733593, "name": "", "kind": "footway", "width": 0.576}, "geometry": {"type": "LineString", "coordinates": [[121.54734119882905, 25.1541906006917], [121.54727720050212, 25.154003799690084]]}}, {"type": "Feature", "properties": {"id": "north-1198733595-0", "osmWay": 1198733595, "name": "", "kind": "footway", "width": 0.576}, "geometry": {"type": "LineString", "coordinates": [[121.54439539968898, 25.15335530043119], [121.54434739939329, 25.15341719968559], [121.54422099975169, 25.153377398886093], [121.54410330150097, 25.153429700247035], [121.54408089991585, 25.15352560057941], [121.54407249932143, 25.153579299937117]]}}, {"type": "Feature", "properties": {"id": "north-1198778764-0", "osmWay": 1198778764, "name": "", "kind": "footway", "width": 0.576}, "geometry": {"type": "LineString", "coordinates": [[121.54438529974951, 25.152004900121273], [121.54405199864601, 25.152001200202122], [121.54351709878142, 25.15197539902084], [121.54271720032078, 25.151850000395257], [121.54212629959439, 25.15177129991466]]}}, {"type": "Feature", "properties": {"id": "north-1210694057-0", "osmWay": 1210694057, "name": "下腰線", "kind": "path", "width": 0.512}, "geometry": {"type": "LineString", "coordinates": [[121.54783505082789, 25.148999998710924], [121.54780150116711, 25.149048998778298], [121.5477894010861, 25.14905110138789], [121.54776539938777, 25.14905189863906]]}}, {"type": "Feature", "properties": {"id": "north-1212683429-0", "osmWay": 1212683429, "name": "湖山路上登紗帽山", "kind": "path", "width": 0.512}, "geometry": {"type": "LineString", "coordinates": [[121.54291679894034, 25.15164050019314], [121.5429566994381, 25.15159509898491], [121.54300269959225, 25.15156450026051], [121.54308029888156, 25.151545001293567], [121.5431257997756, 25.15152129991466], [121.5431637001318, 25.151463600265004], [121.54317740032603, 25.15141540025602], [121.54315020150223, 25.15137509977093], [121.54309380061213, 25.151368101365435], [121.54310630072143, 25.15129089994161], [121.54304500025982, 25.15127149922745], [121.54300130104367, 25.151235499407115], [121.54305799962927, 25.151175699955086], [121.54310319972681, 25.15114790003144], [121.54312669906403, 25.151106998800756], [121.54313050088342, 25.15109799884567], [121.54313109937539, 25.151096600848906], [121.54314500113426, 25.15106419988771], [121.54318479929918, 25.15102960087136], [121.54324659902092, 25.151025199146606], [121.54330500005256, 25.151029800184155], [121.54344450139642, 25.151048900525513], [121.54350670114647, 25.15102030054348], [121.5435677008116, 25.15100230063331], [121.54364989887593, 25.151009400098815], [121.54368409974556, 25.150975300768057], [121.5437269989051, 25.150924798836687], [121.54378019956877, 25.150918799802373], [121.54382730057601, 25.15093660039975], [121.54388260061303, 25.15092550064229], [121.5439290007955, 25.15094889884118], [121.54393150019716, 25.1509938986166], [121.54399299912241, 25.150984699348726], [121.54404450044103, 25.15098129980237], [121.54410020050635, 25.150986799151095], [121.54418140005042, 25.150971901221702], [121.5442491009649, 25.150948399155588], [121.54432719951436, 25.15095959997305], [121.54437639989496, 25.150948399155588], [121.54442950132679, 25.15094780121721], [121.5445149988494, 25.15088130092526], [121.54457200133245, 25.150854598625585], [121.54458719930707, 25.1508003013295], [121.544627000573, 25.150756898863637], [121.54462599895173, 25.1507139006378], [121.54462730136947, 25.15068469991017], [121.54463220094097, 25.150614499699067], [121.5446356988629, 25.150545399919153], [121.54463479957447, 25.150536200651278], [121.54462340031824, 25.15044569860762], [121.54460459898787, 25.150335501091448], [121.54461629904057, 25.150235300094323], [121.5445362003496, 25.15018630002695], [121.54453120154628, 25.150139899447538], [121.54445399918427, 25.150113500327883], [121.54437880006479, 25.15008330022907], [121.54427719907714, 25.150046598603126], [121.54427159868087, 25.150029300498563], [121.54428249867694, 25.150022299285844]]}}, {"type": "Feature", "properties": {"id": "north-1230075722-0", "osmWay": 1230075722, "name": "", "kind": "footway", "width": 0.576}, "geometry": {"type": "LineString", "coordinates": [[121.54814239970743, 25.152272498598634], [121.54826950017382, 25.152316600062882], [121.54844310005451, 25.15243069961822]]}}, {"type": "Feature", "properties": {"id": "north-1230717496-0", "osmWay": 1230717496, "name": "環七星山人車分道陽金公路段", "kind": "footway", "width": 0.576}, "geometry": {"type": "LineString", "coordinates": [[121.54683539869795, 25.155182400795006], [121.54680789907768, 25.15516139996407], [121.54676839860824, 25.155205498621093]]}}, {"type": "Feature", "properties": {"id": "north-1230717497-0", "osmWay": 1230717497, "name": "環七星山人車分道陽金公路段", "kind": "steps", "width": 0.48}, "geometry": {"type": "LineString", "coordinates": [[121.54676839860824, 25.155205498621093], [121.54672540021687, 25.15517660107348]]}}, {"type": "Feature", "properties": {"id": "north-1253487231-0", "osmWay": 1253487231, "name": "", "kind": "footway", "width": 0.576}, "geometry": {"type": "LineString", "coordinates": [[121.55249880098614, 25.155210899717034], [121.55244499872953, 25.155084498913045]]}}, {"type": "Feature", "properties": {"id": "north-1253487232-0", "osmWay": 1253487232, "name": "百壽梯", "kind": "steps", "width": 0.48}, "geometry": {"type": "LineString", "coordinates": [[121.55244499872953, 25.155084498913045], [121.55240649988136, 25.155003698630075]]}}, {"type": "Feature", "properties": {"id": "north-1263761568-0", "osmWay": 1263761568, "name": "", "kind": "steps", "width": 0.48}, "geometry": {"type": "LineString", "coordinates": [[121.5475533006589, 25.151908699416097], [121.5477230987202, 25.15162059979339]]}}, {"type": "Feature", "properties": {"id": "north-1263761569-0", "osmWay": 1263761569, "name": "", "kind": "footway", "width": 0.576}, "geometry": {"type": "LineString", "coordinates": [[121.5477230987202, 25.15162059979339], [121.54785539955456, 25.151590099321776]]}}, {"type": "Feature", "properties": {"id": "north-1299960675-0", "osmWay": 1299960675, "name": "", "kind": "path", "width": 0.512}, "geometry": {"type": "LineString", "coordinates": [[121.5430709989987, 25.1634083990433], [121.54305799962927, 25.163424899896693], [121.54298219891683, 25.163457898796263], [121.54293960055377, 25.16346370132501], [121.54287189963928, 25.163444600983652], [121.54284270067396, 25.163408800476105], [121.54279340106152, 25.163382300296444]]}}, {"type": "Feature", "properties": {"id": "north-1299960676-0", "osmWay": 1299960676, "name": "", "kind": "steps", "width": 0.48}, "geometry": {"type": "LineString", "coordinates": [[121.5426768005629, 25.162544799173553], [121.54272240068876, 25.162671699663132], [121.54271470091912, 25.16289709997305], [121.54277429893467, 25.163006999923645], [121.54281520105368, 25.163050399582286], [121.542844400019, 25.163104399312793], [121.54289899923124, 25.163139001136365]]}}, {"type": "Feature", "properties": {"id": "north-1299960677-0", "osmWay": 1299960677, "name": "", "kind": "steps", "width": 0.48}, "geometry": {"type": "LineString", "coordinates": [[121.54262150052588, 25.162558501226194], [121.54265929854928, 25.162686799712542], [121.54262409915937, 25.16281160039975], [121.5425614001492, 25.162857400233563], [121.54250040048407, 25.16289530054348]]}}, {"type": "Feature", "properties": {"id": "north-1299960678-0", "osmWay": 1299960678, "name": "", "kind": "footway", "width": 0.576}, "geometry": {"type": "LineString", "coordinates": [[121.5426768005629, 25.162544799173553], [121.54262150052588, 25.162558501226194]]}}, {"type": "Feature", "properties": {"id": "north-1299960679-0", "osmWay": 1299960679, "name": "", "kind": "footway", "width": 0.576}, "geometry": {"type": "LineString", "coordinates": [[121.54289899923124, 25.163139001136365], [121.54289270111117, 25.16323480040873], [121.54293060146739, 25.16330859947898], [121.54306270073711, 25.16339569916906], [121.5430709989987, 25.1634083990433], [121.54309250129538, 25.163436999025333], [121.5431720014944, 25.163397798971435], [121.54322389974031, 25.16340969878728], [121.54323870078763, 25.163441900435682], [121.54330000124924, 25.163433099793387], [121.5433478992121, 25.163445499294827]]}}, {"type": "Feature", "properties": {"id": "north-1299960680-0", "osmWay": 1299960680, "name": "", "kind": "steps", "width": 0.48}, "geometry": {"type": "LineString", "coordinates": [[121.54279340106152, 25.163382300296444], [121.54270700114948, 25.163402298948977]]}}, {"type": "Feature", "properties": {"id": "north-1299960681-0", "osmWay": 1299960681, "name": "", "kind": "footway", "width": 0.576}, "geometry": {"type": "LineString", "coordinates": [[121.54329730028292, 25.163922499721522], [121.54316690035824, 25.164021499227452], [121.54316389859547, 25.164041200314408], [121.54320009960662, 25.16408459997305], [121.54323500130106, 25.164097900592886], [121.54337080005735, 25.164019598737873], [121.54339359856978, 25.164069699236435]]}}, {"type": "Feature", "properties": {"id": "north-1299960682-0", "osmWay": 1299960682, "name": "", "kind": "steps", "width": 0.48}, "geometry": {"type": "LineString", "coordinates": [[121.54279340106152, 25.163382300296444], [121.54277999856278, 25.163427900817464], [121.54280619886632, 25.163483699977544], [121.54283670024937, 25.163563899514912], [121.54287420057729, 25.163592698809737], [121.54292150004818, 25.16360900035034], [121.54305860122223, 25.163630899492453], [121.54317629947293, 25.163737099523896], [121.54330040127753, 25.16389580022907], [121.54329730028292, 25.163922499721522]]}}, {"type": "Feature", "properties": {"id": "north-1299960683-0", "osmWay": 1299960683, "name": "", "kind": "steps", "width": 0.48}, "geometry": {"type": "LineString", "coordinates": [[121.5433478992121, 25.163445499294827], [121.54341510086645, 25.16351889973949], [121.543445899945, 25.16348250129357], [121.54348679896302, 25.16347710019763], [121.54351770037438, 25.16347249916008], [121.5435730004114, 25.16339119919152], [121.54359739903704, 25.163374499025334], [121.54363529939326, 25.163407899357708], [121.54366519918337, 25.16344969889957], [121.54368829849227, 25.163462499833813], [121.54368659914722, 25.16341209896245], [121.54379119879667, 25.163428201190264], [121.54381070095182, 25.16338929870194], [121.54390720080333, 25.16337540014373], [121.54399139900919, 25.163343201302553]]}}, {"type": "Feature", "properties": {"id": "north-1299960684-0", "osmWay": 1299960684, "name": "", "kind": "footway", "width": 0.576}, "geometry": {"type": "LineString", "coordinates": [[121.54399139900919, 25.163343201302553], [121.54408330008569, 25.163386000215596], [121.54418279859898, 25.16335179982483], [121.54427770143826, 25.163305000619836], [121.5443096013699, 25.16327430083543], [121.54438000014972, 25.16327339971703], [121.54439509889251, 25.163256098805245], [121.54439770062699, 25.163235199034315], [121.54449900081816, 25.1631514006378], [121.54458210127193, 25.163139700134746]]}}, {"type": "Feature", "properties": {"id": "north-1299960686-0", "osmWay": 1299960686, "name": "", "kind": "steps", "width": 0.48}, "geometry": {"type": "LineString", "coordinates": [[121.54397759958314, 25.163664900570428], [121.54408389857764, 25.163781099928137], [121.54414060026423, 25.16365999916008], [121.5442438013651, 25.163695799667625], [121.5442733011269, 25.163698000530005]]}}, {"type": "Feature", "properties": {"id": "north-1299960687-0", "osmWay": 1299960687, "name": "", "kind": "footway", "width": 0.576}, "geometry": {"type": "LineString", "coordinates": [[121.5439872994943, 25.162356998800753], [121.54399469846747, 25.16241490057043]]}}, {"type": "Feature", "properties": {"id": "north-1299960688-0", "osmWay": 1299960688, "name": "", "kind": "footway", "width": 0.576}, "geometry": {"type": "LineString", "coordinates": [[121.54395030152753, 25.161894301172296], [121.54396690115172, 25.161955201055516], [121.54395480107071, 25.162005899492456], [121.5439501991947, 25.1621042], [121.54398079980959, 25.162225300768057], [121.54397090143478, 25.16228200104653], [121.5439872994943, 25.162356998800753]]}}, {"type": "Feature", "properties": {"id": "north-1300202712-0", "osmWay": 1300202712, "name": "", "kind": "footway", "width": 0.576}, "geometry": {"type": "LineString", "coordinates": [[121.53604029996168, 25.161248101028566], [121.53602189865961, 25.16126030121721]]}}, {"type": "Feature", "properties": {"id": "north-1300202713-0", "osmWay": 1300202713, "name": "", "kind": "footway", "width": 0.576}, "geometry": {"type": "LineString", "coordinates": [[121.53619549854031, 25.16132099898042], [121.53616069917871, 25.161299099838303]]}}, {"type": "Feature", "properties": {"id": "north-1300202714-0", "osmWay": 1300202714, "name": "", "kind": "steps", "width": 0.48}, "geometry": {"type": "LineString", "coordinates": [[121.53616069917871, 25.161299099838303], [121.53610699925491, 25.161289701257637], [121.53604029996168, 25.161248101028566]]}}, {"type": "Feature", "properties": {"id": "north-1300202715-0", "osmWay": 1300202715, "name": "", "kind": "steps", "width": 0.48}, "geometry": {"type": "LineString", "coordinates": [[121.5362873996168, 25.16139259999551], [121.53630250146058, 25.16141750005839], [121.53630919960897, 25.161448699528385], [121.53637829907203, 25.16148640052551], [121.53641850036625, 25.161506699550845], [121.53643020041895, 25.161520600916276]]}}, {"type": "Feature", "properties": {"id": "north-1300202716-0", "osmWay": 1300202716, "name": "", "kind": "footway", "width": 0.576}, "geometry": {"type": "LineString", "coordinates": [[121.53619549854031, 25.16132099898042], [121.53622300126158, 25.161336099029825], [121.5362873996168, 25.16139259999551]]}}, {"type": "Feature", "properties": {"id": "north-1300202743-0", "osmWay": 1300202743, "name": "", "kind": "footway", "width": 0.576}, "geometry": {"type": "LineString", "coordinates": [[121.54010940029106, 25.159394899110673], [121.54006349936873, 25.159454701369924], [121.5400475013375, 25.159485900839922], [121.53998220059285, 25.1595190007995]]}}, {"type": "Feature", "properties": {"id": "north-1300202744-0", "osmWay": 1300202744, "name": "", "kind": "footway", "width": 0.576}, "geometry": {"type": "LineString", "coordinates": [[121.53951119982334, 25.15973270060636], [121.5395927993957, 25.159697599097196]]}}, {"type": "Feature", "properties": {"id": "north-1300202745-0", "osmWay": 1300202745, "name": "", "kind": "steps", "width": 0.48}, "geometry": {"type": "LineString", "coordinates": [[121.53925459872072, 25.159595500417716], [121.53924889909261, 25.159616400188646], [121.53925560034197, 25.159632499609234], [121.53927500016431, 25.15964519948347], [121.53929950112278, 25.159650698832195], [121.53932170114325, 25.159645800229068]]}}, {"type": "Feature", "properties": {"id": "north-1300202746-0", "osmWay": 1300202746, "name": "", "kind": "footway", "width": 0.576}, "geometry": {"type": "LineString", "coordinates": [[121.53931930097342, 25.15918340016619], [121.53934579897242, 25.159243999676608], [121.5393558989119, 25.159279199438554], [121.53937529873423, 25.159299299151098], [121.53938499864539, 25.15933780020661], [121.53937900132179, 25.15938849864355], [121.53939469855655, 25.159433400166186], [121.539378300497, 25.159466500125763], [121.53933409891972, 25.15950500118128], [121.53927370084756, 25.15953629890406], [121.53925590113846, 25.15953960019763], [121.53923580049134, 25.159579998935502]]}}, {"type": "Feature", "properties": {"id": "north-1300202747-0", "osmWay": 1300202747, "name": "", "kind": "footway", "width": 0.576}, "geometry": {"type": "LineString", "coordinates": [[121.53919530150164, 25.159424299151095], [121.53928910038684, 25.159211598715416], [121.53931930097342, 25.15918340016619], [121.53934310110711, 25.159170001293568]]}}, {"type": "Feature", "properties": {"id": "north-1300202748-0", "osmWay": 1300202748, "name": "", "kind": "footway", "width": 0.576}, "geometry": {"type": "LineString", "coordinates": [[121.53942659848818, 25.15912860037729], [121.53934310110711, 25.159170001293568], [121.53942079962825, 25.15930589893101], [121.53946780140367, 25.15938799895796], [121.53947200015038, 25.159446599726014]]}}, {"type": "Feature", "properties": {"id": "north-1300202749-0", "osmWay": 1300202749, "name": "", "kind": "footway", "width": 0.576}, "geometry": {"type": "LineString", "coordinates": [[121.5391281990791, 25.159383900413225], [121.53919530150164, 25.159424299151095], [121.53921440052748, 25.159452200134748], [121.53924319946451, 25.159493800363816], [121.53919189971054, 25.159548100467124], [121.53921840081054, 25.159574199213978], [121.53923580049134, 25.159579998935502], [121.53925459872072, 25.159595500417716], [121.53928780107009, 25.159609098603127], [121.5393464997972, 25.159566299690084], [121.53938070066684, 25.15955809979339]]}}, {"type": "Feature", "properties": {"id": "north-1300202750-0", "osmWay": 1300202750, "name": "", "kind": "footway", "width": 0.576}, "geometry": {"type": "LineString", "coordinates": [[121.53928679944883, 25.159014801194754], [121.53924329869633, 25.158943699865254], [121.5392109987364, 25.158921800723142], [121.53916279997705, 25.15888909938915], [121.5390441993369, 25.158852100197628], [121.5390181013662, 25.158829400997124]]}}, {"type": "Feature", "properties": {"id": "north-1300202751-0", "osmWay": 1300202751, "name": "", "kind": "footway", "width": 0.576}, "geometry": {"type": "LineString", "coordinates": [[121.53909509906255, 25.159240701190264], [121.5390658008654, 25.15925169988771], [121.53903670113192, 25.15926190133399]]}}, {"type": "Feature", "properties": {"id": "north-1300202752-0", "osmWay": 1300202752, "name": "", "kind": "footway", "width": 0.576}, "geometry": {"type": "LineString", "coordinates": [[121.5389451008519, 25.158779699124146], [121.53898550060978, 25.15880749904779], [121.5390181013662, 25.158829400997124]]}}, {"type": "Feature", "properties": {"id": "north-1300202753-0", "osmWay": 1300202753, "name": "", "kind": "footway", "width": 0.576}, "geometry": {"type": "LineString", "coordinates": [[121.53909810082534, 25.157957098737874], [121.53904739956334, 25.15812059979339], [121.53896360138579, 25.15843679971254], [121.5389451008519, 25.158779699124146]]}}, {"type": "Feature", "properties": {"id": "north-1300202757-0", "osmWay": 1300202757, "name": "", "kind": "footway", "width": 0.576}, "geometry": {"type": "LineString", "coordinates": [[121.54026830145726, 25.157424099838305], [121.54032040126783, 25.157405900615345], [121.54035689997448, 25.157383799353216], [121.5403750997119, 25.15742580101509], [121.54038369876997, 25.157424798836686]]}}, {"type": "Feature", "properties": {"id": "north-1300202758-0", "osmWay": 1300202758, "name": "", "kind": "steps", "width": 0.48}, "geometry": {"type": "LineString", "coordinates": [[121.54058499983557, 25.157464501383398], [121.54063599879306, 25.157442099748472], [121.5406899002815, 25.15748030043119], [121.54073300100569, 25.157502699258895]]}}, {"type": "Feature", "properties": {"id": "north-1300202759-0", "osmWay": 1300202759, "name": "", "kind": "footway", "width": 0.576}, "geometry": {"type": "LineString", "coordinates": [[121.54043180139848, 25.157593498868128], [121.54038820141416, 25.15760530043119], [121.54032299990132, 25.157613000642293]]}}, {"type": "Feature", "properties": {"id": "north-1300202762-0", "osmWay": 1300202762, "name": "", "kind": "footway", "width": 0.576}, "geometry": {"type": "LineString", "coordinates": [[121.54061150093558, 25.158198000530003], [121.54063290089944, 25.158183099793387]]}}, {"type": "Feature", "properties": {"id": "north-1300202763-0", "osmWay": 1300202763, "name": "", "kind": "footway", "width": 0.576}, "geometry": {"type": "LineString", "coordinates": [[121.54088970046573, 25.159265000507546], [121.54095780140852, 25.15936090083992], [121.54103990024102, 25.159513201077974]]}}, {"type": "Feature", "properties": {"id": "north-1300202764-0", "osmWay": 1300202764, "name": "", "kind": "footway", "width": 0.576}, "geometry": {"type": "LineString", "coordinates": [[121.54086359939402, 25.1592298007456], [121.54088970046573, 25.159265000507546]]}}, {"type": "Feature", "properties": {"id": "north-1300202765-0", "osmWay": 1300202765, "name": "", "kind": "footway", "width": 0.576}, "geometry": {"type": "LineString", "coordinates": [[121.54057659924116, 25.157865400817464], [121.54055079896594, 25.15776519982034]]}}, {"type": "Feature", "properties": {"id": "north-1300202766-0", "osmWay": 1300202766, "name": "", "kind": "footway", "width": 0.576}, "geometry": {"type": "LineString", "coordinates": [[121.54053949894156, 25.157974200336866], [121.54057320055107, 25.157972799532878], [121.54058699997711, 25.157937599770932], [121.54057760086242, 25.1578778003189], [121.54057659924116, 25.157865400817464]]}}, {"type": "Feature", "properties": {"id": "north-1300202767-0", "osmWay": 1300202767, "name": "", "kind": "steps", "width": 0.48}, "geometry": {"type": "LineString", "coordinates": [[121.54057760086242, 25.1578778003189], [121.54056220132316, 25.157878698630075], [121.54053579945497, 25.157868101365434]]}}, {"type": "Feature", "properties": {"id": "north-1300202768-0", "osmWay": 1300202768, "name": "", "kind": "footway", "width": 0.576}, "geometry": {"type": "LineString", "coordinates": [[121.54047350047311, 25.158345500417713], [121.54050989994793, 25.15837399933974], [121.54055109976242, 25.15837970080848]]}}, {"type": "Feature", "properties": {"id": "north-1300202769-0", "osmWay": 1300202769, "name": "", "kind": "footway", "width": 0.576}, "geometry": {"type": "LineString", "coordinates": [[121.54044819945803, 25.15833589971703], [121.54047350047311, 25.158345500417713]]}}, {"type": "Feature", "properties": {"id": "north-1300202770-0", "osmWay": 1300202770, "name": "", "kind": "footway", "width": 0.576}, "geometry": {"type": "LineString", "coordinates": [[121.54010099969665, 25.15835690054797], [121.54010949952288, 25.158416899312794], [121.54015239868244, 25.158446900098813], [121.54017280012602, 25.15848670089831], [121.54013569982642, 25.158505200494073], [121.54004739900468, 25.15859829921847]]}}, {"type": "Feature", "properties": {"id": "north-1300202771-0", "osmWay": 1300202771, "name": "", "kind": "footway", "width": 0.576}, "geometry": {"type": "LineString", "coordinates": [[121.54024399896244, 25.15820609936669], [121.540240798736, 25.158214599636185], [121.54024679916058, 25.158229898998382], [121.54030960050358, 25.158244799734998], [121.54035560065775, 25.15828789902084], [121.54038209865675, 25.158319398863636]]}}, {"type": "Feature", "properties": {"id": "north-1300202772-0", "osmWay": 1300202772, "name": "", "kind": "footway", "width": 0.576}, "geometry": {"type": "LineString", "coordinates": [[121.54026089938311, 25.15818500028297], [121.54024399896244, 25.15820609936669]]}}, {"type": "Feature", "properties": {"id": "north-1300202773-0", "osmWay": 1300202773, "name": "", "kind": "footway", "width": 0.576}, "geometry": {"type": "LineString", "coordinates": [[121.54020999965745, 25.15858570040424], [121.54024189958909, 25.15864599954186]]}}, {"type": "Feature", "properties": {"id": "north-1300202774-0", "osmWay": 1300202774, "name": "", "kind": "footway", "width": 0.576}, "geometry": {"type": "LineString", "coordinates": [[121.54008790109538, 25.15864649922745], [121.54012140114024, 25.15861679881423]]}}, {"type": "Feature", "properties": {"id": "north-1300202775-0", "osmWay": 1300202775, "name": "", "kind": "footway", "width": 0.576}, "geometry": {"type": "LineString", "coordinates": [[121.54085789976591, 25.159118101365433], [121.54077109982558, 25.159019800857887]]}}, {"type": "Feature", "properties": {"id": "north-1300202776-0", "osmWay": 1300202776, "name": "", "kind": "footway", "width": 0.576}, "geometry": {"type": "LineString", "coordinates": [[121.54051489875125, 25.158930300992633], [121.54062920141286, 25.158902298948977], [121.54077780107494, 25.158873199281352]]}}, {"type": "Feature", "properties": {"id": "north-1300202779-0", "osmWay": 1300202779, "name": "", "kind": "footway", "width": 0.576}, "geometry": {"type": "LineString", "coordinates": [[121.54006759888361, 25.158625299083724], [121.54004739900468, 25.15859829921847]]}}, {"type": "Feature", "properties": {"id": "north-1300202780-0", "osmWay": 1300202780, "name": "", "kind": "footway", "width": 0.576}, "geometry": {"type": "LineString", "coordinates": [[121.54018160074875, 25.159577500507545], [121.54022819939486, 25.159573898841177], [121.54030680030544, 25.15955799873338], [121.54039190090073, 25.15951859936669], [121.54044709860493, 25.15951829899389], [121.54052729962872, 25.15947309990568], [121.54048989853264, 25.15938719889957], [121.54050989994793, 25.159258900413224], [121.5404938988157, 25.159142998621093], [121.54048870154872, 25.159118499991017], [121.54045069885969, 25.159119401109415], [121.54041639875821, 25.15914709997305], [121.5403672014786, 25.15914409905228], [121.54035179883834, 25.159115299757456], [121.54030830118684, 25.159077000821956], [121.54027690051534, 25.159022498598635], [121.54022430144464, 25.158969200673734], [121.54019639869506, 25.15886030009432], [121.54017470103572, 25.158765500193137], [121.54012700153652, 25.158740900503055], [121.54009539930037, 25.15870300019314], [121.54009610012515, 25.158682998733383], [121.54008790109538, 25.15864649922745], [121.54006759888361, 25.158625299083724]]}}, {"type": "Feature", "properties": {"id": "north-1300202781-0", "osmWay": 1300202781, "name": "", "kind": "footway", "width": 0.576}, "geometry": {"type": "LineString", "coordinates": [[121.53917270145287, 25.157974700022457], [121.53930730012425, 25.158089099950594], [121.53931210046392, 25.158220500417716], [121.53933599982943, 25.158343700988144], [121.53934920076352, 25.15843710008534], [121.53935149860052, 25.1585264006378], [121.5393267991784, 25.158673198719907], [121.53934219871768, 25.15875100088933], [121.53934059860445, 25.158782899357707]]}}, {"type": "Feature", "properties": {"id": "north-1300202782-0", "osmWay": 1300202782, "name": "", "kind": "footway", "width": 0.576}, "geometry": {"type": "LineString", "coordinates": [[121.53936019999144, 25.158844798612108], [121.53938199998359, 25.158850399020842]]}}, {"type": "Feature", "properties": {"id": "north-1300202784-0", "osmWay": 1300202784, "name": "", "kind": "footway", "width": 0.576}, "geometry": {"type": "LineString", "coordinates": [[121.53922259955726, 25.158304899559827], [121.53924420108576, 25.158301699326266]]}}, {"type": "Feature", "properties": {"id": "north-1300202785-0", "osmWay": 1300202785, "name": "", "kind": "footway", "width": 0.576}, "geometry": {"type": "LineString", "coordinates": [[121.53919509993699, 25.158308501226195], [121.53922259955726, 25.158304899559827]]}}, {"type": "Feature", "properties": {"id": "north-1300202788-0", "osmWay": 1300202788, "name": "", "kind": "footway", "width": 0.576}, "geometry": {"type": "LineString", "coordinates": [[121.5389166988422, 25.157999701145346], [121.53895409993828, 25.15799929971254]]}}, {"type": "Feature", "properties": {"id": "north-1300202790-0", "osmWay": 1300202790, "name": "", "kind": "steps", "width": 0.48}, "geometry": {"type": "LineString", "coordinates": [[121.53632949871972, 25.160814898886095], [121.53632459914823, 25.160833401289075], [121.53639700117057, 25.16083810057941]]}}, {"type": "Feature", "properties": {"id": "north-1300202793-0", "osmWay": 1300202793, "name": "", "kind": "steps", "width": 0.48}, "geometry": {"type": "LineString", "coordinates": [[121.53597789864699, 25.16158440066026], [121.53599399901104, 25.16157949924991], [121.53603359871231, 25.161585298971435], [121.5360135011662, 25.161612298836687], [121.53601619903151, 25.161629599748473]]}}, {"type": "Feature", "properties": {"id": "north-1300202794-0", "osmWay": 1300202794, "name": "", "kind": "steps", "width": 0.48}, "geometry": {"type": "LineString", "coordinates": [[121.53597120049861, 25.161537000709664], [121.5359487989135, 25.1615659010645], [121.53597789864699, 25.16158440066026], [121.53590279875934, 25.161631699550846]]}}, {"type": "Feature", "properties": {"id": "north-1300202795-0", "osmWay": 1300202795, "name": "", "kind": "footway", "width": 0.576}, "geometry": {"type": "LineString", "coordinates": [[121.5358618005095, 25.16139019982034], [121.5357690993764, 25.161374998710922], [121.53576139960676, 25.161388599703557], [121.53577210113919, 25.161424099838303], [121.53572380004702, 25.161433200853395], [121.53572850115486, 25.1614645013834], [121.53579989845494, 25.161506699550845], [121.53592529957628, 25.161516100938737], [121.53594479863044, 25.16151459907474], [121.53597120049861, 25.161537000709664], [121.53599300049078, 25.161522498598636], [121.53602120093583, 25.16154730040873], [121.5360362004468, 25.16154020094323]]}}, {"type": "Feature", "properties": {"id": "north-1300202796-0", "osmWay": 1300202796, "name": "", "kind": "footway", "width": 0.576}, "geometry": {"type": "LineString", "coordinates": [[121.53590279875934, 25.161631699550846], [121.53592699892134, 25.161662098962452], [121.53597289984367, 25.161650799892204], [121.5360047997753, 25.161646600287458], [121.53601619903151, 25.161629599748473], [121.53605339856294, 25.1616278003189], [121.53610190121977, 25.16164649922745]]}}, {"type": "Feature", "properties": {"id": "north-1300202806-0", "osmWay": 1300202806, "name": "", "kind": "steps", "width": 0.48}, "geometry": {"type": "LineString", "coordinates": [[121.53676810029746, 25.161578398818722], [121.53676400078257, 25.16158559934423], [121.53675710106955, 25.1615809000539], [121.53671099858256, 25.161637900705173], [121.5367172005718, 25.161670599231943], [121.53673180005447, 25.16170179870194], [121.53676619938776, 25.16174960008534]]}}, {"type": "Feature", "properties": {"id": "north-1300202807-0", "osmWay": 1300202807, "name": "", "kind": "steps", "width": 0.48}, "geometry": {"type": "LineString", "coordinates": [[121.53662569952363, 25.161388599703557], [121.53675800035799, 25.161551500013474]]}}, {"type": "Feature", "properties": {"id": "north-1300202808-0", "osmWay": 1300202808, "name": "", "kind": "footway", "width": 0.576}, "geometry": {"type": "LineString", "coordinates": [[121.53675800035799, 25.161551500013474], [121.53676810029746, 25.161578398818722], [121.53685290009628, 25.161681901109414], [121.536859399781, 25.161707098737875], [121.53685229850332, 25.161728099568812]]}}, {"type": "Feature", "properties": {"id": "north-1300202809-0", "osmWay": 1300202809, "name": "", "kind": "footway", "width": 0.576}, "geometry": {"type": "LineString", "coordinates": [[121.53662569952363, 25.161388599703557], [121.53661910060707, 25.161404699124148], [121.53662619878375, 25.161507600669243], [121.53665580087838, 25.16155539924542], [121.53666020118973, 25.16160530043119], [121.53668099956063, 25.161669799173556], [121.53669140029659, 25.161684699910168], [121.53675680027307, 25.161762499272367], [121.53676970041069, 25.16178910051204], [121.53680510136523, 25.161767100309916], [121.53677690092019, 25.161745400480598], [121.53676619938776, 25.16174960008534]]}}, {"type": "Feature", "properties": {"id": "north-1300202810-0", "osmWay": 1300202810, "name": "", "kind": "footway", "width": 0.576}, "geometry": {"type": "LineString", "coordinates": [[121.53646290040719, 25.161572700157205], [121.53644559995821, 25.161585200718648]]}}, {"type": "Feature", "properties": {"id": "north-1300202811-0", "osmWay": 1300202811, "name": "", "kind": "footway", "width": 0.576}, "geometry": {"type": "LineString", "coordinates": [[121.53635729913647, 25.161732299173554], [121.53639369861129, 25.161737599209488]]}}, {"type": "Feature", "properties": {"id": "north-1300202812-0", "osmWay": 1300202812, "name": "", "kind": "footway", "width": 0.576}, "geometry": {"type": "LineString", "coordinates": [[121.53617100068283, 25.161690199258892], [121.53619520084483, 25.161701899761947], [121.5362143991025, 25.161711399402623], [121.53635729913647, 25.161732299173554]]}}, {"type": "Feature", "properties": {"id": "north-1300202813-0", "osmWay": 1300202813, "name": "", "kind": "footway", "width": 0.576}, "geometry": {"type": "LineString", "coordinates": [[121.53639369861129, 25.161737599209488], [121.53642349916957, 25.161743800363816], [121.53644030035841, 25.161759501158823], [121.53646480131688, 25.16179009988322], [121.53649259863263, 25.16179890052551], [121.53652710029876, 25.16179440054797]]}}, {"type": "Feature", "properties": {"id": "north-1300202814-0", "osmWay": 1300202814, "name": "", "kind": "steps", "width": 0.48}, "geometry": {"type": "LineString", "coordinates": [[121.53644030035841, 25.161759501158823], [121.53641169988505, 25.16177069916906], [121.53636560049907, 25.16184809990568], [121.53637739978359, 25.161894301172296], [121.53638770128771, 25.161905198809738], [121.53647450122806, 25.16191319939364], [121.53657390050952, 25.161922999407114], [121.53662470100335, 25.16194080000449], [121.53666209899845, 25.161946100040424], [121.53668669918875, 25.161957399110673]]}}, {"type": "Feature", "properties": {"id": "north-1300202815-0", "osmWay": 1300202815, "name": "", "kind": "steps", "width": 0.48}, "geometry": {"type": "LineString", "coordinates": [[121.53609129891916, 25.161137998957958], [121.53610270127638, 25.161148599029826], [121.53610400059311, 25.161199901019582], [121.53614419878635, 25.161271499227453], [121.53617940127725, 25.16129550097916], [121.53619549854031, 25.16132099898042]]}}, {"type": "Feature", "properties": {"id": "north-1300202816-0", "osmWay": 1300202816, "name": "", "kind": "footway", "width": 0.576}, "geometry": {"type": "LineString", "coordinates": [[121.53618350079213, 25.16097379890406], [121.53616439866529, 25.161050000956703], [121.53615160086049, 25.16106210008534], [121.53611139956628, 25.161076099703557], [121.5360661002369, 25.161086399402624], [121.53605809967078, 25.161101900884837], [121.53606549864395, 25.161121001226196], [121.53609129891916, 25.161137998957958], [121.53609859866049, 25.161125200830938], [121.5361520008888, 25.16114069950593], [121.5361815006506, 25.16112429971254], [121.53624080097067, 25.161126099142113], [121.53627939905068, 25.161117301307044], [121.53627870132689, 25.161137701392384], [121.53627219854118, 25.161163101140854], [121.5362545011649, 25.16118710008534], [121.53623510134257, 25.161178900188645]]}}, {"type": "Feature", "properties": {"id": "north-1300202817-0", "osmWay": 1300202817, "name": "", "kind": "footway", "width": 0.576}, "geometry": {"type": "LineString", "coordinates": [[121.53583710108737, 25.161299700583903], [121.53585410073985, 25.16133810057941]]}}, {"type": "Feature", "properties": {"id": "north-1300202818-0", "osmWay": 1300202818, "name": "", "kind": "steps", "width": 0.48}, "geometry": {"type": "LineString", "coordinates": [[121.5357585001768, 25.16125630092526], [121.53581010072723, 25.161279699124147], [121.53583710108737, 25.161299700583903]]}}, {"type": "Feature", "properties": {"id": "north-1300202819-0", "osmWay": 1300202819, "name": "", "kind": "steps", "width": 0.48}, "geometry": {"type": "LineString", "coordinates": [[121.53630449850112, 25.161673900525514], [121.53627969984716, 25.161689098827704], [121.53624949926058, 25.161698500215596], [121.53621460066715, 25.161695401042042], [121.53619520084483, 25.161701899761947]]}}, {"type": "Feature", "properties": {"id": "north-1300202820-0", "osmWay": 1300202820, "name": "", "kind": "footway", "width": 0.576}, "geometry": {"type": "LineString", "coordinates": [[121.53558619961285, 25.16101950048509], [121.53561750105251, 25.161073300902803], [121.53564399905153, 25.16113210098365], [121.53569999991333, 25.161199600646786], [121.53574929952576, 25.16123300097916], [121.53574560003918, 25.161253499317283], [121.5357585001768, 25.16125630092526]]}}, {"type": "Feature", "properties": {"id": "north-1300202823-0", "osmWay": 1300202823, "name": "", "kind": "footway", "width": 0.576}, "geometry": {"type": "LineString", "coordinates": [[121.5355251007159, 25.160559000911785], [121.5355384008818, 25.16061090083992], [121.53556249871099, 25.160750501203736], [121.53558800129072, 25.16079920089831], [121.53561550091099, 25.16084020038178]]}}, {"type": "Feature", "properties": {"id": "north-1300202824-0", "osmWay": 1300202824, "name": "", "kind": "steps", "width": 0.48}, "geometry": {"type": "LineString", "coordinates": [[121.53561550091099, 25.16084020038178], [121.53564740084262, 25.160870599793387], [121.5356511003292, 25.160899098715415], [121.535639701073, 25.16091460019763], [121.53564759930627, 25.160933501226197], [121.53567019935505, 25.160951599389147], [121.53565670072548, 25.16096230052102], [121.53564670001784, 25.160972400907294], [121.53564399905153, 25.160990299757458], [121.5356757005195, 25.161040798881604], [121.53566480052342, 25.161049501271112], [121.53564990024428, 25.161033300790514], [121.53564349979139, 25.161015199820337], [121.53558619961285, 25.16101950048509]]}}, {"type": "Feature", "properties": {"id": "north-1300202826-0", "osmWay": 1300202826, "name": "", "kind": "steps", "width": 0.48}, "geometry": {"type": "LineString", "coordinates": [[121.53601480048295, 25.160939800633308], [121.53603290098852, 25.160904901244162], [121.536045298765, 25.160893700426698], [121.5360747985268, 25.160900698832197], [121.53609529920222, 25.160966199752966], [121.53610329976833, 25.160973501338486], [121.5361758010225, 25.16094889884118], [121.53619350149977, 25.16095349987873], [121.53618350079213, 25.16097379890406], [121.53625119860563, 25.161041500687208], [121.53628869893355, 25.16110580011678], [121.53632230131122, 25.161079701369925], [121.53633600150545, 25.161004799061264], [121.53636750140876, 25.1610111012756], [121.5364057986923, 25.1609083990433]]}}, {"type": "Feature", "properties": {"id": "north-1300202827-0", "osmWay": 1300202827, "name": "", "kind": "footway", "width": 0.576}, "geometry": {"type": "LineString", "coordinates": [[121.5359661985943, 25.161055300992633], [121.53596449924925, 25.161029600871363], [121.53601480048295, 25.160939800633308]]}}, {"type": "Feature", "properties": {"id": "north-1300202829-0", "osmWay": 1300202829, "name": "", "kind": "footway", "width": 0.576}, "geometry": {"type": "LineString", "coordinates": [[121.53569700125153, 25.160965500754582], [121.5357370009811, 25.160984898661518]]}}, {"type": "Feature", "properties": {"id": "north-1300202830-0", "osmWay": 1300202830, "name": "", "kind": "footway", "width": 0.576}, "geometry": {"type": "LineString", "coordinates": [[121.53567019935505, 25.160951599389147], [121.53569700125153, 25.160965500754582]]}}, {"type": "Feature", "properties": {"id": "north-1300202831-0", "osmWay": 1300202831, "name": "", "kind": "footway", "width": 0.576}, "geometry": {"type": "LineString", "coordinates": [[121.5357370009811, 25.160984898661518], [121.5357468001241, 25.160988500327885], [121.53574950109041, 25.160977100197627], [121.53574960032223, 25.160949199213977]]}}, {"type": "Feature", "properties": {"id": "north-1300202834-0", "osmWay": 1300202834, "name": "", "kind": "footway", "width": 0.576}, "geometry": {"type": "LineString", "coordinates": [[121.53580579964769, 25.160764001136364], [121.53577380048424, 25.160741299128638], [121.53579449962331, 25.16069490135645], [121.53579449962331, 25.16061439863906]]}}, {"type": "Feature", "properties": {"id": "north-1300202835-0", "osmWay": 1300202835, "name": "", "kind": "footway", "width": 0.576}, "geometry": {"type": "LineString", "coordinates": [[121.53562409996907, 25.160768501113907], [121.53560010137171, 25.160750501203736], [121.53557160013018, 25.16065270038178]]}}, {"type": "Feature", "properties": {"id": "north-1300202836-0", "osmWay": 1300202836, "name": "", "kind": "path", "width": 0.512}, "geometry": {"type": "LineString", "coordinates": [[121.53562409996907, 25.160768501113907], [121.53564220047465, 25.1607684000539], [121.53565159958934, 25.160804801307044], [121.53565840007053, 25.160831801172296]]}}, {"type": "Feature", "properties": {"id": "north-1300202837-0", "osmWay": 1300202837, "name": "", "kind": "steps", "width": 0.48}, "geometry": {"type": "LineString", "coordinates": [[121.53643220056047, 25.162695900727634], [121.53647719909337, 25.162732400233562]]}}, {"type": "Feature", "properties": {"id": "north-1300202838-0", "osmWay": 1300202838, "name": "", "kind": "path", "width": 0.512}, "geometry": {"type": "LineString", "coordinates": [[121.53604140081477, 25.16328979951042], [121.53598730086267, 25.163355999429573], [121.5359487989135, 25.163382300296444]]}}, {"type": "Feature", "properties": {"id": "north-1301787691-0", "osmWay": 1301787691, "name": "", "kind": "footway", "width": 0.576}, "geometry": {"type": "LineString", "coordinates": [[121.54504419908588, 25.15202080022907], [121.54505059953877, 25.15196799918254]]}}, {"type": "Feature", "properties": {"id": "north-1301787692-0", "osmWay": 1301787692, "name": "", "kind": "footway", "width": 0.576}, "geometry": {"type": "LineString", "coordinates": [[121.54412789859028, 25.151903598692957], [121.54412619924523, 25.15182949924991]]}}, {"type": "Feature", "properties": {"id": "north-1313272689-0", "osmWay": 1313272689, "name": "", "kind": "path", "width": 0.512}, "geometry": {"type": "LineString", "coordinates": [[121.54279959994976, 25.156116700561444], [121.54279759980824, 25.156086301149838], [121.5429086991424, 25.155917398998383], [121.54292929904965, 25.15591970092077]]}}, {"type": "Feature", "properties": {"id": "north-1314080772-0", "osmWay": 1314080772, "name": "", "kind": "residential", "width": 1.6}, "geometry": {"type": "LineString", "coordinates": [[121.53849210135616, 25.151925699955086], [121.53848559857045, 25.152040501316026], [121.53845900133962, 25.152108099231945], [121.53841830078525, 25.152233399604743]]}}, {"type": "Feature", "properties": {"id": "north-1327491303-0", "osmWay": 1327491303, "name": "湖底路", "kind": "unclassified", "width": 1.6}, "geometry": {"type": "LineString", "coordinates": [[121.53799299937344, 25.153091000440174], [121.53801780112839, 25.153217499496947]]}}, {"type": "Feature", "properties": {"id": "north-1343456856-0", "osmWay": 1343456856, "name": "下腰線", "kind": "path", "width": 0.512}, "geometry": {"type": "LineString", "coordinates": [[121.53934652150417, 25.148999998710924], [121.53934480045216, 25.14904870121272], [121.5393634994497, 25.149099801082464], [121.53942739854479, 25.149120100107798], [121.53943909859748, 25.149205498621093], [121.5395659013684, 25.149323500215594], [121.53958679897113, 25.14941399945203], [121.53963670017652, 25.149470301104923], [121.53975029891234, 25.149464599636183], [121.53978000023879, 25.149515601253146], [121.53977969944232, 25.14959719878728], [121.53979330040471, 25.14964089881872], [121.5397929003764, 25.14971550075458], [121.53986569932604, 25.149748999339742], [121.53987009963741, 25.149753698630075]]}}, {"type": "Feature", "properties": {"id": "north-1354137528-0", "osmWay": 1354137528, "name": "下腰線(北)", "kind": "path", "width": 0.512}, "geometry": {"type": "LineString", "coordinates": [[121.54313050088342, 25.15109799884567], [121.54312589900742, 25.151091601185772], [121.54312160102887, 25.151087499833814], [121.54302249944288, 25.150988898953468], [121.54289840073928, 25.15104950127111], [121.54272530011872, 25.151105398683974], [121.54252679925125, 25.1511750009567], [121.5424875995783, 25.15118790014373], [121.54237810035735, 25.151214900008984], [121.54229879862199, 25.151134599411606], [121.5421614989843, 25.151121599164572], [121.54206819935924, 25.151046699663134], [121.54194309903437, 25.151026799263384], [121.54181450078757, 25.15103529953288], [121.5416980987526, 25.151023099344233], [121.54162979934615, 25.150954701369926], [121.5415029004444, 25.150911700336867], [121.54137000111808, 25.150948300902805], [121.54125479916803, 25.150898298657026], [121.54111610098177, 25.150862599209486], [121.54100529934308, 25.150829998935503], [121.54088819958433, 25.150806600736615], [121.54082859846777, 25.150727100197628], [121.54077380079188, 25.15062170022458], [121.54072730137759, 25.150524699461013], [121.54062120084674, 25.150463299892202], [121.54048939927252, 25.150445998980416], [121.54052710116507, 25.150363000642294], [121.54048270112413, 25.15027480052102], [121.54039830135363, 25.150196400413222], [121.54030039985255, 25.150124701145348], [121.54022810016303, 25.15002350077704], [121.54015180019047, 25.149938500889327], [121.54009280066687, 25.149825600017966], [121.54005549880262, 25.14974719991017], [121.53995079992134, 25.149725300768058], [121.53989309971449, 25.149718900300936], [121.5398833005715, 25.149720000732124]]}}, {"type": "Feature", "properties": {"id": "north-1370285666-0", "osmWay": 1370285666, "name": "", "kind": "footway", "width": 0.576}, "geometry": {"type": "LineString", "coordinates": [[121.54637149920612, 25.155365100444666], [121.54636130003483, 25.15537520083094], [121.54635219861562, 25.155384099726014], [121.54631829854246, 25.155417601118398]]}}, {"type": "Feature", "properties": {"id": "north-1370285668-0", "osmWay": 1370285668, "name": "", "kind": "footway", "width": 0.576}, "geometry": {"type": "LineString", "coordinates": [[121.54656039939425, 25.15532499927237], [121.5465756997017, 25.15533669977542], [121.54658200092277, 25.155341399065758]]}}, {"type": "Feature", "properties": {"id": "north-1370285669-0", "osmWay": 1370285669, "name": "", "kind": "steps", "width": 0.48}, "geometry": {"type": "LineString", "coordinates": [[121.5465485008779, 25.155315698944484], [121.54656039939425, 25.15532499927237]]}}, {"type": "Feature", "properties": {"id": "north-1370285670-0", "osmWay": 1370285670, "name": "", "kind": "footway", "width": 0.576}, "geometry": {"type": "LineString", "coordinates": [[121.5464735994539, 25.155257799982035], [121.5465485008779, 25.155315698944484]]}}, {"type": "Feature", "properties": {"id": "north-1370285671-0", "osmWay": 1370285671, "name": "環七星山人車分道陽金公路段", "kind": "footway", "width": 0.576}, "geometry": {"type": "LineString", "coordinates": [[121.5466460984815, 25.155259400098814], [121.5465756997017, 25.15533669977542], [121.54650240149192, 25.155417300745597]]}}, {"type": "Feature", "properties": {"id": "north-1370285672-0", "osmWay": 1370285672, "name": "環七星山人車分道陽金公路段", "kind": "footway", "width": 0.576}, "geometry": {"type": "LineString", "coordinates": [[121.54664799939121, 25.15525740135645], [121.5466460984815, 25.155259400098814]]}}, {"type": "Feature", "properties": {"id": "north-1370285673-0", "osmWay": 1370285673, "name": "環七星山人車分道陽金公路段", "kind": "steps", "width": 0.48}, "geometry": {"type": "LineString", "coordinates": [[121.54672540021687, 25.15517660107348], [121.54664799939121, 25.15525740135645]]}}, {"type": "Feature", "properties": {"id": "north-1370285674-0", "osmWay": 1370285674, "name": "", "kind": "steps", "width": 0.48}, "geometry": {"type": "LineString", "coordinates": [[121.54639230067802, 25.155343900300934], [121.54637149920612, 25.155365100444666]]}}, {"type": "Feature", "properties": {"id": "north-1370285676-0", "osmWay": 1370285676, "name": "", "kind": "steps", "width": 0.48}, "geometry": {"type": "LineString", "coordinates": [[121.54672540021687, 25.15517660107348], [121.54669199940383, 25.155151299577795]]}}, {"type": "Feature", "properties": {"id": "north-1370285677-0", "osmWay": 1370285677, "name": "", "kind": "steps", "width": 0.48}, "geometry": {"type": "LineString", "coordinates": [[121.54669199940383, 25.155151299577795], [121.54667570057613, 25.155139001136362]]}}, {"type": "Feature", "properties": {"id": "north-1370285678-0", "osmWay": 1370285678, "name": "", "kind": "footway", "width": 0.576}, "geometry": {"type": "LineString", "coordinates": [[121.54667570057613, 25.155139001136362], [121.54662209988416, 25.155098501338482], [121.54660959977485, 25.155112099523894]]}}, {"type": "Feature", "properties": {"id": "north-1370285679-0", "osmWay": 1370285679, "name": "", "kind": "footway", "width": 0.576}, "geometry": {"type": "LineString", "coordinates": [[121.54658850060748, 25.155136199528386], [121.54654650073638, 25.155180601365434], [121.54654160116488, 25.155185800341357], [121.5464735994539, 25.155257799982035], [121.54639230067802, 25.155343900300934]]}}, {"type": "Feature", "properties": {"id": "north-1370285680-0", "osmWay": 1370285680, "name": "", "kind": "steps", "width": 0.48}, "geometry": {"type": "LineString", "coordinates": [[121.54660959977485, 25.155112099523894], [121.54658850060748, 25.155136199528386]]}}, {"type": "Feature", "properties": {"id": "north-1370285682-0", "osmWay": 1370285682, "name": "", "kind": "footway", "width": 0.576}, "geometry": {"type": "LineString", "coordinates": [[121.54660959977485, 25.155112099523894], [121.5465606009589, 25.15507499927237], [121.54649739958761, 25.155143501113905], [121.54654650073638, 25.155180601365434], [121.54664799939121, 25.15525740135645]]}}, {"type": "Feature", "properties": {"id": "north-1370286481-0", "osmWay": 1370286481, "name": "", "kind": "service", "width": 1.28}, "geometry": {"type": "LineString", "coordinates": [[121.5466090012829, 25.156990600130257], [121.54668359880942, 25.156963499204995], [121.54670529956975, 25.1569552993083], [121.54672420013195, 25.156948300902805], [121.54684770034359, 25.15721009965864], [121.54691700137131, 25.157219099613727], [121.5470596006088, 25.157215099321775], [121.54714520046423, 25.15717749938466]]}}, {"type": "Feature", "properties": {"id": "north-1370309940-0", "osmWay": 1370309940, "name": "", "kind": "footway", "width": 0.576}, "geometry": {"type": "LineString", "coordinates": [[121.54597770079863, 25.15521200014822], [121.54600720056042, 25.155183400166187], [121.5460362010621, 25.155155299869744]]}}, {"type": "Feature", "properties": {"id": "north-1370309941-0", "osmWay": 1370309941, "name": "", "kind": "footway", "width": 0.576}, "geometry": {"type": "LineString", "coordinates": [[121.54583690013801, 25.1553395013834], [121.54597770079863, 25.15521200014822]]}}, {"type": "Feature", "properties": {"id": "north-1370309942-0", "osmWay": 1370309942, "name": "", "kind": "footway", "width": 0.576}, "geometry": {"type": "LineString", "coordinates": [[121.54576260030697, 25.15539900046263], [121.5458001998667, 25.155368999676607], [121.54583690013801, 25.1553395013834]]}}, {"type": "Feature", "properties": {"id": "north-1370309943-0", "osmWay": 1370309943, "name": "", "kind": "footway", "width": 0.576}, "geometry": {"type": "LineString", "coordinates": [[121.54613379866569, 25.155151400637802], [121.5460362010621, 25.155155299869744], [121.54588269872752, 25.1549642010106], [121.54584160124585, 25.15486360138789], [121.54565120017632, 25.154398001091447], [121.54547870114872, 25.15402000017068], [121.54538880021377, 25.153898298657026], [121.54520110011055, 25.153784799847287], [121.54495760071019, 25.15376599987873], [121.5443928010555, 25.15401729962271], [121.54438120023462, 25.154111900211102], [121.54440949991151, 25.15414229962271], [121.54463689894781, 25.15435930072314], [121.54488290085084, 25.154607299173556], [121.5450283995183, 25.1546667], [121.54539249970034, 25.155022599658643], [121.54576260030697, 25.15539900046263]]}}, {"type": "Feature", "properties": {"id": "north-1370309944-0", "osmWay": 1370309944, "name": "", "kind": "footway", "width": 0.576}, "geometry": {"type": "LineString", "coordinates": [[121.54621660142398, 25.155226100826447], [121.54617840027127, 25.15519160006288], [121.54613379866569, 25.155151400637802]]}}, {"type": "Feature", "properties": {"id": "north-1370309945-0", "osmWay": 1370309945, "name": "", "kind": "footway", "width": 0.576}, "geometry": {"type": "LineString", "coordinates": [[121.54640000044765, 25.155421199977543], [121.54635219861562, 25.155384099726014], [121.54621340119753, 25.1552687004267], [121.5462087000897, 25.155247300970178], [121.54621660142398, 25.155226100826447]]}}, {"type": "Feature", "properties": {"id": "north-1370309947-0", "osmWay": 1370309947, "name": "", "kind": "service", "width": 1.28}, "geometry": {"type": "LineString", "coordinates": [[121.54559039897485, 25.15510050008085], [121.54579960137475, 25.1550031006917]]}}, {"type": "Feature", "properties": {"id": "north-1370309948-0", "osmWay": 1370309948, "name": "", "kind": "service", "width": 1.28}, "geometry": {"type": "LineString", "coordinates": [[121.54561690007486, 25.15514709997305], [121.54559039897485, 25.15510050008085], [121.54556350094754, 25.155053100130257], [121.54577260101462, 25.154955700741105], [121.54579960137475, 25.1550031006917], [121.54582609937376, 25.155049700583902]]}}, {"type": "Feature", "properties": {"id": "north-1370309949-0", "osmWay": 1370309949, "name": "", "kind": "service", "width": 1.28}, "geometry": {"type": "LineString", "coordinates": [[121.54527810090791, 25.15507629901635], [121.54488690113389, 25.15473170123518], [121.54482040030432, 25.15471070040424], [121.54478829880804, 25.154731400862378], [121.54474400109993, 25.154780799555336]]}}, {"type": "Feature", "properties": {"id": "north-1370519187-0", "osmWay": 1370519187, "name": "", "kind": "footway", "width": 0.576}, "geometry": {"type": "LineString", "coordinates": [[121.54142290098525, 25.154173900525514], [121.54148990107497, 25.154064699573304], [121.5414986985967, 25.15404040025602]]}}, {"type": "Feature", "properties": {"id": "north-1370519188-0", "osmWay": 1370519188, "name": "", "kind": "steps", "width": 0.48}, "geometry": {"type": "LineString", "coordinates": [[121.54106000088814, 25.153969099613725], [121.5411744989124, 25.154047000035934], [121.54118950152436, 25.15406229939813]]}}, {"type": "Feature", "properties": {"id": "north-1370519189-0", "osmWay": 1370519189, "name": "", "kind": "steps", "width": 0.48}, "geometry": {"type": "LineString", "coordinates": [[121.54148990107497, 25.154064699573304], [121.54144129918633, 25.154063801262126]]}}, {"type": "Feature", "properties": {"id": "north-1370519190-0", "osmWay": 1370519190, "name": "", "kind": "footway", "width": 0.576}, "geometry": {"type": "LineString", "coordinates": [[121.54150090030288, 25.154323699528387], [121.54143190007164, 25.15430589893101], [121.54143660117948, 25.154217300184154], [121.54142290098525, 25.154173900525514]]}}, {"type": "Feature", "properties": {"id": "north-1370519191-0", "osmWay": 1370519191, "name": "", "kind": "footway", "width": 0.576}, "geometry": {"type": "LineString", "coordinates": [[121.54120130080888, 25.154134400098815], [121.54125849865461, 25.15406279908372], [121.54144129918633, 25.154063801262126]]}}, {"type": "Feature", "properties": {"id": "north-1370519192-0", "osmWay": 1370519192, "name": "", "kind": "steps", "width": 0.48}, "geometry": {"type": "LineString", "coordinates": [[121.54120130080888, 25.154134400098815], [121.5411445991223, 25.1541032988816]]}}, {"type": "Feature", "properties": {"id": "north-1370519193-0", "osmWay": 1370519193, "name": "", "kind": "footway", "width": 0.576}, "geometry": {"type": "LineString", "coordinates": [[121.54212290090429, 25.153603298881603], [121.5421282005041, 25.153710599344233], [121.54210809985697, 25.153810901401364]]}}, {"type": "Feature", "properties": {"id": "north-1370519194-0", "osmWay": 1370519194, "name": "", "kind": "steps", "width": 0.48}, "geometry": {"type": "LineString", "coordinates": [[121.54192319995191, 25.153859699348725], [121.54210809985697, 25.153810901401364], [121.54217170125659, 25.1538066989894], [121.54224920131408, 25.153811999025333], [121.54241240045882, 25.15383550109145]]}}, {"type": "Feature", "properties": {"id": "north-1370519195-0", "osmWay": 1370519195, "name": "", "kind": "footway", "width": 0.576}, "geometry": {"type": "LineString", "coordinates": [[121.54241240045882, 25.15383550109145], [121.54253079953432, 25.15387429971254]]}}, {"type": "Feature", "properties": {"id": "north-1370519196-0", "osmWay": 1370519196, "name": "", "kind": "steps", "width": 0.48}, "geometry": {"type": "LineString", "coordinates": [[121.54253079953432, 25.15387429971254], [121.54268619967759, 25.153947099411607]]}}, {"type": "Feature", "properties": {"id": "north-1370519197-0", "osmWay": 1370519197, "name": "", "kind": "steps", "width": 0.48}, "geometry": {"type": "LineString", "coordinates": [[121.5442350999742, 25.153776299577792], [121.54423389988929, 25.153864300386275]]}}, {"type": "Feature", "properties": {"id": "north-1370519198-0", "osmWay": 1370519198, "name": "", "kind": "steps", "width": 0.48}, "geometry": {"type": "LineString", "coordinates": [[121.54419489867999, 25.15377190066026], [121.5442350999742, 25.153776299577792]]}}, {"type": "Feature", "properties": {"id": "north-1370519199-0", "osmWay": 1370519199, "name": "", "kind": "steps", "width": 0.48}, "geometry": {"type": "LineString", "coordinates": [[121.5442323990079, 25.153965099321777], [121.54423389988929, 25.153864300386275]]}}, {"type": "Feature", "properties": {"id": "north-1370519200-0", "osmWay": 1370519200, "name": "", "kind": "footway", "width": 0.576}, "geometry": {"type": "LineString", "coordinates": [[121.54410510007784, 25.153761901333993], [121.54419489867999, 25.15377190066026]]}}, {"type": "Feature", "properties": {"id": "north-1370519201-0", "osmWay": 1370519201, "name": "", "kind": "footway", "width": 0.576}, "geometry": {"type": "LineString", "coordinates": [[121.5440788005425, 25.153958401289078], [121.54418559879713, 25.15396310057941]]}}, {"type": "Feature", "properties": {"id": "north-1370519202-0", "osmWay": 1370519202, "name": "", "kind": "steps", "width": 0.48}, "geometry": {"type": "LineString", "coordinates": [[121.54418559879713, 25.15396310057941], [121.5442323990079, 25.153965099321777]]}}, {"type": "Feature", "properties": {"id": "north-1370519204-0", "osmWay": 1370519204, "name": "", "kind": "footway", "width": 0.576}, "geometry": {"type": "LineString", "coordinates": [[121.5411445991223, 25.1541032988816], [121.54118950152436, 25.15406229939813], [121.5412648991075, 25.15404280043119], [121.5414011009931, 25.154033800476107], [121.5414986985967, 25.15404040025602], [121.54156799962442, 25.154044299487964], [121.54161359975026, 25.1540330986705], [121.54184419901303, 25.153903699752966], [121.54192319995191, 25.153859699348725]]}}, {"type": "Feature", "properties": {"id": "north-1370519205-0", "osmWay": 1370519205, "name": "", "kind": "footway", "width": 0.576}, "geometry": {"type": "LineString", "coordinates": [[121.54420560021241, 25.15414900046263], [121.54427450121182, 25.154123999339742], [121.54433249911416, 25.15412250028297], [121.54438120023462, 25.154111900211102]]}}, {"type": "Feature", "properties": {"id": "north-1370519206-0", "osmWay": 1370519206, "name": "", "kind": "steps", "width": 0.48}, "geometry": {"type": "LineString", "coordinates": [[121.54411969956051, 25.154134501158822], [121.54420560021241, 25.15414900046263]]}}, {"type": "Feature", "properties": {"id": "north-1370840657-0", "osmWay": 1370840657, "name": "", "kind": "steps", "width": 0.48}, "geometry": {"type": "LineString", "coordinates": [[121.5391554010039, 25.153716800498565], [121.5391740007696, 25.15360339994161]]}}, {"type": "Feature", "properties": {"id": "north-1370840658-0", "osmWay": 1370840658, "name": "", "kind": "footway", "width": 0.576}, "geometry": {"type": "LineString", "coordinates": [[121.53915649875599, 25.154023399717033], [121.53916239994875, 25.154297800094323], [121.53918139974277, 25.154451200763564], [121.53934339880259, 25.154713299892205], [121.53934790144677, 25.15476569950593], [121.53929649935999, 25.154792300745598]]}}, {"type": "Feature", "properties": {"id": "north-1370840659-0", "osmWay": 1370840659, "name": "", "kind": "footway", "width": 0.576}, "geometry": {"type": "LineString", "coordinates": [[121.54046910016174, 25.152262600332374], [121.54037189948545, 25.152323098782787], [121.54005450028235, 25.152359898661516], [121.53983960135534, 25.152488898953468], [121.53961309850648, 25.152649098715415], [121.53947150089024, 25.152822099411605], [121.53940179983422, 25.152961301149837], [121.53937910055362, 25.15300040014373], [121.53935920147116, 25.15303759864804], [121.53925560034197, 25.153261000215593], [121.53920249891014, 25.153478801374415], [121.5391740007696, 25.15360339994161]]}}, {"type": "Feature", "properties": {"id": "north-1370840663-0", "osmWay": 1370840663, "name": "", "kind": "steps", "width": 0.48}, "geometry": {"type": "LineString", "coordinates": [[121.54170560005859, 25.151775999204993], [121.5416659011255, 25.15181320051653]]}}, {"type": "Feature", "properties": {"id": "north-1370840664-0", "osmWay": 1370840664, "name": "", "kind": "footway", "width": 0.576}, "geometry": {"type": "LineString", "coordinates": [[121.5416659011255, 25.15181320051653], [121.54125849865461, 25.151923299779913], [121.54104800003897, 25.15200580123967], [121.5408609015287, 25.15211869930381], [121.54055569853743, 25.15225120020212], [121.54046910016174, 25.152262600332374]]}}, {"type": "Feature", "properties": {"id": "north-1370868417-0", "osmWay": 1370868417, "name": "", "kind": "steps", "width": 0.48}, "geometry": {"type": "LineString", "coordinates": [[121.5409025013715, 25.156107899919153], [121.5409373007331, 25.156074600646786], [121.54092560068041, 25.15604280043119], [121.54094639905131, 25.156009899784404], [121.54094639905131, 25.15599960008534]]}}, {"type": "Feature", "properties": {"id": "north-1370883497-0", "osmWay": 1370883497, "name": "湖山路二段", "kind": "tertiary", "width": 2.56}, "geometry": {"type": "LineString", "coordinates": [[121.54035329971974, 25.156609999721525], [121.54041770117595, 25.156588600265003], [121.54045850096215, 25.156566198630077]]}}, {"type": "Feature", "properties": {"id": "north-1370883498-0", "osmWay": 1370883498, "name": "湖山路二段", "kind": "tertiary", "width": 2.56}, "geometry": {"type": "LineString", "coordinates": [[121.5396726003912, 25.156886699213977], [121.53974059900118, 25.156746500911787], [121.53979560134272, 25.156684598850163], [121.53988120119814, 25.156652899694574], [121.54005290016913, 25.156631500238053], [121.54013369968489, 25.156631500238053], [121.5402889013645, 25.156631500238053], [121.54035329971974, 25.156609999721525]]}}, {"type": "Feature", "properties": {"id": "north-1371157038-0", "osmWay": 1371157038, "name": "", "kind": "footway", "width": 0.576}, "geometry": {"type": "LineString", "coordinates": [[121.53933519977282, 25.158806499676608], [121.53932759923501, 25.158825100332376]]}}, {"type": "Feature", "properties": {"id": "north-1371157039-0", "osmWay": 1371157039, "name": "", "kind": "footway", "width": 0.576}, "geometry": {"type": "LineString", "coordinates": [[121.53934059860445, 25.158782899357707], [121.53933519977282, 25.158806499676608]]}}, {"type": "Feature", "properties": {"id": "north-1371157040-0", "osmWay": 1371157040, "name": "", "kind": "footway", "width": 0.576}, "geometry": {"type": "LineString", "coordinates": [[121.53921930009898, 25.158692299061265], [121.53919429988038, 25.158695600354832]]}}, {"type": "Feature", "properties": {"id": "north-1371157042-0", "osmWay": 1371157042, "name": "", "kind": "footway", "width": 0.576}, "geometry": {"type": "LineString", "coordinates": [[121.53922280112191, 25.1584864987783], [121.53920239967832, 25.15848170123518]]}}, {"type": "Feature", "properties": {"id": "north-1371157044-0", "osmWay": 1371157044, "name": "", "kind": "footway", "width": 0.576}, "geometry": {"type": "LineString", "coordinates": [[121.5392484990643, 25.157954100624327], [121.53917270145287, 25.157974700022457], [121.53914740043778, 25.158053700875854], [121.53913229859398, 25.158110999092706], [121.53904810038813, 25.158460798657025], [121.53903870127344, 25.158724200336867], [121.5390441993369, 25.158852100197628]]}}, {"type": "Feature", "properties": {"id": "north-1371157046-0", "osmWay": 1371157046, "name": "", "kind": "footway", "width": 0.576}, "geometry": {"type": "LineString", "coordinates": [[121.53968319959081, 25.15774700059738], [121.53970000077965, 25.157778598692957]]}}, {"type": "Feature", "properties": {"id": "north-1371157048-0", "osmWay": 1371157048, "name": "", "kind": "pedestrian", "width": 0.96}, "geometry": {"type": "LineString", "coordinates": [[121.54053219920023, 25.157815999317283], [121.54059940085459, 25.15780349875584], [121.54064849890237, 25.15777049985627]]}}, {"type": "Feature", "properties": {"id": "north-1371157049-0", "osmWay": 1371157049, "name": "", "kind": "pedestrian", "width": 0.96}, "geometry": {"type": "LineString", "coordinates": [[121.54033860100525, 25.157762900705176], [121.54038780138585, 25.15774430004941], [121.54044160054147, 25.1577528003189], [121.54053219920023, 25.157815999317283]]}}, {"type": "Feature", "properties": {"id": "north-1371157050-0", "osmWay": 1371157050, "name": "", "kind": "steps", "width": 0.48}, "geometry": {"type": "LineString", "coordinates": [[121.54083600054193, 25.157192501181278], [121.54087360010166, 25.1571667], [121.54092680076532, 25.157175899267877]]}}, {"type": "Feature", "properties": {"id": "north-1371159099-0", "osmWay": 1371159099, "name": "中興路", "kind": "unclassified", "width": 1.6}, "geometry": {"type": "LineString", "coordinates": [[121.53889039930685, 25.159066998688466], [121.5389469986606, 25.159113000642293], [121.53900010009244, 25.15914500017068], [121.5390423015282, 25.159201501136366], [121.5390658008654, 25.15925169988771]]}}, {"type": "Feature", "properties": {"id": "north-1371159100-0", "osmWay": 1371159100, "name": "中興路", "kind": "unclassified", "width": 1.6}, "geometry": {"type": "LineString", "coordinates": [[121.5390658008654, 25.15925169988771], [121.53907649929684, 25.15933269948347], [121.53893609866452, 25.15953259898491], [121.53883379995308, 25.159626598827703], [121.53863670073518, 25.159742800992635], [121.53835099989907, 25.159897900031442], [121.53786939992996, 25.1601583990433], [121.53766670031578, 25.16030950059738], [121.5375687988147, 25.160349801082464], [121.53704650139224, 25.160398099344235], [121.53696959982672, 25.1604160992544], [121.5369418986418, 25.160442899806863]]}}, {"type": "Feature", "properties": {"id": "north-1375176575-0", "osmWay": 1375176575, "name": "", "kind": "footway", "width": 0.576}, "geometry": {"type": "LineString", "coordinates": [[121.53466210011578, 25.16309749916008], [121.53466699968727, 25.16298969901186], [121.53468780115918, 25.162963900637802], [121.53481079900969, 25.16284370098814]]}}, {"type": "Feature", "properties": {"id": "north-1375176576-0", "osmWay": 1375176576, "name": "", "kind": "service", "width": 1.28}, "geometry": {"type": "LineString", "coordinates": [[121.53515160141917, 25.16412299996856], [121.53513760042847, 25.164086099029824], [121.53511820060614, 25.164016401311535], [121.5350392988991, 25.163889500821956], [121.53501080075856, 25.163804700247034]]}}, {"type": "Feature", "properties": {"id": "north-1375176577-0", "osmWay": 1375176577, "name": "青春嶺路", "kind": "unclassified", "width": 1.6}, "geometry": {"type": "LineString", "coordinates": [[121.53498969849018, 25.15975200026051], [121.53477350024643, 25.159589099950594], [121.53462709918954, 25.159513299330758], [121.53460409911246, 25.15954360048958], [121.5347019013817, 25.159801500013476], [121.5347453990332, 25.159930601365435], [121.53475549897267, 25.16001470013475], [121.53474480054125, 25.160070900727632], [121.53454349947563, 25.16010549974398], [121.53440940006439, 25.16010530043119], [121.53438950098193, 25.160152599321776]]}}, {"type": "Feature", "properties": {"id": "north-1375176584-0", "osmWay": 1375176584, "name": "", "kind": "footway", "width": 0.576}, "geometry": {"type": "LineString", "coordinates": [[121.53311420144043, 25.16067130103755], [121.53311230053072, 25.16070579899389], [121.53309460005345, 25.160851401199245], [121.53307140151271, 25.16099079944305], [121.53305570117696, 25.161028200067374], [121.53304899992759, 25.16113909938915], [121.53308880119351, 25.161170599231944]]}}, {"type": "Feature", "properties": {"id": "north-1376078185-0", "osmWay": 1376078185, "name": "", "kind": "footway", "width": 0.576}, "geometry": {"type": "LineString", "coordinates": [[121.54438590134247, 25.151965700067375], [121.54438529974951, 25.152004900121273]]}}, {"type": "Feature", "properties": {"id": "north-1376078186-0", "osmWay": 1376078186, "name": "", "kind": "footway", "width": 0.576}, "geometry": {"type": "LineString", "coordinates": [[121.54433209908585, 25.151910599905676], [121.54433100133376, 25.151941198630077]]}}, {"type": "Feature", "properties": {"id": "north-1376078187-0", "osmWay": 1376078187, "name": "", "kind": "footway", "width": 0.576}, "geometry": {"type": "LineString", "coordinates": [[121.54438630137078, 25.151941198630077], [121.54433100133376, 25.151941198630077]]}}, {"type": "Feature", "properties": {"id": "north-1376078188-0", "osmWay": 1376078188, "name": "", "kind": "steps", "width": 0.48}, "geometry": {"type": "LineString", "coordinates": [[121.54438630137078, 25.151941198630077], [121.54438590134247, 25.151965700067375]]}}, {"type": "Feature", "properties": {"id": "north-1376078189-0", "osmWay": 1376078189, "name": "", "kind": "footway", "width": 0.576}, "geometry": {"type": "LineString", "coordinates": [[121.5433546996933, 25.15163240135645], [121.54336580125403, 25.15164980052102], [121.54335050094659, 25.15167370121272], [121.54333859932923, 25.151673799465506], [121.54331999956352, 25.151673799465506], [121.54330469925608, 25.15164980052102], [121.5433199003317, 25.15162589982932]]}}, {"type": "Feature", "properties": {"id": "north-1376078191-0", "osmWay": 1376078191, "name": "", "kind": "footway", "width": 0.576}, "geometry": {"type": "LineString", "coordinates": [[121.54414309966589, 25.151782801104922], [121.54415700142476, 25.1518069993622], [121.54414069949605, 25.151830099995507], [121.54412619924523, 25.15182949924991], [121.5441106012423, 25.15182880025153], [121.54409669948343, 25.151804599187027], [121.54411289907931, 25.15178150136094]]}}, {"type": "Feature", "properties": {"id": "north-1379084730-0", "osmWay": 1379084730, "name": "", "kind": "footway", "width": 0.576}, "geometry": {"type": "LineString", "coordinates": [[121.55596749914163, 25.154727498823213], [121.55600000066622, 25.154757392934783]]}}, {"type": "Feature", "properties": {"id": "north-1379084730-1", "osmWay": 1379084730, "name": "", "kind": "footway", "width": 0.576}, "geometry": {"type": "LineString", "coordinates": [[121.55600000066622, 25.155115529949693], [121.5559738003627, 25.155112298836688], [121.55592959878541, 25.155103099568812], [121.55587050002998, 25.15504550097916]]}}, {"type": "Feature", "properties": {"id": "north-1379084731-0", "osmWay": 1379084731, "name": "", "kind": "service", "width": 1.28}, "geometry": {"type": "LineString", "coordinates": [[121.55063020054843, 25.151003698630074], [121.55071799900904, 25.15104250005839], [121.55097280153478, 25.151139700134745], [121.55105930067865, 25.15114820040424], [121.55114650064729, 25.151140300880346], [121.55142210154395, 25.151066198630076]]}}, {"type": "Feature", "properties": {"id": "north-1379084732-0", "osmWay": 1379084732, "name": "", "kind": "service", "width": 1.28}, "geometry": {"type": "LineString", "coordinates": [[121.55200199994142, 25.154737001271112], [121.55169500147427, 25.154301398953468], [121.55163669967448, 25.15427099954186], [121.5514836004692, 25.154229800745597]]}}, {"type": "Feature", "properties": {"id": "north-1379084735-0", "osmWay": 1379084735, "name": "", "kind": "service", "width": 1.28}, "geometry": {"type": "LineString", "coordinates": [[121.54940370135922, 25.153513100017967], [121.54978130017084, 25.153319800296444], [121.54986129962998, 25.153281299240927], [121.55021689998577, 25.153096600848905], [121.55032260048831, 25.153036001338485], [121.55038899898507, 25.152997898908552], [121.55047000006547, 25.152926300700685], [121.55053919876038, 25.15281540137891], [121.55057669908828, 25.15270449924991], [121.55060049922197, 25.152548900525513], [121.55059649893892, 25.15245940066026], [121.55054710009466, 25.152293100803988], [121.55041050128175, 25.151876099142115], [121.55042779862973, 25.151758299667627]]}}, {"type": "Feature", "properties": {"id": "north-1379084736-0", "osmWay": 1379084736, "name": "", "kind": "service", "width": 1.28}, "geometry": {"type": "LineString", "coordinates": [[121.55042720013776, 25.1535503013295], [121.55033159957469, 25.153240499070247]]}}, {"type": "Feature", "properties": {"id": "north-1379084742-0", "osmWay": 1379084742, "name": "香山橋", "kind": "service", "width": 1.28}, "geometry": {"type": "LineString", "coordinates": [[121.55209510110284, 25.155591999811357], [121.55196019853398, 25.15558570040424], [121.55179509847954, 25.155548100467122]]}}, {"type": "Feature", "properties": {"id": "north-1411065881-0", "osmWay": 1411065881, "name": "", "kind": "path", "width": 0.512}, "geometry": {"type": "LineString", "coordinates": [[121.5387240991675, 25.163885000844413], [121.53872619854084, 25.163884899784406], [121.53876790071646, 25.163936600399747], [121.53867849904164, 25.16397870031441], [121.53868009915486, 25.16407839881872], [121.5387756004861, 25.16411519869745], [121.53881670106877, 25.164197001158822], [121.53875599909912, 25.16435500005839], [121.53874019953155, 25.16439560091628], [121.53878840139188, 25.16448000005839], [121.53882030132351, 25.16453899945203], [121.53886779925807, 25.164635598782787], [121.53893189991781, 25.164727400570428], [121.53899800071909, 25.164800399582287], [121.5389281011994, 25.164874701145347], [121.53896949947756, 25.16499339893101], [121.53903280008069, 25.165043799802373], [121.53908600074435, 25.165014899447538], [121.53921810001407, 25.165029300498563], [121.53921909853433, 25.165028301127382]]}}, {"type": "Feature", "properties": {"id": "north-1435922810-0", "osmWay": 1435922810, "name": "", "kind": "path", "width": 0.512}, "geometry": {"type": "LineString", "coordinates": [[121.53439680072326, 25.16478419910169], [121.53435289994245, 25.164790798881604], [121.53432850131679, 25.16477290003144], [121.53414719856548, 25.16477430083543], [121.53405429896873, 25.164832199797882], [121.53398109999077, 25.164910799218468], [121.53396290025336, 25.164992099187028], [121.533871501538, 25.16505969991017], [121.5337739008334, 25.165066600062882], [121.53369930020588, 25.165145199483472], [121.5335866007585, 25.165152099636185], [121.5334874991725, 25.16514930083543], [121.53336199881933, 25.165134400098815]]}}, {"type": "Feature", "properties": {"id": "north-1454347859-0", "osmWay": 1454347859, "name": "下腰線(北)", "kind": "path", "width": 0.512}, "geometry": {"type": "LineString", "coordinates": [[121.54457200133245, 25.150854598625585], [121.54484130100805, 25.15088799895796], [121.54501229915425, 25.150997898908553], [121.54515479915992, 25.150923400839922], [121.54544539956753, 25.151049798836688], [121.54554719901884, 25.151051199640676], [121.54566560119532, 25.151095800790515], [121.5457074987336, 25.15110130013924], [121.54577089856856, 25.151043499429573], [121.54586630066798, 25.15098049974398], [121.546122098613, 25.15091970092077], [121.54621750071242, 25.150899699461014], [121.54626910126285, 25.15087029942059], [121.5462583004986, 25.15076799862109], [121.54634169864785, 25.150711899088215], [121.54641580001523, 25.15064980052102], [121.54652359989113, 25.15062940043568], [121.54659159850111, 25.15056910129806], [121.54671259931109, 25.150558400166187], [121.54685949962811, 25.150519399425082], [121.54688459907855, 25.15037970080848], [121.54696889961723, 25.15022519970805]]}}, {"type": "Feature", "properties": {"id": "north-1459223898-0", "osmWay": 1459223898, "name": "下腰線(北)", "kind": "path", "width": 0.512}, "geometry": {"type": "LineString", "coordinates": [[121.54696889961723, 25.15022519970805], [121.54696129907943, 25.15012669988771], [121.547003599747, 25.150034799847287], [121.54702869919744, 25.149850199708048], [121.54712830004357, 25.149829299937117], [121.54708649863612, 25.1497444993622], [121.54697259910381, 25.149742500619833], [121.54695149993643, 25.149651599950595], [121.54703050087531, 25.14958459997305], [121.54703130093192, 25.14947489933525], [121.54705320015591, 25.14937620020212], [121.54713009862044, 25.149312700830937], [121.54720360149587, 25.14918329910618], [121.54721500075209, 25.14916239933525], [121.54721509998392, 25.149038101140857], [121.54717438702558, 25.148999998710924]]}}, {"type": "Feature", "properties": {"id": "north-1481252492-0", "osmWay": 1481252492, "name": "", "kind": "path", "width": 0.512}, "geometry": {"type": "LineString", "coordinates": [[121.5337352996524, 25.15434539935771], [121.53376889892908, 25.15433410028746], [121.53388989973907, 25.154263599703558], [121.53398620112692, 25.154252398886094], [121.53408459878713, 25.154254299375673], [121.53414810095491, 25.1542913996272], [121.53423219992895, 25.154348899964067], [121.53427360130809, 25.154402700381784], [121.53434199994636, 25.15452450014822]]}}, {"type": "Feature", "properties": {"id": "north-1487710623-0", "osmWay": 1487710623, "name": "", "kind": "footway", "width": 0.576}, "geometry": {"type": "LineString", "coordinates": [[121.54254619907358, 25.16453709896245], [121.54264090034822, 25.164600199708048]]}}, {"type": "Feature", "properties": {"id": "north-1487710624-0", "osmWay": 1487710624, "name": "", "kind": "steps", "width": 0.48}, "geometry": {"type": "LineString", "coordinates": [[121.54264090034822, 25.164600199708048], [121.54264610071618, 25.164628401064498], [121.54265119875134, 25.164642400682716]]}}, {"type": "Feature", "properties": {"id": "north-1487710625-0", "osmWay": 1487710625, "name": "", "kind": "footway", "width": 0.576}, "geometry": {"type": "LineString", "coordinates": [[121.54267920073274, 25.164427799757455], [121.54274549999766, 25.164467499496947]]}}, {"type": "Feature", "properties": {"id": "north-1487710629-0", "osmWay": 1487710629, "name": "", "kind": "footway", "width": 0.576}, "geometry": {"type": "LineString", "coordinates": [[121.54292399944984, 25.164689800633308], [121.54295770105935, 25.164712699146605]]}}, {"type": "Feature", "properties": {"id": "north-1487710630-0", "osmWay": 1487710630, "name": "", "kind": "footway", "width": 0.576}, "geometry": {"type": "LineString", "coordinates": [[121.54289480048453, 25.164803100130257], [121.54289369963143, 25.164788901199245], [121.54290640130539, 25.16476950048509], [121.54295770105935, 25.164712699146605], [121.54302080009784, 25.164642900368307]]}}, {"type": "Feature", "properties": {"id": "north-1487710631-0", "osmWay": 1487710631, "name": "", "kind": "steps", "width": 0.48}, "geometry": {"type": "LineString", "coordinates": [[121.54289190105456, 25.16466810080399], [121.54292399944984, 25.164689800633308]]}}, {"type": "Feature", "properties": {"id": "north-1487710632-0", "osmWay": 1487710632, "name": "", "kind": "footway", "width": 0.576}, "geometry": {"type": "LineString", "coordinates": [[121.54283460087602, 25.16462920112289], [121.54287910014878, 25.164659401221705], [121.54289190105456, 25.16466810080399]]}}, {"type": "Feature", "properties": {"id": "north-1487710633-0", "osmWay": 1487710633, "name": "", "kind": "footway", "width": 0.576}, "geometry": {"type": "LineString", "coordinates": [[121.54280360023282, 25.164747500282967], [121.54287910014878, 25.164659401221705], [121.54299019948294, 25.164529699124145]]}}, {"type": "Feature", "properties": {"id": "north-1487710634-0", "osmWay": 1487710634, "name": "", "kind": "steps", "width": 0.48}, "geometry": {"type": "LineString", "coordinates": [[121.54278060015574, 25.164592600556954], [121.54283460087602, 25.16462920112289]]}}, {"type": "Feature", "properties": {"id": "north-1487710635-0", "osmWay": 1487710635, "name": "", "kind": "footway", "width": 0.576}, "geometry": {"type": "LineString", "coordinates": [[121.54283470010785, 25.164528500440174], [121.54278060015574, 25.164592600556954], [121.54272709869561, 25.164655998868128]]}}, {"type": "Feature", "properties": {"id": "north-1487710636-0", "osmWay": 1487710636, "name": "", "kind": "steps", "width": 0.48}, "geometry": {"type": "LineString", "coordinates": [[121.54274549999766, 25.164467499496947], [121.54283470010785, 25.164528500440174]]}}, {"type": "Feature", "properties": {"id": "north-1487710637-0", "osmWay": 1487710637, "name": "", "kind": "steps", "width": 0.48}, "geometry": {"type": "LineString", "coordinates": [[121.54264090034822, 25.164600199708048], [121.54272709869561, 25.164655998868128]]}}, {"type": "Feature", "properties": {"id": "north-1487710638-0", "osmWay": 1487710638, "name": "", "kind": "path", "width": 0.512}, "geometry": {"type": "LineString", "coordinates": [[121.54316909896343, 25.165055399245418], [121.54322660070663, 25.165036501024076], [121.54328449937714, 25.16495319950593], [121.5433402986743, 25.164903399380165], [121.54357380046801, 25.164998401401366]]}}, {"type": "Feature", "properties": {"id": "north-1502490490-0", "osmWay": 1502490490, "name": "", "kind": "footway", "width": 0.576}, "geometry": {"type": "LineString", "coordinates": [[121.54554239867917, 25.15174960008534], [121.54555969912813, 25.151786001338483], [121.54546959972953, 25.151847400907293], [121.5454873002068, 25.15185130013924], [121.54557930051512, 25.15179410017517]]}}, {"type": "Feature", "properties": {"id": "north-1502490491-0", "osmWay": 1502490491, "name": "", "kind": "footway", "width": 0.576}, "geometry": {"type": "LineString", "coordinates": [[121.54585180041715, 25.151834498913043], [121.54579779969687, 25.151867800992633]]}}, {"type": "Feature", "properties": {"id": "north-1502490492-0", "osmWay": 1502490492, "name": "", "kind": "footway", "width": 0.576}, "geometry": {"type": "LineString", "coordinates": [[121.54629710014325, 25.152063599142114], [121.54641799862041, 25.15190650136094]]}}, {"type": "Feature", "properties": {"id": "north-1502490493-0", "osmWay": 1502490493, "name": "", "kind": "footway", "width": 0.576}, "geometry": {"type": "LineString", "coordinates": [[121.5462026996651, 25.152085899717033], [121.54633359884991, 25.15191419876482], [121.54640939956234, 25.15187639951491]]}}, {"type": "Feature", "properties": {"id": "north-1502490494-0", "osmWay": 1502490494, "name": "", "kind": "steps", "width": 0.48}, "geometry": {"type": "LineString", "coordinates": [[121.54626670109302, 25.15210320062882], [121.54629710014325, 25.152063599142114]]}}, {"type": "Feature", "properties": {"id": "north-1502490495-0", "osmWay": 1502490495, "name": "", "kind": "steps", "width": 0.48}, "geometry": {"type": "LineString", "coordinates": [[121.5465409003401, 25.15213959907474], [121.54653459911904, 25.152204998935503]]}}, {"type": "Feature", "properties": {"id": "north-1502490496-0", "osmWay": 1502490496, "name": "", "kind": "steps", "width": 0.48}, "geometry": {"type": "LineString", "coordinates": [[121.54640480078733, 25.152121500911786], [121.54639619862826, 25.152194398863635]]}}, {"type": "Feature", "properties": {"id": "north-1502490497-0", "osmWay": 1502490497, "name": "", "kind": "footway", "width": 0.576}, "geometry": {"type": "LineString", "coordinates": [[121.5464641011074, 25.152088198832196], [121.54644160029045, 25.1521045003728], [121.54643599989417, 25.15212559945652]]}}, {"type": "Feature", "properties": {"id": "north-1502490498-0", "osmWay": 1502490498, "name": "", "kind": "footway", "width": 0.576}, "geometry": {"type": "LineString", "coordinates": [[121.5464641011074, 25.152088198832196], [121.54648499871013, 25.15210709986076], [121.54648200004833, 25.152131800610853]]}}, {"type": "Feature", "properties": {"id": "north-1502490499-0", "osmWay": 1502490499, "name": "", "kind": "footway", "width": 0.576}, "geometry": {"type": "LineString", "coordinates": [[121.5464641011074, 25.152088198832196], [121.5464776989688, 25.152035599905677]]}}, {"type": "Feature", "properties": {"id": "north-1502490501-0", "osmWay": 1502490501, "name": "", "kind": "footway", "width": 0.576}, "geometry": {"type": "LineString", "coordinates": [[121.54673029978836, 25.152219899672115], [121.54653459911904, 25.152204998935503], [121.54639619862826, 25.152194398863635], [121.54632040101681, 25.152188599142114], [121.54623189863042, 25.152170899604744]]}}, {"type": "Feature", "properties": {"id": "north-1502490502-0", "osmWay": 1502490502, "name": "", "kind": "footway", "width": 0.576}, "geometry": {"type": "LineString", "coordinates": [[121.54674950114703, 25.152167199685593], [121.54673029978836, 25.152219899672115]]}}, {"type": "Feature", "properties": {"id": "north-1502490503-0", "osmWay": 1502490503, "name": "", "kind": "footway", "width": 0.576}, "geometry": {"type": "LineString", "coordinates": [[121.54700779849372, 25.152274098715417], [121.54701859925797, 25.15225520049407], [121.54704449876502, 25.152209799285842]]}}, {"type": "Feature", "properties": {"id": "north-1502490504-0", "osmWay": 1502490504, "name": "", "kind": "footway", "width": 0.576}, "geometry": {"type": "LineString", "coordinates": [[121.54700779849372, 25.152274098715417], [121.54705089921791, 25.15227430083543], [121.54707719875326, 25.15226969979788], [121.54709150054043, 25.152250299083722], [121.54708390000263, 25.152236299465507], [121.54704449876502, 25.152209799285842]]}}, {"type": "Feature", "properties": {"id": "north-1502490505-0", "osmWay": 1502490505, "name": "", "kind": "footway", "width": 0.576}, "geometry": {"type": "LineString", "coordinates": [[121.54708390000263, 25.152236299465507], [121.54710579922661, 25.152222600220085], [121.54713489896011, 25.152204499249912]]}}, {"type": "Feature", "properties": {"id": "north-1502490506-0", "osmWay": 1502490506, "name": "", "kind": "footway", "width": 0.576}, "geometry": {"type": "LineString", "coordinates": [[121.54701859925797, 25.15225520049407], [121.54691009855729, 25.152237801329502], [121.54674950114703, 25.152167199685593], [121.5465409003401, 25.15213959907474], [121.54648200004833, 25.152131800610853], [121.54643599989417, 25.15212559945652], [121.54640480078733, 25.152121500911786], [121.54626670109302, 25.15210320062882], [121.5462026996651, 25.152085899717033], [121.54579779969687, 25.151867800992633], [121.54563549984057, 25.15175550086687], [121.54558240150973, 25.15171870098814]]}}, {"type": "Feature", "properties": {"id": "north-1503355813-0", "osmWay": 1503355813, "name": "", "kind": "footway", "width": 0.576}, "geometry": {"type": "LineString", "coordinates": [[121.53947049926899, 25.15890919910169], [121.53958319871637, 25.15896310057941]]}}, {"type": "Feature", "properties": {"id": "north-1503355814-0", "osmWay": 1503355814, "name": "", "kind": "steps", "width": 0.48}, "geometry": {"type": "LineString", "coordinates": [[121.53966589914184, 25.158082399110672], [121.53970490035114, 25.158137701392384]]}}, {"type": "Feature", "properties": {"id": "north-1503355815-0", "osmWay": 1503355815, "name": "", "kind": "footway", "width": 0.576}, "geometry": {"type": "LineString", "coordinates": [[121.53992800140891, 25.157854301060006], [121.5398563994432, 25.15784290092975], [121.53971770125692, 25.157896799600252], [121.53963860108621, 25.15801119952839]]}}, {"type": "Feature", "properties": {"id": "north-1503355816-0", "osmWay": 1503355816, "name": "", "kind": "footway", "width": 0.576}, "geometry": {"type": "LineString", "coordinates": [[121.53990620141676, 25.15793530065577], [121.53981279945886, 25.15797759988322]]}}, {"type": "Feature", "properties": {"id": "north-1503355817-0", "osmWay": 1503355817, "name": "", "kind": "footway", "width": 0.576}, "geometry": {"type": "LineString", "coordinates": [[121.53992800140891, 25.157854301060006], [121.53990620141676, 25.15793530065577]]}}, {"type": "Feature", "properties": {"id": "north-1503355818-0", "osmWay": 1503355818, "name": "", "kind": "steps", "width": 0.48}, "geometry": {"type": "LineString", "coordinates": [[121.53990620141676, 25.15793530065577], [121.53993570117855, 25.158010800902805]]}}, {"type": "Feature", "properties": {"id": "north-1503355819-0", "osmWay": 1503355819, "name": "", "kind": "footway", "width": 0.576}, "geometry": {"type": "LineString", "coordinates": [[121.54004270099783, 25.157788901199247], [121.53997650096473, 25.157844700359323], [121.53992800140891, 25.157854301060006]]}}, {"type": "Feature", "properties": {"id": "north-1503355820-0", "osmWay": 1503355820, "name": "", "kind": "steps", "width": 0.48}, "geometry": {"type": "LineString", "coordinates": [[121.54038820141416, 25.15760530043119], [121.540443600683, 25.157664100512036], [121.54044160054147, 25.1577528003189]]}}, {"type": "Feature", "properties": {"id": "north-1503509671-0", "osmWay": 1503509671, "name": "", "kind": "footway", "width": 0.576}, "geometry": {"type": "LineString", "coordinates": [[121.53950170147682, 25.160123600714158], [121.53968599978894, 25.16010720092077]]}}, {"type": "Feature", "properties": {"id": "north-1503509672-0", "osmWay": 1503509672, "name": "", "kind": "footway", "width": 0.576}, "geometry": {"type": "LineString", "coordinates": [[121.53710449929459, 25.16050680061085], [121.53721909965168, 25.16050230063331]]}}, {"type": "Feature", "properties": {"id": "north-1503509673-0", "osmWay": 1503509673, "name": "", "kind": "steps", "width": 0.48}, "geometry": {"type": "LineString", "coordinates": [[121.5369418986418, 25.160442899806863], [121.53710449929459, 25.16050680061085]]}}, {"type": "Feature", "properties": {"id": "north-1520596972-0", "osmWay": 1520596972, "name": "", "kind": "footway", "width": 0.576}, "geometry": {"type": "LineString", "coordinates": [[121.54467649864908, 25.162932600107798], [121.54465259928357, 25.16289500017068]]}}, {"type": "Feature", "properties": {"id": "north-1520596973-0", "osmWay": 1520596973, "name": "", "kind": "footway", "width": 0.576}, "geometry": {"type": "LineString", "coordinates": [[121.54465259928357, 25.16289500017068], [121.54468750097799, 25.1628778003189], [121.54473169945427, 25.162855999429574]]}}, {"type": "Feature", "properties": {"id": "north-1520596974-0", "osmWay": 1520596974, "name": "", "kind": "footway", "width": 0.576}, "geometry": {"type": "LineString", "coordinates": [[121.54459590069797, 25.163163901199244], [121.5446168014017, 25.163222600220088], [121.54463119931971, 25.163292199685593]]}}, {"type": "Feature", "properties": {"id": "north-1520602893-0", "osmWay": 1520602893, "name": "環七星山人車分道陽金公路段", "kind": "footway", "width": 0.576}, "geometry": {"type": "LineString", "coordinates": [[121.54461189872922, 25.163010000844412], [121.54463439954615, 25.16294569860762], [121.54467649864908, 25.162932600107798]]}}, {"type": "Feature", "properties": {"id": "north-1520602894-0", "osmWay": 1520602894, "name": "環七星山人車分道陽金公路段", "kind": "footway", "width": 0.576}, "geometry": {"type": "LineString", "coordinates": [[121.54459590069797, 25.163163901199244], [121.54458210127193, 25.163139700134746]]}}, {"type": "Feature", "properties": {"id": "north-1522693042-0", "osmWay": 1522693042, "name": "", "kind": "footway", "width": 0.576}, "geometry": {"type": "LineString", "coordinates": [[121.54636009994991, 25.155449401333993], [121.54640000044765, 25.155421199977543]]}}, {"type": "Feature", "properties": {"id": "north-1522693043-0", "osmWay": 1522693043, "name": "", "kind": "steps", "width": 0.48}, "geometry": {"type": "LineString", "coordinates": [[121.54660799966163, 25.156544599860762], [121.54663629933852, 25.156594298926517]]}}, {"type": "Feature", "properties": {"id": "north-1522693044-0", "osmWay": 1522693044, "name": "環七星山人車分道陽金公路段", "kind": "steps", "width": 0.48}, "geometry": {"type": "LineString", "coordinates": [[121.54663740019161, 25.15673190054797], [121.54665020109739, 25.15677019948347]]}}, {"type": "Feature", "properties": {"id": "north-1522693046-0", "osmWay": 1522693046, "name": "環七星山人車分道陽金公路段", "kind": "steps", "width": 0.48}, "geometry": {"type": "LineString", "coordinates": [[121.54718239999566, 25.15956419988771], [121.5472510001986, 25.159763100017965], [121.54715739977706, 25.159963799577795], [121.54693480108041, 25.15999179881423], [121.54687020116054, 25.16004580135196]]}}, {"type": "Feature", "properties": {"id": "north-1522693047-0", "osmWay": 1522693047, "name": "環七星山人車分道陽金公路段", "kind": "footway", "width": 0.576}, "geometry": {"type": "LineString", "coordinates": [[121.54690660063537, 25.15869780121721], [121.54686599931283, 25.15879890052551], [121.54687510073204, 25.15884080112738], [121.54684930045681, 25.158905100556954], [121.5468461994622, 25.15895460030992], [121.5469196000048, 25.159098501338484], [121.54706019910077, 25.15929340117679], [121.54709659857559, 25.15939599954186], [121.54718239999566, 25.15956419988771]]}}, {"type": "Feature", "properties": {"id": "north-1522693048-0", "osmWay": 1522693048, "name": "環七星山人車分道陽金公路段", "kind": "steps", "width": 0.48}, "geometry": {"type": "LineString", "coordinates": [[121.54688280050168, 25.158296000664752], [121.54689699995603, 25.158404800184154], [121.5468905002713, 25.15856320051653], [121.54690660063537, 25.15869780121721]]}}, {"type": "Feature", "properties": {"id": "north-1522693049-0", "osmWay": 1522693049, "name": "環七星山人車分道陽金公路段", "kind": "steps", "width": 0.48}, "geometry": {"type": "LineString", "coordinates": [[121.54476079918777, 25.16279280043119], [121.54476879975388, 25.162824300273986], [121.54480210133508, 25.162883799353217], [121.54479299991588, 25.162898099344233], [121.5447703998671, 25.162893501113906], [121.54473169945427, 25.162855999429574]]}}, {"type": "Feature", "properties": {"id": "north-1523530432-0", "osmWay": 1523530432, "name": "", "kind": "footway", "width": 0.576}, "geometry": {"type": "LineString", "coordinates": [[121.54438270111602, 25.152471101163314], [121.5444178012741, 25.152471800161695], [121.54443749879191, 25.15247219878728]]}}, {"type": "Feature", "properties": {"id": "north-1523530433-0", "osmWay": 1523530433, "name": "", "kind": "steps", "width": 0.48}, "geometry": {"type": "LineString", "coordinates": [[121.54441449871483, 25.152322801217213], [121.5444178012741, 25.152471800161695]]}}, {"type": "Feature", "properties": {"id": "north-1523530435-0", "osmWay": 1523530435, "name": "環七星山人車分道陽金公路段", "kind": "steps", "width": 0.48}, "geometry": {"type": "LineString", "coordinates": [[121.5469191999765, 25.15513929870194], [121.54683539869795, 25.155182400795006]]}}, {"type": "Feature", "properties": {"id": "north-1540181545-0", "osmWay": 1540181545, "name": "東北稜", "kind": "path", "width": 0.512}, "geometry": {"type": "LineString", "coordinates": [[121.54595039964201, 25.149831200426696], [121.54598650142135, 25.14989599954186], [121.54604830114309, 25.149971499788897], [121.5460649999991, 25.150039998823214], [121.54617150055826, 25.150086598715415], [121.54622280031222, 25.150175099209488], [121.5462866994073, 25.15025150057492], [121.54638590022513, 25.150295298859145], [121.54632699993336, 25.150395398796263], [121.54644989855205, 25.150431901109414], [121.54650149910249, 25.150510000844413], [121.54652359989113, 25.15062940043568], [121.54652369912296, 25.150630099434064]]}}, {"type": "Feature", "properties": {"id": "north-1540182277-0", "osmWay": 1540182277, "name": "", "kind": "path", "width": 0.512}, "geometry": {"type": "LineString", "coordinates": [[121.54626910126285, 25.15087029942059], [121.5463139013321, 25.150908601163312], [121.54640650013238, 25.150873101028566], [121.54648020147145, 25.150944999609234], [121.54646340028262, 25.151048100467122], [121.54649669876282, 25.15116559956881]]}}, {"type": "Feature", "properties": {"id": "north-1546652602-0", "osmWay": 1546652602, "name": "竹子湖路", "kind": "primary", "width": 3.84}, "geometry": {"type": "LineString", "coordinates": [[121.54592770036142, 25.155455900053898], [121.54591400016719, 25.155572500844414], [121.54592579945171, 25.15565040126662], [121.54596459909637, 25.155762799645167], [121.54603660109039, 25.155909799847286], [121.54641610081171, 25.156620700853395]]}}, {"type": "Feature", "properties": {"id": "north-1546652606-0", "osmWay": 1546652606, "name": "竹子湖路", "kind": "primary", "width": 3.84}, "geometry": {"type": "LineString", "coordinates": [[121.54641610081171, 25.156620700853395], [121.54646149937291, 25.156704100624328], [121.5466090012829, 25.156990600130257], [121.54672869967514, 25.157247601342977], [121.54678840002352, 25.157414400884836], [121.54681890140658, 25.157591500125765], [121.54684299923575, 25.15797509864804], [121.54680979998737, 25.158191198630075], [121.54680640129727, 25.15820479962271]]}}, {"type": "Feature", "properties": {"id": "north-1546652607-0", "osmWay": 1546652607, "name": "竹子湖路", "kind": "primary", "width": 3.84}, "geometry": {"type": "LineString", "coordinates": [[121.54680640129727, 25.15820479962271], [121.54680059933635, 25.15822790025602]]}}, {"type": "Feature", "properties": {"id": "north-1560507406-0", "osmWay": 1560507406, "name": "苗冷古道", "kind": "footway", "width": 0.576}, "geometry": {"type": "LineString", "coordinates": [[121.55555729957361, 25.162864000013474], [121.555534600293, 25.162842199124146], [121.5554869007938, 25.162826400076355], [121.55544269921651, 25.162834599973053], [121.5553635990458, 25.162825799330758], [121.55529859909763, 25.16284479861211], [121.55513719852976, 25.162829600309916], [121.5549266006823, 25.16283440066026], [121.5548690989391, 25.162852201257635], [121.55482379960972, 25.162881699550844], [121.55477019891775, 25.162951200763565], [121.55469000099495, 25.163002499946103], [121.55461060002776, 25.163038600826447], [121.55453679945686, 25.163054001248653], [121.55450600037831, 25.16310080045365], [121.55445329897478, 25.16312630126213], [121.55438930064786, 25.163182701167806], [121.55431130133024, 25.163220200044915]]}}, {"type": "Feature", "properties": {"id": "north-1560507407-0", "osmWay": 1560507407, "name": "苗冷古道", "kind": "footway", "width": 0.576}, "geometry": {"type": "LineString", "coordinates": [[121.55600000066622, 25.162717914965864], [121.55599039998688, 25.162721199416097]]}}, {"type": "Feature", "properties": {"id": "north-1560507408-0", "osmWay": 1560507408, "name": "苗冷古道", "kind": "footway", "width": 0.576}, "geometry": {"type": "LineString", "coordinates": [[121.55599039998688, 25.162721199416097], [121.55595859928708, 25.16273209986076], [121.55589470019198, 25.16270899922745], [121.55580590011012, 25.16273450003593], [121.55573270113216, 25.16278759864804], [121.55567010135381, 25.16285069939364], [121.5555822997922, 25.16288799895796], [121.55557570087566, 25.162881699550844]]}}, {"type": "Feature", "properties": {"id": "north-1560507409-0", "osmWay": 1560507409, "name": "苗冷古道", "kind": "footway", "width": 0.576}, "geometry": {"type": "LineString", "coordinates": [[121.55557570087566, 25.162881699550844], [121.55555729957361, 25.162864000013474]]}}, {"type": "Feature", "properties": {"name": "前山公園", "type": "parks"}, "geometry": {"type": "Polygon", "coordinates": [[[121.5484030010931, 25.149205498621093], [121.54923849897196, 25.149175598895077], [121.54927060046823, 25.149670899604743], [121.54945300097165, 25.149821400413224], [121.54872890012246, 25.150490299757458], [121.5488682991335, 25.151035400592885], [121.54917940021653, 25.151336399402624], [121.54890589869323, 25.151933700538986], [121.54879319924585, 25.15210370031441], [121.54825679849986, 25.152268798679483], [121.54814680001878, 25.15180749904779], [121.54792420132215, 25.151783199730506], [121.54795639894925, 25.15168119930381], [121.54788129906161, 25.151516100938736], [121.54772570045468, 25.151579198877112], [121.54757550067937, 25.151467499496945], [121.54769349972656, 25.151380099434064], [121.54759690064323, 25.151219899672117], [121.54789739942566, 25.15097710019763], [121.5477900988099, 25.150792601118397], [121.54781179957024, 25.150770101230687], [121.54786519869755, 25.150714900008982], [121.547704201259, 25.150486700898313], [121.54804759920097, 25.15005939953737], [121.54828360039635, 25.149559200224576], [121.5484030010931, 25.149205498621093]]]}}, {"type": "Feature", "properties": {"name": "陽明公園", "type": "parks"}, "geometry": {"type": "Polygon", "coordinates": [[[121.53898070027012, 25.159511999586776], [121.5396464993195, 25.1599017010106], [121.54061619894243, 25.15952170134747], [121.54066139903998, 25.159153699752963], [121.54073009847474, 25.15859799884567], [121.54072479887493, 25.15770209907474], [121.54116330122083, 25.157022299285842], [121.54110570024581, 25.156663000080847], [121.54060679982774, 25.156418999115164], [121.54054370078926, 25.156536200651274], [121.54046999945018, 25.156614499699067], [121.54040089998712, 25.15665999916008], [121.54030299848604, 25.156667898683974], [121.54000659921849, 25.15666849942957], [121.53989060031283, 25.156700799330757], [121.53982150084977, 25.15672009898491], [121.53967809845466, 25.157049599523894], [121.53961899969924, 25.15729360048958], [121.53917310148117, 25.15789629991466], [121.53914330092289, 25.158011499901185], [121.53903100150382, 25.158462000148223], [121.53902270014122, 25.158736400525513], [121.53902159928813, 25.158817700494073], [121.53899609980938, 25.158881399178046], [121.53891829895542, 25.158963299892203], [121.53890289941616, 25.15902160028746], [121.53892970131263, 25.15907869919152], [121.53899339884308, 25.159113199955083], [121.5390484011846, 25.15916540025602], [121.539096001452, 25.15927960087136], [121.53909330048567, 25.159339599636183], [121.53898070027012, 25.159511999586776]]]}}, {"type": "Feature", "properties": {"name": "陽明湖", "type": "waters"}, "geometry": {"type": "Polygon", "coordinates": [[[121.5481774998655, 25.150033000417714], [121.5481983013374, 25.15004490023356], [121.54825930100252, 25.150056901109416], [121.5483007985125, 25.150035700965685], [121.54832969978233, 25.149984699348725], [121.54836460147675, 25.149953800251527], [121.5483905009838, 25.14994999927237], [121.5483987992454, 25.149919100175172], [121.54848589998223, 25.149844501046534], [121.54855169998702, 25.149806901109415], [121.54858380148329, 25.14977350077704], [121.54862140104304, 25.149716999811353], [121.5486368005823, 25.14966369907923], [121.54864949915526, 25.1496284010645], [121.5486348996726, 25.149587199461013], [121.54861260042031, 25.149541598939994], [121.54858009889573, 25.149518501113906], [121.54852180019691, 25.149490600130257], [121.54846190138487, 25.14946120008983], [121.5484022010365, 25.149496500911788], [121.54833610023522, 25.14952720069619], [121.5483296005505, 25.149529398751348], [121.54831950061103, 25.149602201257636], [121.54831329862179, 25.149712499833814], [121.54820480102211, 25.149916598939992], [121.54815030104172, 25.1500174989355], [121.54815230118324, 25.150029300498563], [121.54815649992995, 25.150032200359323], [121.5481774998655, 25.150033000417714]], [[121.5484483996543, 25.149629599748472], [121.54844460093591, 25.149661801396874], [121.54842120083052, 25.14968759977093], [121.54844790039418, 25.14973049974398], [121.54847759861963, 25.14972299884567], [121.54848839938388, 25.149700701077975], [121.54849569912521, 25.149667500058392], [121.54850480054442, 25.149631999923646], [121.54847989955763, 25.149611599838305], [121.5484483996543, 25.149629599748472]]]}}]}