{"type":"FeatureCollection","name":"臺北市士林區陽明里道路","attribution":"© OpenStreetMap contributors","license":"https://opendatacommons.org/licenses/odbl/","features":[{"type":"Feature","properties":{"osm_id":54777924,"name":"菁山路101巷71弄","highway":"tertiary","width_m":8.0},"geometry":{"type":"LineString","coordinates":[[121.55441633631007,25.15130438348782],[121.5541271,25.1510798],[121.5538153,25.1508774],[121.5536523,25.1507326],[121.5535571,25.1506355],[121.5529825,25.149875],[121.5528368,25.1497036],[121.5527569,25.1496554],[121.5526499,25.1496368],[121.5525721,25.1496656],[121.5524599,25.1497473],[121.5523355,25.1497959],[121.552256,25.1498151],[121.5521476,25.1498025],[121.5520158,25.1497031],[121.5518597,25.1496678],[121.551744,25.1496906],[121.5516532,25.1497278],[121.5515448,25.1498504]]}},{"type":"Feature","properties":{"osm_id":135871653,"name":"長春街2巷","highway":"service","width_m":3.8},"geometry":{"type":"LineString","coordinates":[[121.544396,25.1378422],[121.5444152,25.1377947],[121.5446851,25.1371283]]}},{"type":"Feature","properties":{"osm_id":135871656,"name":"光華路","highway":"residential","width_m":5.0},"geometry":{"type":"LineString","coordinates":[[121.5459978,25.1369035],[121.5457911,25.136849],[121.5456914,25.1369557],[121.5456403,25.1370099],[121.5454686,25.1373005],[121.5454208,25.1373674],[121.5452899,25.1375509],[121.5452261,25.1376404],[121.5450864,25.1378705],[121.5450089,25.1379788],[121.5449669,25.1379894],[121.5445847,25.1379056],[121.544396,25.1378422]]}},{"type":"Feature","properties":{"osm_id":135871657,"name":"光華路26巷2弄","highway":"residential","width_m":5.0},"geometry":{"type":"LineString","coordinates":[[121.5420257,25.1374029],[121.5419118,25.1376398],[121.5418179,25.1378446]]}},{"type":"Feature","properties":{"osm_id":135871658,"name":"愛富二街厚生巷","highway":"residential","width_m":5.0},"geometry":{"type":"LineString","coordinates":[[121.5457641,25.1397012],[121.5460112,25.1389437]]}},{"type":"Feature","properties":{"osm_id":135871659,"name":"","highway":"service","width_m":3.8},"geometry":{"type":"LineString","coordinates":[[121.5403581,25.1375869],[121.5411075,25.1378409]]}},{"type":"Feature","properties":{"osm_id":135871663,"name":"","highway":"service","width_m":3.8},"geometry":{"type":"LineString","coordinates":[[121.5482599,25.1425166],[121.5485271,25.1420336]]}},{"type":"Feature","properties":{"osm_id":135871665,"name":"","highway":"service","width_m":3.8},"geometry":{"type":"LineString","coordinates":[[121.5476863,25.1427981],[121.5477919,25.1425993],[121.5479175,25.1423628]]}},{"type":"Feature","properties":{"osm_id":135871672,"name":"荀子大道(仇人坡)","highway":"pedestrian","width_m":3.0},"geometry":{"type":"LineString","coordinates":[[121.5407894,25.1365896],[121.541549,25.136881]]}},{"type":"Feature","properties":{"osm_id":135871674,"name":"格致路20巷","highway":"service","width_m":3.8},"geometry":{"type":"LineString","coordinates":[[121.5478961,25.1370425],[121.5477193,25.1371263],[121.5474112,25.1373],[121.5473068,25.137169],[121.5471519,25.136823],[121.5470852,25.1366679],[121.5470004,25.1364709],[121.5468943,25.1363581],[121.5468011,25.1363406]]}},{"type":"Feature","properties":{"osm_id":135871676,"name":"愛富一街","highway":"living_street","width_m":4.0},"geometry":{"type":"LineString","coordinates":[[121.5455105,25.1389413],[121.5459725,25.1382289],[121.5465464,25.1382257]]}},{"type":"Feature","properties":{"osm_id":135871677,"name":"愛富三街","highway":"residential","width_m":5.0},"geometry":{"type":"LineString","coordinates":[[121.5463635,25.1396335],[121.5461919,25.1396941],[121.5458709,25.1396841],[121.5457641,25.1397012],[121.5456736,25.1396781],[121.545524,25.139626],[121.5441495,25.1391124],[121.5440823,25.139055],[121.5440718,25.1390302]]}},{"type":"Feature","properties":{"osm_id":135871678,"name":"長春街","highway":"service","width_m":3.8},"geometry":{"type":"LineString","coordinates":[[121.5454208,25.1373674],[121.5448388,25.1371782],[121.5446851,25.1371283],[121.5440928,25.1369245],[121.5437054,25.1367912],[121.5436347,25.1367805],[121.5435117,25.1368018],[121.5434579,25.1368369],[121.5434141,25.1368857],[121.5431864,25.137363],[121.543157,25.1374245]]}},{"type":"Feature","properties":{"osm_id":135871679,"name":"建業路11巷","highway":"service","width_m":3.8},"geometry":{"type":"LineString","coordinates":[[121.547863,25.1353724],[121.5476812,25.1354757],[121.547544,25.1357231],[121.5474524,25.1359487],[121.5474111,25.1360163]]}},{"type":"Feature","properties":{"osm_id":135871681,"name":"中庸一路35巷","highway":"service","width_m":3.8},"geometry":{"type":"LineString","coordinates":[[121.5494802,25.1341588],[121.5496675,25.1341322],[121.5497841,25.1341126],[121.5498659,25.1340798],[121.5499249,25.1340713],[121.5500027,25.1340664],[121.5504412,25.1340895],[121.5504855,25.1340847],[121.5505189,25.1340775],[121.5505338,25.1339741],[121.5505427,25.1339094],[121.5504424,25.1330498],[121.550405,25.1328256]]}},{"type":"Feature","properties":{"osm_id":135871682,"name":"仰德大道四段160巷","highway":"residential","width_m":5.0},"geometry":{"type":"LineString","coordinates":[[121.5465957,25.134184],[121.5465154,25.134252],[121.5458251,25.1342465]]}},{"type":"Feature","properties":{"osm_id":135871683,"name":"","highway":"service","width_m":3.8},"geometry":{"type":"LineString","coordinates":[[121.5400653,25.135639],[121.5399963,25.1358232],[121.5399832,25.1358581],[121.5399979,25.13598],[121.5400632,25.1360964],[121.540141,25.1362353],[121.540129,25.1363533]]}},{"type":"Feature","properties":{"osm_id":135871685,"name":"中庸一路14巷","highway":"residential","width_m":5.0},"geometry":{"type":"LineString","coordinates":[[121.5479816,25.1329734],[121.548451,25.1329622],[121.5484483,25.1330083],[121.5484413,25.1333356],[121.5484294,25.1335482],[121.5484413,25.1335719],[121.5484663,25.1335746],[121.5485668,25.1335492],[121.5486069,25.1335542],[121.5486661,25.1336153],[121.5490302,25.1342458],[121.5491024,25.1343531]]}},{"type":"Feature","properties":{"osm_id":135871686,"name":"","highway":"service","width_m":3.8},"geometry":{"type":"LineString","coordinates":[[121.548555,25.1370419],[121.5487748,25.1367759],[121.5488982,25.1366218],[121.5489016,25.136573],[121.5487719,25.1364099],[121.5486827,25.1361539],[121.5486791,25.1360557]]}},{"type":"Feature","properties":{"osm_id":135871687,"name":"","highway":"residential","width_m":5.0},"geometry":{"type":"LineString","coordinates":[[121.5459978,25.1369035],[121.5463346,25.136706]]}},{"type":"Feature","properties":{"osm_id":135871690,"name":"","highway":"service","width_m":3.8},"geometry":{"type":"LineString","coordinates":[[121.5478439,25.1423056],[121.5480789,25.1419174]]}},{"type":"Feature","properties":{"osm_id":135871691,"name":"凱旋路","highway":"service","width_m":3.8},"geometry":{"type":"LineString","coordinates":[[121.5403416,25.1361267],[121.5415483,25.1364127],[121.5416163,25.1364288],[121.5417109,25.1364532],[121.5417777,25.1364609]]}},{"type":"Feature","properties":{"osm_id":135871693,"name":"中庸一路16巷","highway":"service","width_m":3.8},"geometry":{"type":"LineString","coordinates":[[121.5488703,25.1334266],[121.549035,25.1336943],[121.549374,25.134207]]}},{"type":"Feature","properties":{"osm_id":135871696,"name":"","highway":"residential","width_m":5.0},"geometry":{"type":"LineString","coordinates":[[121.5456095,25.1404263],[121.5453468,25.1399719],[121.5452737,25.1399264],[121.5447736,25.1397498]]}},{"type":"Feature","properties":{"osm_id":135871697,"name":"仁民路","highway":"residential","width_m":5.0},"geometry":{"type":"LineString","coordinates":[[121.545107,25.130432],[121.5450512,25.1305867],[121.5449398,25.1308171],[121.5448493,25.1310053],[121.5446206,25.1312725],[121.54459101547413,25.131375704855373]]}},{"type":"Feature","properties":{"osm_id":135871697,"name":"仁民路","highway":"residential","width_m":5.0},"geometry":{"type":"LineString","coordinates":[[121.54453011031518,25.13164194205344],[121.5445308,25.1317003],[121.5443366,25.1320505],[121.54399269271205,25.132501773465634]]}},{"type":"Feature","properties":{"osm_id":135871697,"name":"仁民路","highway":"residential","width_m":5.0},"geometry":{"type":"LineString","coordinates":[[121.54396256372125,25.132541308580397],[121.5437831,25.1327768],[121.5436124,25.1329513],[121.5429258,25.1335425],[121.5427817,25.133599],[121.5428826,25.1338163],[121.5430237,25.1339125],[121.5432523,25.1340684],[121.5433514,25.1340964],[121.5434827,25.1341162],[121.5438044,25.1340902],[121.5439311,25.1339643],[121.5439631,25.1339578],[121.5454431,25.1342453],[121.545494,25.1342392],[121.5455318,25.1342147],[121.5456368,25.1340974],[121.5456836,25.1340656],[121.5457613,25.1340411],[121.5458372,25.1340361]]}},{"type":"Feature","properties":{"osm_id":135871716,"name":"","highway":"service","width_m":3.8},"geometry":{"type":"LineString","coordinates":[[121.5500905,25.1346714],[121.5499888,25.1344954],[121.5499788,25.1344969],[121.5499284,25.134418],[121.5498015,25.1342619],[121.5496675,25.1341322]]}},{"type":"Feature","properties":{"osm_id":135871723,"name":"中華路","highway":"service","width_m":3.8},"geometry":{"type":"LineString","coordinates":[[121.5444152,25.1335226],[121.5453226,25.1337071],[121.5457436,25.1337452],[121.5458996,25.1337525]]}},{"type":"Feature","properties":{"osm_id":135871728,"name":"國泰街","highway":"residential","width_m":5.0},"geometry":{"type":"LineString","coordinates":[[121.542307,25.1375093],[121.5425379,25.1369525],[121.5436453,25.1357881]]}},{"type":"Feature","properties":{"osm_id":135871738,"name":"長春街4巷","highway":"service","width_m":3.8},"geometry":{"type":"LineString","coordinates":[[121.5437781,25.1376379],[121.5437963,25.1375965],[121.5440928,25.1369245]]}},{"type":"Feature","properties":{"osm_id":135871739,"name":"","highway":"service","width_m":3.8},"geometry":{"type":"LineString","coordinates":[[121.5460915,25.1356577],[121.5460053,25.1356375],[121.5459536,25.1356199],[121.5459008,25.1355868],[121.5458588,25.1353497],[121.5459223,25.1353029],[121.5460093,25.1352748]]}},{"type":"Feature","properties":{"osm_id":135871740,"name":"格致路20巷","highway":"service","width_m":3.8},"geometry":{"type":"LineString","coordinates":[[121.5470852,25.1366679],[121.5477258,25.1366325]]}},{"type":"Feature","properties":{"osm_id":135871741,"name":"老子大道","highway":"service","width_m":3.8},"geometry":{"type":"LineString","coordinates":[[121.5404046,25.1374537],[121.5403581,25.1375869]]}},{"type":"Feature","properties":{"osm_id":135871743,"name":"大亨路","highway":"service","width_m":3.8},"geometry":{"type":"LineString","coordinates":[[121.5492685,25.1428955],[121.5488031,25.1427485],[121.548732,25.1427121],[121.5482599,25.1425166],[121.5479175,25.1423628],[121.5478439,25.1423056],[121.547208,25.1420301]]}},{"type":"Feature","properties":{"osm_id":135871746,"name":"","highway":"service","width_m":3.8},"geometry":{"type":"LineString","coordinates":[[121.5475918,25.1337512],[121.547878,25.1336048],[121.5478948,25.1335545],[121.5478825,25.1333969],[121.5479052,25.1333622],[121.5484413,25.1333356]]}},{"type":"Feature","properties":{"osm_id":135871748,"name":"和平路","highway":"residential","width_m":5.0},"geometry":{"type":"LineString","coordinates":[[121.5494328,25.1403365],[121.5492587,25.1402664],[121.549048,25.1401833],[121.5487796,25.1400939],[121.5483687,25.1399283],[121.5482949,25.1398278],[121.5481106,25.1395228],[121.5480405,25.1394255],[121.547909,25.1393569],[121.5473823,25.1392117],[121.5470846,25.1391445],[121.5467951,25.1390791],[121.5465428,25.1390221],[121.5464383,25.1389827]]}},{"type":"Feature","properties":{"osm_id":135871751,"name":"","highway":"service","width_m":3.8},"geometry":{"type":"LineString","coordinates":[[121.5492141,25.1326829],[121.5494354,25.133494],[121.5494394,25.1335449],[121.5494099,25.1335644],[121.549035,25.1336943]]}},{"type":"Feature","properties":{"osm_id":135930121,"name":"","highway":"service","width_m":3.8},"geometry":{"type":"LineString","coordinates":[[121.55056061169827,25.151801116722336],[121.55064042153347,25.15182684635006]]}},{"type":"Feature","properties":{"osm_id":135930121,"name":"","highway":"service","width_m":3.8},"geometry":{"type":"LineString","coordinates":[[121.55065707929404,25.151829270291145],[121.5506996,25.1518334],[121.55071730322193,25.15183803372923]]}},{"type":"Feature","properties":{"osm_id":135930121,"name":"","highway":"service","width_m":3.8},"geometry":{"type":"LineString","coordinates":[[121.55093455329343,25.151935156725692],[121.5509792,25.1519606],[121.551153,25.1521263],[121.551585,25.15258],[121.5518266,25.1528933],[121.5520984,25.1532478],[121.5523221,25.1534648],[121.5526295,25.1537005],[121.5529145,25.153917],[121.5529718,25.153983],[121.55299869373623,25.15405309159828]]}},{"type":"Feature","properties":{"osm_id":135930125,"name":"陽明路一段24巷3弄","highway":"residential","width_m":5.0},"geometry":{"type":"LineString","coordinates":[[121.5497446,25.1486318],[121.5499613,25.1493607]]}},{"type":"Feature","properties":{"osm_id":135930137,"name":"","highway":"service","width_m":3.8},"geometry":{"type":"LineString","coordinates":[[121.5499167,25.1495112],[121.5496834,25.1496633],[121.54962034704393,25.14974838054723]]}},{"type":"Feature","properties":{"osm_id":135930147,"name":"陽明路一段24巷","highway":"residential","width_m":5.0},"geometry":{"type":"LineString","coordinates":[[121.5501653,25.1484749],[121.5497446,25.1486318],[121.5496874,25.1486525],[121.5494858,25.1487742],[121.5493773,25.148865]]}},{"type":"Feature","properties":{"osm_id":135930152,"name":"菁山路72巷20弄","highway":"service","width_m":3.8},"geometry":{"type":"LineString","coordinates":[[121.5522196,25.1392808],[121.5521025,25.1392668],[121.5519703,25.1392249],[121.5513244,25.1390354],[121.5512746,25.1390419],[121.551152,25.1392705]]}},{"type":"Feature","properties":{"osm_id":135930157,"name":"菁山路99巷","highway":"residential","width_m":5.0},"geometry":{"type":"LineString","coordinates":[[121.55242384143371,25.143799148120547],[121.5524156,25.1438001],[121.5522399,25.1438487],[121.5520691,25.1438928],[121.551993,25.1439204],[121.5519715,25.1439282],[121.55196165626735,25.14393796682849]]}},{"type":"Feature","properties":{"osm_id":195756555,"name":"孔子大道","highway":"service","width_m":3.8},"geometry":{"type":"LineString","coordinates":[[121.5393033,25.1357483],[121.5393204,25.1358823],[121.5391909,25.136316],[121.5391603,25.1363935],[121.5391214,25.136461],[121.5389318,25.1368105],[121.5388567,25.1369404],[121.5387611,25.1370982]]}},{"type":"Feature","properties":{"osm_id":195756557,"name":"凱旋路61巷","highway":"residential","width_m":5.0},"geometry":{"type":"LineString","coordinates":[[121.5419799,25.1354379],[121.5419975,25.1354521],[121.5419949,25.1354803],[121.5418876,25.1359538],[121.5417777,25.1364609]]}},{"type":"Feature","properties":{"osm_id":195756561,"name":"華岡路","highway":"living_street","width_m":4.0},"geometry":{"type":"LineString","coordinates":[[121.541549,25.136881],[121.5414085,25.1371552],[121.5412846,25.1374056],[121.5411882,25.1376271],[121.5411654,25.1376827],[121.5411075,25.1378409]]}},{"type":"Feature","properties":{"osm_id":195762015,"name":"華岡路","highway":"service","width_m":3.8},"geometry":{"type":"LineString","coordinates":[[121.5382738,25.1365829],[121.538233,25.1364755],[121.53821371873047,25.136436865110973]]}},{"type":"Feature","properties":{"osm_id":195762015,"name":"華岡路","highway":"service","width_m":3.8},"geometry":{"type":"LineString","coordinates":[[121.53817166731187,25.136348485423497],[121.5381404,25.1362698],[121.538058,25.1362175],[121.5379364,25.136148],[121.5378361,25.136113],[121.537774,25.1360879],[121.5377514,25.1360636],[121.5377107,25.1359893],[121.537704,25.1358978],[121.5377621,25.1357311],[121.5377964,25.1356556],[121.5378676,25.1354434]]}},{"type":"Feature","properties":{"osm_id":195762016,"name":"荀子大道(仇人坡)","highway":"pedestrian","width_m":3.0},"geometry":{"type":"LineString","coordinates":[[121.540129,25.1363533],[121.5407894,25.1365896]]}},{"type":"Feature","properties":{"osm_id":195762017,"name":"愛富三街","highway":"living_street","width_m":4.0},"geometry":{"type":"LineString","coordinates":[[121.5440718,25.1390302],[121.5440669,25.1389602],[121.5441817,25.1386376]]}},{"type":"Feature","properties":{"osm_id":195762018,"name":"","highway":"footway","width_m":1.8},"geometry":{"type":"LineString","coordinates":[[121.5387832,25.1361714],[121.5386741,25.1364058],[121.5384869,25.136781]]}},{"type":"Feature","properties":{"osm_id":195762019,"name":"玄奘路","highway":"footway","width_m":1.8},"geometry":{"type":"LineString","coordinates":[[121.5385264,25.1360752],[121.5387832,25.1361714],[121.5389786,25.136238],[121.5391909,25.136316]]}},{"type":"Feature","properties":{"osm_id":195762020,"name":"曾子路","highway":"pedestrian","width_m":3.0},"geometry":{"type":"LineString","coordinates":[[121.5391603,25.1363935],[121.5395677,25.1365467],[121.5397313,25.1366092],[121.5399822,25.136702]]}},{"type":"Feature","properties":{"osm_id":195762021,"name":"朱子路","highway":"service","width_m":3.8},"geometry":{"type":"LineString","coordinates":[[121.5393204,25.1358823],[121.5394448,25.1359072],[121.5396002,25.135956],[121.53982,25.1360204],[121.5398813,25.1360395],[121.5400632,25.1360964]]}},{"type":"Feature","properties":{"osm_id":195762022,"name":"","highway":"service","width_m":3.8},"geometry":{"type":"LineString","coordinates":[[121.5407894,25.1365896],[121.5404046,25.1374537]]}},{"type":"Feature","properties":{"osm_id":195762023,"name":"光華路26巷","highway":"residential","width_m":5.0},"geometry":{"type":"LineString","coordinates":[[121.5414085,25.1371552],[121.5420257,25.1374029],[121.542307,25.1375093]]}},{"type":"Feature","properties":{"osm_id":195762024,"name":"愛富二街","highway":"living_street","width_m":4.0},"geometry":{"type":"LineString","coordinates":[[121.5464383,25.1389827],[121.5463274,25.1389485],[121.5460112,25.1389437],[121.5455105,25.1389413],[121.5445952,25.1387299],[121.5441817,25.1386376]]}},{"type":"Feature","properties":{"osm_id":195762025,"name":"樂生巷","highway":"residential","width_m":5.0},"geometry":{"type":"LineString","coordinates":[[121.5441817,25.1386376],[121.5442058,25.1385754],[121.5443116,25.1382055],[121.5443741,25.1381643],[121.5444382,25.1381645],[121.5446549,25.1382183],[121.5446967,25.1382632],[121.544698,25.1383386],[121.5445952,25.1387299]]}},{"type":"Feature","properties":{"osm_id":195762026,"name":"華岡路","highway":"living_street","width_m":4.0},"geometry":{"type":"LineString","coordinates":[[121.5441817,25.1386376],[121.5440171,25.1386085],[121.5438249,25.138519],[121.5437045,25.138463],[121.5435726,25.1384021],[121.5435562,25.1383945],[121.5428148,25.1380682],[121.5425054,25.1379859],[121.542042,25.1379281],[121.5418795,25.1379569],[121.5417303,25.137959],[121.5414803,25.1379467],[121.5412985,25.1379011],[121.5411075,25.1378409]]}},{"type":"Feature","properties":{"osm_id":195762027,"name":"華岡路1巷","highway":"residential","width_m":5.0},"geometry":{"type":"LineString","coordinates":[[121.542307,25.1375093],[121.542601,25.1376047],[121.5428637,25.1376958],[121.5434091,25.1378744]]}},{"type":"Feature","properties":{"osm_id":195762029,"name":"華岡路47巷","highway":"living_street","width_m":4.0},"geometry":{"type":"LineString","coordinates":[[121.542042,25.1379281],[121.5419094,25.1378761],[121.5418179,25.1378446],[121.5412415,25.1376452],[121.541199,25.1376308],[121.5411882,25.1376271]]}},{"type":"Feature","properties":{"osm_id":195837555,"name":"","highway":"residential","width_m":5.0},"geometry":{"type":"LineString","coordinates":[[121.5447736,25.1397498],[121.5447862,25.139854],[121.5450319,25.1403662],[121.5450816,25.1404188],[121.5451701,25.1404368],[121.5456095,25.1404263],[121.5456799,25.1404164],[121.5457745,25.140389],[121.5458428,25.14033],[121.5458505,25.1402497],[121.5456753,25.1398245],[121.545661,25.1397422],[121.5456736,25.1396781]]}},{"type":"Feature","properties":{"osm_id":195837558,"name":"建業路","highway":"residential","width_m":5.0},"geometry":{"type":"LineString","coordinates":[[121.5460915,25.1356577],[121.5473453,25.1353223],[121.5476157,25.135283],[121.5477252,25.1353002],[121.547863,25.1353724],[121.5479377,25.1354088],[121.5481706,25.1356518],[121.5482893,25.1357773],[121.5483701,25.1358627],[121.5483912,25.135885],[121.5485664,25.1359889],[121.5486791,25.1360557],[121.5494504,25.1364664],[121.5495118,25.1364991],[121.5497425,25.1366254],[121.5498847,25.1367225],[121.5500241,25.1369022],[121.5502218,25.1372305],[121.5503102,25.1374]]}},{"type":"Feature","properties":{"osm_id":195837559,"name":"","highway":"residential","width_m":5.0},"geometry":{"type":"LineString","coordinates":[[121.5447736,25.1397498],[121.5444613,25.139708],[121.5442278,25.1396453]]}},{"type":"Feature","properties":{"osm_id":225049945,"name":"","highway":"path","width_m":1.5},"geometry":{"type":"LineString","coordinates":[[121.5436432,25.1415901],[121.5436635,25.141614],[121.5437181,25.1416366],[121.5437835,25.1416342],[121.5440821,25.1415676],[121.5441554,25.141562],[121.5442197,25.1415786],[121.54433171999656,25.141708632514284]]}},{"type":"Feature","properties":{"osm_id":225049946,"name":"愛富三街12巷","highway":"unclassified","width_m":6.0},"geometry":{"type":"LineString","coordinates":[[121.5436002,25.1409137],[121.5435079,25.1410959],[121.5434781,25.1411876],[121.5434704,25.1412376],[121.5434758,25.1413156],[121.5435174,25.1414474],[121.5435713,25.141558],[121.5436432,25.1415901]]}},{"type":"Feature","properties":{"osm_id":225049949,"name":"","highway":"track","width_m":2.5},"geometry":{"type":"LineString","coordinates":[[121.5436432,25.1415901],[121.5437596,25.141582],[121.5438422,25.1415565],[121.5442378,25.1414106],[121.5446388,25.1412698],[121.5448721,25.1412024],[121.5450512,25.1411611],[121.5451618,25.141146],[121.5453174,25.1411788],[121.5454602,25.1412376],[121.5456031,25.1413141],[121.5456232,25.1413748],[121.5456185,25.1414191],[121.5456694,25.1414604],[121.5457405,25.1414562],[121.5459095,25.1414349]]}},{"type":"Feature","properties":{"osm_id":242712989,"name":"","highway":"footway","width_m":1.8},"geometry":{"type":"LineString","coordinates":[[121.542661,25.1415104],[121.5426917,25.1415651],[121.5427507,25.1416637]]}},{"type":"Feature","properties":{"osm_id":262794533,"name":"仰德大道三段","highway":"primary","width_m":12.0},"geometry":{"type":"LineString","coordinates":[[121.5480909,25.1285948],[121.5482862,25.1282924],[121.5483968,25.1281177],[121.5485831,25.1278057],[121.54861449586895,25.127750711469787]]}},{"type":"Feature","properties":{"osm_id":262794534,"name":"仰德大道四段","highway":"primary","width_m":12.0},"geometry":{"type":"LineString","coordinates":[[121.5460915,25.1356577],[121.5460093,25.1352748],[121.5459772,25.1351352],[121.5459659,25.1350859],[121.5459001,25.1347933],[121.5458447,25.1344942],[121.5458251,25.1342465],[121.5458297,25.1341668],[121.5458372,25.1340361],[121.5458728,25.1338509],[121.5458996,25.1337525],[121.5460881,25.1332342],[121.5463046,25.1327005],[121.5465097,25.1321575],[121.5466104,25.1318318],[121.546867,25.1311345],[121.5469644,25.1308799],[121.5470931,25.1305715],[121.5473292,25.13003],[121.5476913,25.1293229],[121.5477557,25.1291971],[121.5480403,25.1286901],[121.5480909,25.1285948]]}},{"type":"Feature","properties":{"osm_id":262794535,"name":"格致路","highway":"primary","width_m":12.0},"geometry":{"type":"LineString","coordinates":[[121.54916169450165,25.146729109441914],[121.5491992,25.1466742],[121.5492295,25.1466243],[121.5492581,25.1465744]]}},{"type":"Feature","properties":{"osm_id":262794536,"name":"陽明路一段","highway":"primary","width_m":12.0},"geometry":{"type":"LineString","coordinates":[[121.5500692,25.1512336],[121.55003108001574,25.151147143030173]]}},{"type":"Feature","properties":{"osm_id":262794536,"name":"陽明路一段","highway":"primary","width_m":12.0},"geometry":{"type":"LineString","coordinates":[[121.54997626358673,25.150748370335073],[121.54997842585512,25.15068714255801]]}},{"type":"Feature","properties":{"osm_id":262794536,"name":"陽明路一段","highway":"primary","width_m":12.0},"geometry":{"type":"LineString","coordinates":[[121.54994129529891,25.150099972301685],[121.5499164,25.1500576],[121.5498606,25.149978],[121.549793,25.1499131],[121.5496924304329,25.14983886163219]]}},{"type":"Feature","properties":{"osm_id":262964938,"name":"陽明路一段","highway":"primary","width_m":12.0},"geometry":{"type":"LineString","coordinates":[[121.54938738750114,25.148934355598918],[121.5493773,25.148865],[121.5493594,25.1486725],[121.5493691,25.1484441],[121.5492015,25.1480431],[121.5491185,25.1478105],[121.5490818,25.1474523],[121.5490462,25.14712],[121.54904639517292,25.147114889193052]]}},{"type":"Feature","properties":{"osm_id":262965038,"name":"湖山路一段","highway":"primary","width_m":12.0},"geometry":{"type":"LineString","coordinates":[[121.55005546025949,25.151236465366804],[121.5500692,25.1512336]]}},{"type":"Feature","properties":{"osm_id":262967776,"name":"菁山路","highway":"tertiary","width_m":8.0},"geometry":{"type":"LineString","coordinates":[[121.55352700120369,25.14236335547463],[121.553378,25.1423436],[121.5531303,25.1422515],[121.552916,25.1421559],[121.5527958,25.1420076],[121.5527344,25.1419084],[121.5527298,25.1416802],[121.5528012,25.1416079],[121.5528834,25.1415417],[121.5529246,25.1414539],[121.5529135,25.1413566],[121.5528116,25.1412425],[121.5526024,25.1411162],[121.5523583,25.1409778],[121.5522698,25.140871],[121.5517989,25.1401984],[121.5516881,25.1400892],[121.5514527,25.1399556],[121.5499577,25.1392854],[121.5497539,25.1391883],[121.5496738,25.1391611],[121.549196,25.1389989],[121.5478817,25.1384841],[121.547321,25.138231],[121.5466893,25.137954],[121.5465539,25.1379038]]}},{"type":"Feature","properties":{"osm_id":263156309,"name":"格致路","highway":"primary","width_m":12.0},"geometry":{"type":"LineString","coordinates":[[121.5465539,25.1379038],[121.5465467,25.1377692],[121.5465282,25.1376521],[121.546509,25.1375305],[121.5464403,25.1372098],[121.5463926,25.1369893],[121.5463346,25.136706]]}},{"type":"Feature","properties":{"osm_id":264073859,"name":"格致路","highway":"primary","width_m":12.0},"geometry":{"type":"LineString","coordinates":[[121.5464383,25.1389827],[121.5464898,25.1388257],[121.5465372,25.1386099],[121.5465406,25.1385155],[121.5465469,25.1383351],[121.5465464,25.1382257],[121.5465539,25.1379038]]}},{"type":"Feature","properties":{"osm_id":295177315,"name":"","highway":"service","width_m":3.8},"geometry":{"type":"LineString","coordinates":[[121.5404046,25.1374537],[121.5397791,25.1371803]]}},{"type":"Feature","properties":{"osm_id":295177316,"name":"釋迦大道","highway":"service","width_m":3.8},"geometry":{"type":"LineString","coordinates":[[121.5397791,25.1371803],[121.5398021,25.1371228],[121.5398653,25.1369651],[121.5399822,25.136702],[121.540129,25.1363533]]}},{"type":"Feature","properties":{"osm_id":295177317,"name":"釋迦大道","highway":"service","width_m":3.8},"geometry":{"type":"LineString","coordinates":[[121.5397791,25.1371803],[121.53967205236833,25.1374632246909]]}},{"type":"Feature","properties":{"osm_id":295177368,"name":"孔子大道","highway":"service","width_m":3.8},"geometry":{"type":"LineString","coordinates":[[121.5393033,25.1357483],[121.5393819,25.1356422],[121.5394339,25.135546],[121.5395049,25.1354109],[121.53962391840433,25.135231751307902]]}},{"type":"Feature","properties":{"osm_id":295177368,"name":"孔子大道","highway":"service","width_m":3.8},"geometry":{"type":"LineString","coordinates":[[121.53964039625663,25.135206948541427],[121.5397636,25.1350215],[121.53982907228664,25.134860442371814]]}},{"type":"Feature","properties":{"osm_id":295177376,"name":"陽明路","highway":"service","width_m":3.8},"geometry":{"type":"LineString","coordinates":[[121.5387821,25.135607],[121.5388457,25.1356186],[121.5393033,25.1357483]]}},{"type":"Feature","properties":{"osm_id":295177395,"name":"老子大道","highway":"service","width_m":3.8},"geometry":{"type":"LineString","coordinates":[[121.5382738,25.1365829],[121.5385264,25.1360752],[121.5387366,25.1356416],[121.5387821,25.135607]]}},{"type":"Feature","properties":{"osm_id":295177396,"name":"華岡路","highway":"service","width_m":3.8},"geometry":{"type":"LineString","coordinates":[[121.5403581,25.1375869],[121.53999361421472,25.137542620892237]]}},{"type":"Feature","properties":{"osm_id":295177396,"name":"華岡路","highway":"service","width_m":3.8},"geometry":{"type":"LineString","coordinates":[[121.53946938246953,25.137413183865878],[121.5388997,25.1371893],[121.5387611,25.1370982],[121.5386778,25.1370203],[121.5385331,25.1368298],[121.5384869,25.136781],[121.5382738,25.1365829]]}},{"type":"Feature","properties":{"osm_id":327370211,"name":"新園街","highway":"residential","width_m":5.0},"geometry":{"type":"LineString","coordinates":[[121.5513211,25.1503657],[121.5516456,25.1503174],[121.5517636,25.1502952],[121.5518537,25.1503092],[121.5520873,25.1503811],[121.5521938,25.1504199],[121.5523213,25.1504616],[121.5524965,25.1505335],[121.5525327,25.1505672],[121.5525405,25.1507571],[121.5525552,25.1507975],[121.5525881,25.1508582],[121.5526805,25.1509783],[121.5528893,25.1511813],[121.5531063,25.1513709],[121.5532159,25.1514752],[121.5532762,25.1515077],[121.5534413,25.1515969],[121.5535336,25.1516395],[121.5535853,25.1516739],[121.5536523,25.1517288],[121.5537189,25.1517734],[121.553745,25.1517926],[121.5539615,25.1518919],[121.5542103,25.1520082],[121.5543099,25.1521401],[121.5544099,25.1522657],[121.5544902,25.1523311],[121.554767,25.1525413],[121.5548539,25.15261],[121.5548979,25.1526874],[121.555008,25.1529034],[121.5552292,25.1532028],[121.5553391,25.1533339],[121.5553758,25.1534034]]}},{"type":"Feature","properties":{"osm_id":330745384,"name":"","highway":"unclassified","width_m":6.0},"geometry":{"type":"LineString","coordinates":[[121.5504311,25.1513951],[121.55024158274877,25.151494517311214]]}},{"type":"Feature","properties":{"osm_id":330745397,"name":"新園橋","highway":"unclassified","width_m":6.0},"geometry":{"type":"LineString","coordinates":[[121.5504906,25.1513546],[121.5504311,25.1513951]]}},{"type":"Feature","properties":{"osm_id":330745400,"name":"新園街","highway":"tertiary","width_m":8.0},"geometry":{"type":"LineString","coordinates":[[121.550186,25.1511877],[121.5500692,25.1512336]]}},{"type":"Feature","properties":{"osm_id":330745403,"name":"新園街","highway":"tertiary","width_m":8.0},"geometry":{"type":"LineString","coordinates":[[121.5512426,25.1503216],[121.5511883,25.1504016]]}},{"type":"Feature","properties":{"osm_id":330745406,"name":"新園街","highway":"tertiary","width_m":8.0},"geometry":{"type":"LineString","coordinates":[[121.5511883,25.1504016],[121.5511077,25.150516],[121.5510155,25.1506241],[121.5508401,25.1507837],[121.550186,25.1511877]]}},{"type":"Feature","properties":{"osm_id":330745410,"name":"新園街","highway":"unclassified","width_m":6.0},"geometry":{"type":"LineString","coordinates":[[121.5513211,25.1503657],[121.5512471,25.1504228],[121.5511638,25.1505822],[121.5510325,25.1507366],[121.5507883,25.1509273],[121.5506302,25.1510037],[121.5505671,25.1510425],[121.5505386,25.1511212],[121.5505133,25.1513367],[121.5504906,25.1513546]]}},{"type":"Feature","properties":{"osm_id":330745411,"name":"紗帽路磺溪小徑","highway":"footway","width_m":1.8},"geometry":{"type":"LineString","coordinates":[[121.54850222089986,25.14458869400977],[121.5486092,25.1446469],[121.548715,25.1447185],[121.5487582,25.1447695],[121.5487674,25.1448045],[121.5487667,25.1448397],[121.5487835,25.1448549],[121.5487879,25.1448883],[121.5487498,25.144945],[121.5487339,25.1450024],[121.5487199,25.1450269],[121.548637183725,25.145092952426346]]}},{"type":"Feature","properties":{"osm_id":371440719,"name":"第三水管橋","highway":"footway","width_m":1.8},"geometry":{"type":"LineString","coordinates":[[121.5432044,25.1421659],[121.54336817085843,25.142265512364244]]}},{"type":"Feature","properties":{"osm_id":372366232,"name":"光華路","highway":"residential","width_m":5.0},"geometry":{"type":"LineString","coordinates":[[121.544396,25.1378422],[121.5440089,25.137712],[121.5437781,25.1376379]]}},{"type":"Feature","properties":{"osm_id":372366233,"name":"光華路","highway":"residential","width_m":5.0},"geometry":{"type":"LineString","coordinates":[[121.5437781,25.1376379],[121.543226,25.1374605],[121.543157,25.1374245],[121.5431384,25.1374148],[121.543002,25.137299],[121.5428189,25.1371461],[121.5425379,25.1369525],[121.5420725,25.1365489]]}},{"type":"Feature","properties":{"osm_id":372366234,"name":"","highway":"path","width_m":1.5},"geometry":{"type":"LineString","coordinates":[[121.5452899,25.1375509],[121.5453417,25.1375833],[121.5452249,25.1377579],[121.5454567,25.13783],[121.5455965,25.1379101],[121.5458154,25.1379748],[121.5459406,25.1379714],[121.5461154,25.1378581],[121.5462894,25.1377887],[121.5465467,25.1377692]]}},{"type":"Feature","properties":{"osm_id":379991429,"name":"新園街12巷","highway":"footway","width_m":1.8},"geometry":{"type":"LineString","coordinates":[[121.5526805,25.1509783],[121.5527649,25.150959],[121.5528659,25.1509265],[121.5528872,25.1509093],[121.5529516,25.1508844],[121.5530381,25.1508069],[121.5530634,25.1507974]]}},{"type":"Feature","properties":{"osm_id":379991431,"name":"新園街51巷","highway":"residential","width_m":5.0},"geometry":{"type":"LineString","coordinates":[[121.5536523,25.1517288],[121.553465,25.1517389],[121.5532088,25.1518044]]}},{"type":"Feature","properties":{"osm_id":379991432,"name":"新園街39巷","highway":"footway","width_m":1.8},"geometry":{"type":"LineString","coordinates":[[121.5532159,25.1514752],[121.5531612,25.1516552],[121.5530502,25.1516495],[121.5529126,25.1516009],[121.5527367,25.1514561]]}},{"type":"Feature","properties":{"osm_id":379991433,"name":"新園街55巷5弄","highway":"path","width_m":1.5},"geometry":{"type":"LineString","coordinates":[[121.5529405,25.1518803],[121.5530472,25.1519259],[121.5531592,25.1519738],[121.5532504,25.151995],[121.5534525,25.1520107],[121.5536091,25.152043],[121.5535528,25.1521511]]}},{"type":"Feature","properties":{"osm_id":379991434,"name":"新園街55巷","highway":"footway","width_m":1.8},"geometry":{"type":"LineString","coordinates":[[121.553745,25.1517926],[121.5536547,25.1519647],[121.5536362,25.1520143],[121.5536091,25.152043]]}},{"type":"Feature","properties":{"osm_id":379991436,"name":"新園街55巷4弄","highway":"footway","width_m":1.8},"geometry":{"type":"LineString","coordinates":[[121.5540859,25.1522464],[121.5536362,25.1520143]]}},{"type":"Feature","properties":{"osm_id":379991437,"name":"新園街75巷","highway":"residential","width_m":5.0},"geometry":{"type":"LineString","coordinates":[[121.5542103,25.1520082],[121.5540859,25.1522464],[121.5540838,25.1522821],[121.5542703,25.152423],[121.5544099,25.1522657]]}},{"type":"Feature","properties":{"osm_id":379991438,"name":"新園街75巷","highway":"path","width_m":1.5},"geometry":{"type":"LineString","coordinates":[[121.5542703,25.152423],[121.5546304,25.1527143]]}},{"type":"Feature","properties":{"osm_id":379991439,"name":"","highway":"service","width_m":3.8},"geometry":{"type":"LineString","coordinates":[[121.5558439,25.1545609],[121.5557791,25.1546032],[121.555771,25.1546306],[121.5556677,25.1547032],[121.5556741,25.1547399]]}},{"type":"Feature","properties":{"osm_id":379991440,"name":"","highway":"path","width_m":1.5},"geometry":{"type":"LineString","coordinates":[[121.5555075,25.1543556],[121.5557629,25.1543222]]}},{"type":"Feature","properties":{"osm_id":379991441,"name":"","highway":"footway","width_m":1.8},"geometry":{"type":"LineString","coordinates":[[121.5530634,25.1507974],[121.5531303,25.1507568]]}},{"type":"Feature","properties":{"osm_id":379991442,"name":"新園街11巷","highway":"footway","width_m":1.8},"geometry":{"type":"LineString","coordinates":[[121.5525881,25.1508582],[121.5525021,25.1509081],[121.5524738,25.1509163],[121.5524112,25.1509073],[121.5522679,25.1508829]]}},{"type":"Feature","properties":{"osm_id":379991444,"name":"陽明路一段56巷","highway":"residential","width_m":5.0},"geometry":{"type":"LineString","coordinates":[[121.55001844861152,25.150159719317134],[121.5501377,25.1501164],[121.5505615,25.1499174]]}},{"type":"Feature","properties":{"osm_id":379991445,"name":"陽明路一段2巷","highway":"residential","width_m":5.0},"geometry":{"type":"LineString","coordinates":[[121.5492295,25.1466243],[121.5494539,25.1466621],[121.5495962,25.1467394],[121.5496694,25.1468203],[121.5496897,25.1469087],[121.5497861,25.1471431]]}},{"type":"Feature","properties":{"osm_id":379991446,"name":"陽明路一段24巷","highway":"path","width_m":1.5},"geometry":{"type":"LineString","coordinates":[[121.5501653,25.1484749],[121.5502239,25.1484191],[121.5502393,25.1483159],[121.5502085,25.1482406],[121.5500668,25.1481653],[121.5499004,25.1479394]]}},{"type":"Feature","properties":{"osm_id":379991447,"name":"陽明路一段48巷","highway":"footway","width_m":1.8},"geometry":{"type":"LineString","coordinates":[[121.5498606,25.149978],[121.5501186,25.1498452],[121.550106,25.1498162],[121.5505241,25.1495916]]}},{"type":"Feature","properties":{"osm_id":379991450,"name":"格致路251巷","highway":"residential","width_m":5.0},"geometry":{"type":"LineString","coordinates":[[121.5496694,25.1456269],[121.5494113,25.145626],[121.5493234,25.1456193],[121.5492671,25.1455756],[121.5492275,25.1454779]]}},{"type":"Feature","properties":{"osm_id":379991451,"name":"","highway":"service","width_m":3.8},"geometry":{"type":"LineString","coordinates":[[121.5489908,25.1436087],[121.5491658,25.1436669],[121.5492785,25.1437009],[121.5493911,25.1437689],[121.5495038,25.1438612],[121.5495494,25.1439134],[121.5495494,25.1440178],[121.5494903,25.1441841]]}},{"type":"Feature","properties":{"osm_id":379991452,"name":"","highway":"residential","width_m":5.0},"geometry":{"type":"LineString","coordinates":[[121.5489908,25.1436087],[121.5488968,25.1435818]]}},{"type":"Feature","properties":{"osm_id":379991453,"name":"","highway":"residential","width_m":5.0},"geometry":{"type":"LineString","coordinates":[[121.5490657,25.1434053],[121.5489774,25.1433767],[121.5488968,25.1435818],[121.5487883,25.143825],[121.548758,25.1439751],[121.5487767,25.1441062],[121.5489284,25.1443598]]}},{"type":"Feature","properties":{"osm_id":379991454,"name":"","highway":"service","width_m":3.8},"geometry":{"type":"LineString","coordinates":[[121.547208,25.1420301],[121.5468534,25.1418222]]}},{"type":"Feature","properties":{"osm_id":379991456,"name":"","highway":"service","width_m":3.8},"geometry":{"type":"LineString","coordinates":[[121.548732,25.1427121],[121.5488299,25.14253],[121.5488339,25.1424875],[121.5487642,25.1424462]]}},{"type":"Feature","properties":{"osm_id":379991457,"name":"","highway":"service","width_m":3.8},"geometry":{"type":"LineString","coordinates":[[121.5494666,25.1423982],[121.549083,25.1422438]]}},{"type":"Feature","properties":{"osm_id":379991458,"name":"格致路166巷","highway":"service","width_m":3.8},"geometry":{"type":"LineString","coordinates":[[121.5499343,25.1410628],[121.5500858,25.1410555],[121.5502179,25.1410739],[121.5504334,25.1410003],[121.5505655,25.1408844],[121.550661,25.1408531],[121.5508196,25.1408476],[121.5509212,25.140877],[121.5509863,25.1408807],[121.5510432,25.1408512],[121.5510798,25.1407942],[121.5511326,25.140785],[121.5511774,25.1408181],[121.5511794,25.1408788],[121.5511855,25.1409543],[121.5512322,25.1410205],[121.551592,25.1413113],[121.5515941,25.1414346],[121.5516327,25.1414971],[121.5518441,25.1416811],[121.5518339,25.1417511]]}},{"type":"Feature","properties":{"osm_id":380477534,"name":"福壽橋","highway":"primary","width_m":12.0},"geometry":{"type":"LineString","coordinates":[[121.5492581,25.1465744],[121.5494565,25.1461203]]}},{"type":"Feature","properties":{"osm_id":380477535,"name":"格致路","highway":"primary","width_m":12.0},"geometry":{"type":"LineString","coordinates":[[121.5494565,25.1461203],[121.5496694,25.1456269],[121.5497449,25.145436],[121.5497982,25.145236],[121.5497961,25.1450789],[121.549772,25.1449374],[121.5496982,25.1448336],[121.5494488,25.1446552],[121.5492745,25.1445277],[121.5491531,25.144419],[121.5490444,25.1443067],[121.5489764,25.144209],[121.5489228,25.1441067],[121.5489,25.1440163],[121.5488939,25.1439204],[121.5489058,25.1438341],[121.5489777,25.1436465],[121.5489908,25.1436087],[121.5490657,25.1434053],[121.5492685,25.1428955],[121.5494666,25.1423982],[121.5494785,25.1423608],[121.5497281,25.1417261],[121.5499044,25.1412909],[121.5499436,25.141166],[121.5499343,25.1410628],[121.5498901,25.1409463],[121.5498163,25.1408577],[121.5497117,25.140786],[121.5495707,25.1407332],[121.5493878,25.1406815],[121.548747,25.140579],[121.5483334,25.1405094],[121.5481935,25.1404679],[121.5481077,25.1404158],[121.5480219,25.1403356],[121.5478661,25.1401547],[121.5477549,25.1400685],[121.5476665,25.1400127],[121.5475712,25.1399762],[121.5474599,25.1399507],[121.5468524,25.1398815],[121.5466432,25.1398464],[121.5465353,25.1398203],[121.5464628,25.1397732],[121.5464081,25.1397118],[121.5463635,25.1396335],[121.5463371,25.1395685],[121.546328,25.1394947],[121.5463406,25.139384],[121.5464383,25.1389827]]}},{"type":"Feature","properties":{"osm_id":380891572,"name":"格致路20巷","highway":"service","width_m":3.8},"geometry":{"type":"LineString","coordinates":[[121.5463346,25.136706],[121.5465879,25.1365196],[121.5467275,25.1364024],[121.5468011,25.1363406],[121.5471553,25.1361721],[121.5474853,25.1360974],[121.5475207,25.1361386],[121.5477258,25.1366325],[121.5478961,25.1370425],[121.5483894,25.1368717]]}},{"type":"Feature","properties":{"osm_id":380891573,"name":"格致路","highway":"primary","width_m":12.0},"geometry":{"type":"LineString","coordinates":[[121.5463346,25.136706],[121.5461822,25.1360488],[121.5460915,25.1356577]]}},{"type":"Feature","properties":{"osm_id":380891574,"name":"建業路73巷","highway":"service","width_m":3.8},"geometry":{"type":"LineString","coordinates":[[121.5503102,25.1374],[121.5501755,25.137374],[121.5495421,25.1370971],[121.5492472,25.1369949],[121.5491001,25.1369771],[121.548656,25.137059],[121.548555,25.1370419]]}},{"type":"Feature","properties":{"osm_id":380891575,"name":"中庸一路","highway":"residential","width_m":5.0},"geometry":{"type":"LineString","coordinates":[[121.5494802,25.1341588],[121.549374,25.134207],[121.5491766,25.1343026],[121.5491024,25.1343531],[121.5490009,25.134424],[121.5489186,25.1345002],[121.5486947,25.1347076],[121.5482315,25.1351366],[121.5479377,25.1354088]]}},{"type":"Feature","properties":{"osm_id":380891576,"name":"中庸一路","highway":"residential","width_m":5.0},"geometry":{"type":"LineString","coordinates":[[121.55280913271835,25.129529425605273],[121.5526004,25.1296615],[121.5520097,25.1301569],[121.5518515,25.1303014],[121.5516061,25.130613],[121.5513727,25.1309636],[121.5512853,25.1311991],[121.551211,25.1314864],[121.5510976,25.1320356],[121.5510259,25.1321845],[121.5509227,25.1323557],[121.5508121,25.1324574],[121.5506567,25.13254],[121.5504962,25.1326959],[121.550405,25.1328256],[121.550345,25.1328726],[121.5502823,25.1329244],[121.5501818,25.1330213],[121.5500561,25.1331797],[121.5498785,25.1335705],[121.5497492,25.1338934],[121.5496834,25.1339852]]}},{"type":"Feature","properties":{"osm_id":380891578,"name":"凱旋路","highway":"residential","width_m":5.0},"geometry":{"type":"LineString","coordinates":[[121.5417777,25.1364609],[121.5417983,25.1364764],[121.5420725,25.1365489]]}},{"type":"Feature","properties":{"osm_id":380891579,"name":"凱旋路","highway":"residential","width_m":5.0},"geometry":{"type":"LineString","coordinates":[[121.5431827,25.1354725],[121.5436453,25.1357881],[121.5438158,25.1358491],[121.5442296,25.1360764],[121.5443214,25.1361718],[121.5443746,25.1362059],[121.5445261,25.1362182],[121.5457911,25.136849]]}},{"type":"Feature","properties":{"osm_id":381447697,"name":"美通橋","highway":"residential","width_m":5.0},"geometry":{"type":"LineString","coordinates":[[121.5496834,25.1339852],[121.5496152,25.1340428]]}},{"type":"Feature","properties":{"osm_id":381447698,"name":"中庸一路","highway":"residential","width_m":5.0},"geometry":{"type":"LineString","coordinates":[[121.5496152,25.1340428],[121.5494802,25.1341588]]}},{"type":"Feature","properties":{"osm_id":390780628,"name":"仰德大道三段250巷11弄","highway":"service","width_m":3.8},"geometry":{"type":"LineString","coordinates":[[121.55006081855988,25.126705127826053],[121.5500613,25.12671],[121.550063,25.1267335],[121.5500455,25.1269217],[121.5499959,25.1271329],[121.5499517,25.1273139],[121.5499182,25.127479],[121.5499236,25.1277036],[121.5499544,25.127944],[121.5500174,25.128142],[121.5500617,25.1283168],[121.5500925,25.1284528],[121.5501019,25.1285863],[121.5501079,25.1287054],[121.5501019,25.1290769],[121.5500997,25.1291122],[121.5500858,25.1293306],[121.5500952,25.1294824],[121.5500899,25.1295504],[121.5500616,25.1297465],[121.5500322,25.1298806],[121.5500174,25.1301666],[121.5500046,25.1302689],[121.5499933,25.1303694],[121.5500295,25.1311598],[121.550102,25.1316444],[121.55011,25.1317086],[121.550295,25.1321918],[121.5503567,25.1324346],[121.550405,25.1328256]]}},{"type":"Feature","properties":{"osm_id":412868439,"name":"","highway":"footway","width_m":1.8},"geometry":{"type":"LineString","coordinates":[[121.5518515,25.1303014],[121.5514593,25.1302037],[121.5513864,25.1302001],[121.5513411,25.1302149],[121.5513131,25.1302485],[121.551282,25.1303045],[121.5512265,25.1303309],[121.5511685,25.1303306],[121.5510091,25.1302766],[121.5508454,25.1302148],[121.5507306,25.1301722],[121.550578,25.1301667],[121.5503956,25.1301609],[121.5502039,25.1301615],[121.5500174,25.1301666]]}},{"type":"Feature","properties":{"osm_id":412868440,"name":"仰德大道四段32巷","highway":"residential","width_m":5.0},"geometry":{"type":"LineString","coordinates":[[121.548318,25.1295211],[121.5483456,25.1295333],[121.5485544,25.1295739],[121.5486187,25.129484],[121.5486653,25.1294683],[121.5488647,25.1295127],[121.5489599,25.1293273],[121.5491019,25.1293435],[121.5492232,25.1293587],[121.549429,25.1293749]]}},{"type":"Feature","properties":{"osm_id":413232758,"name":"","highway":"service","width_m":3.8},"geometry":{"type":"LineString","coordinates":[[121.5512746,25.1390419],[121.5511434,25.1388238],[121.5510942,25.1387868]]}},{"type":"Feature","properties":{"osm_id":422778713,"name":"陽明路一段38巷","highway":"footway","width_m":1.8},"geometry":{"type":"LineString","coordinates":[[121.5496903,25.14977],[121.5500293,25.1495794],[121.5500253,25.1495518],[121.5501289,25.1495143],[121.5502339,25.1494917],[121.5502701,25.149462],[121.5502902,25.1494274],[121.5503574,25.1493566],[121.550388,25.1493397],[121.5504726,25.1492956],[121.5505442,25.1492447],[121.5507733,25.1494757],[121.5507341,25.1496125],[121.5507961,25.1498082],[121.5509082,25.1497843],[121.5509769,25.1497296],[121.5511002,25.1496852],[121.5511438,25.1496835],[121.5511774,25.1497108],[121.551188,25.1497963],[121.5512149,25.149831],[121.5512726,25.149834],[121.5513269,25.149726],[121.5513666,25.1496237],[121.5514161,25.1495543],[121.5515037,25.1495435],[121.5515515,25.1495075],[121.5516159,25.149448],[121.5517513,25.1494174],[121.5518754,25.1494231],[121.5519341,25.1493989],[121.5520155,25.1493369],[121.5520405,25.1493134],[121.5521208,25.1493072],[121.5521634,25.1492756],[121.5522596,25.1492732],[121.5523341,25.1492562],[121.5525177,25.1491313],[121.5526283,25.149054],[121.5527055,25.1489812],[121.55272143447291,25.14895423295256]]}},{"type":"Feature","properties":{"osm_id":422778714,"name":"","highway":"path","width_m":1.5},"geometry":{"type":"LineString","coordinates":[[121.5513666,25.1496237],[121.551412,25.1497466],[121.5514509,25.1497903],[121.5515113,25.1497964],[121.5515663,25.1497333],[121.5516532,25.1497278]]}},{"type":"Feature","properties":{"osm_id":441558524,"name":"天母古道親山步道","highway":"steps","width_m":1.5},"geometry":{"type":"LineString","coordinates":[[121.54245217632345,25.141190275189356],[121.5426781,25.1412173],[121.5427514,25.1411961],[121.5427697,25.1411837],[121.542831,25.1411174],[121.5429433,25.1410333],[121.5430877,25.1409774],[121.5432102,25.1409347],[121.5433125,25.1409201],[121.5434491,25.1409128],[121.5436002,25.1409137]]}},{"type":"Feature","properties":{"osm_id":444618306,"name":"","highway":"service","width_m":3.8},"geometry":{"type":"LineString","coordinates":[[121.5500692,25.1512336],[121.5501289,25.1513044],[121.5502124329956,25.15145904354378]]}},{"type":"Feature","properties":{"osm_id":444619200,"name":"凱旋路","highway":"residential","width_m":5.0},"geometry":{"type":"LineString","coordinates":[[121.5420725,25.1365489],[121.5431827,25.1354725]]}},{"type":"Feature","properties":{"osm_id":444633932,"name":"","highway":"service","width_m":3.8},"geometry":{"type":"LineString","coordinates":[[121.5412846,25.1374056],[121.5419118,25.1376398]]}},{"type":"Feature","properties":{"osm_id":480214817,"name":"","highway":"service","width_m":3.8},"geometry":{"type":"LineString","coordinates":[[121.5427817,25.133599],[121.5424697,25.1337598],[121.542148,25.1338902],[121.5417668,25.1341174],[121.5415863,25.1342219],[121.5415228,25.1342366],[121.5413029,25.1342923],[121.5412188,25.1344499],[121.5406447,25.1347363],[121.5402827,25.134905]]}},{"type":"Feature","properties":{"osm_id":524342554,"name":"菁山路34巷","highway":"service","width_m":3.8},"geometry":{"type":"LineString","coordinates":[[121.548555,25.1370419],[121.5480122,25.1372555],[121.5476314,25.137488],[121.5474486,25.1376392],[121.5473641,25.1378327],[121.547321,25.138231]]}},{"type":"Feature","properties":{"osm_id":524342556,"name":"建業路68巷","highway":"service","width_m":3.8},"geometry":{"type":"LineString","coordinates":[[121.5497425,25.1366254],[121.5499317,25.1366686],[121.5500473,25.1367369],[121.5501438,25.1368874],[121.5504121,25.1369797],[121.55075,25.1370477],[121.5508354,25.1370734],[121.5508815,25.1370926],[121.5509171,25.137111],[121.5510459,25.1370831],[121.5510476,25.1370432],[121.5510016,25.1367832],[121.5510043,25.1367055]]}},{"type":"Feature","properties":{"osm_id":524342579,"name":"","highway":"footway","width_m":1.8},"geometry":{"type":"LineString","coordinates":[[121.5496339,25.1367622],[121.5497042,25.1366737],[121.5497425,25.1366254],[121.5497867,25.136575]]}},{"type":"Feature","properties":{"osm_id":524342580,"name":"","highway":"steps","width_m":1.5},"geometry":{"type":"LineString","coordinates":[[121.5497867,25.136575],[121.5497945,25.1364426]]}},{"type":"Feature","properties":{"osm_id":524342589,"name":"","highway":"footway","width_m":1.8},"geometry":{"type":"LineString","coordinates":[[121.5485807,25.1366473],[121.5487465,25.1367587],[121.5487748,25.1367759],[121.5488227,25.1368078]]}},{"type":"Feature","properties":{"osm_id":524406385,"name":"建業路11巷","highway":"service","width_m":3.8},"geometry":{"type":"LineString","coordinates":[[121.5467275,25.1364024],[121.5468113,25.1362729],[121.5469025,25.136177],[121.5470152,25.1361333],[121.5473182,25.1360459],[121.5474111,25.1360163],[121.5475811,25.1359621],[121.5477903,25.1358722],[121.548021,25.1359172],[121.548084,25.1358977],[121.5482893,25.1357773]]}},{"type":"Feature","properties":{"osm_id":524406396,"name":"","highway":"service","width_m":3.8},"geometry":{"type":"LineString","coordinates":[[121.5467951,25.1390791],[121.5468066,25.1389659],[121.5468122,25.1389111],[121.5468306,25.1387298],[121.5468393,25.1386447],[121.5468596,25.138613],[121.5468881,25.1385907],[121.546903,25.1385916]]}},{"type":"Feature","properties":{"osm_id":524406399,"name":"","highway":"service","width_m":3.8},"geometry":{"type":"LineString","coordinates":[[121.5468122,25.1389111],[121.5472242,25.1388976],[121.5473694,25.138848]]}},{"type":"Feature","properties":{"osm_id":524406402,"name":"","highway":"footway","width_m":1.8},"geometry":{"type":"LineString","coordinates":[[121.5470846,25.1391445],[121.5470976,25.1390191],[121.5473809,25.1390356]]}},{"type":"Feature","properties":{"osm_id":524406403,"name":"","highway":"service","width_m":3.8},"geometry":{"type":"LineString","coordinates":[[121.5465406,25.1385155],[121.5468327,25.1385349],[121.5473812,25.1385503],[121.5473722,25.1387096]]}},{"type":"Feature","properties":{"osm_id":584178220,"name":"建業路36巷","highway":"residential","width_m":5.0},"geometry":{"type":"LineString","coordinates":[[121.5488982,25.1366218],[121.5494504,25.1364664],[121.5496315,25.1362319],[121.5496808,25.1361259],[121.5497116,25.1360255],[121.5497106,25.1359602],[121.54965,25.1359],[121.5496131,25.1358442],[121.5496469,25.1357912],[121.5497856,25.1357048],[121.5498043,25.135692],[121.5498911,25.1355845],[121.5497813,25.1355404],[121.5496797,25.1355164],[121.5496227,25.1354852],[121.5495516,25.1354502],[121.5494439,25.1354428],[121.549393,25.1354152],[121.54933,25.1353729],[121.5492507,25.1352772]]}},{"type":"Feature","properties":{"osm_id":584178221,"name":"建業路28巷","highway":"living_street","width_m":4.0},"geometry":{"type":"LineString","coordinates":[[121.5486791,25.1360557],[121.5487799,25.1359302],[121.5488836,25.1357627],[121.5490116,25.1355879],[121.5491295,25.1354536],[121.5492507,25.1352772]]}},{"type":"Feature","properties":{"osm_id":584178222,"name":"建業路20巷","highway":"service","width_m":3.8},"geometry":{"type":"LineString","coordinates":[[121.5483701,25.1358627],[121.5486844,25.1354517]]}},{"type":"Feature","properties":{"osm_id":584181506,"name":"","highway":"service","width_m":3.8},"geometry":{"type":"LineString","coordinates":[[121.5489186,25.1345002],[121.5491722,25.1347233]]}},{"type":"Feature","properties":{"osm_id":584183970,"name":"建業路36巷8弄","highway":"path","width_m":1.5},"geometry":{"type":"LineString","coordinates":[[121.5494439,25.1354428],[121.5492404,25.1357549]]}},{"type":"Feature","properties":{"osm_id":586746509,"name":"華岡路1巷","highway":"footway","width_m":1.8},"geometry":{"type":"LineString","coordinates":[[121.5434091,25.1378744],[121.5434642,25.137901],[121.5439137,25.1381181],[121.5439255,25.1381233]]}},{"type":"Feature","properties":{"osm_id":586746510,"name":"","highway":"service","width_m":3.8},"geometry":{"type":"LineString","coordinates":[[121.5439255,25.1381233],[121.5438249,25.138519]]}},{"type":"Feature","properties":{"osm_id":586746512,"name":"","highway":"unclassified","width_m":6.0},"geometry":{"type":"LineString","coordinates":[[121.5439255,25.1381233],[121.5439407,25.138043],[121.5435706,25.1379003],[121.5435309,25.1378823],[121.5435869,25.1378718],[121.543929,25.1379849],[121.5439407,25.138043]]}},{"type":"Feature","properties":{"osm_id":586746513,"name":"","highway":"footway","width_m":1.8},"geometry":{"type":"LineString","coordinates":[[121.5435309,25.1378823],[121.5434385,25.1378763],[121.5434091,25.1378744]]}},{"type":"Feature","properties":{"osm_id":586746739,"name":"","highway":"service","width_m":3.8},"geometry":{"type":"LineString","coordinates":[[121.5395049,25.1354109],[121.53931410150274,25.13530058505042]]}},{"type":"Feature","properties":{"osm_id":586746739,"name":"","highway":"service","width_m":3.8},"geometry":{"type":"LineString","coordinates":[[121.5390827785143,25.13534166271578],[121.53914,25.135384],[121.5394339,25.135546]]}},{"type":"Feature","properties":{"osm_id":602172195,"name":"","highway":"service","width_m":3.8},"geometry":{"type":"LineString","coordinates":[[121.5433514,25.1340964],[121.5433473,25.1341213],[121.543299,25.1343435],[121.5432393,25.1346184]]}},{"type":"Feature","properties":{"osm_id":602172196,"name":"仰德大道四段175巷","highway":"pedestrian","width_m":3.0},"geometry":{"type":"LineString","coordinates":[[121.5429349,25.1345559],[121.5430197,25.1345733],[121.5432315,25.1346168],[121.5432393,25.1346184],[121.5434664,25.134663],[121.5437406,25.1347169],[121.5442173,25.1348107],[121.5442415,25.1348155],[121.5443181,25.1348305],[121.544733,25.1349121],[121.5449272,25.1349503],[121.5450304,25.1349706],[121.5450475,25.1349739],[121.5451481,25.1349937],[121.5452822,25.1350201],[121.5453728,25.1350379],[121.5456061,25.1350838],[121.5456256,25.1350876],[121.5457025,25.1351027],[121.5457255,25.1351449],[121.5458849,25.1351522],[121.5459772,25.1351352]]}},{"type":"Feature","properties":{"osm_id":602172199,"name":"","highway":"service","width_m":3.8},"geometry":{"type":"LineString","coordinates":[[121.5430237,25.1339125],[121.5425393,25.1351812],[121.542381,25.1353997],[121.5421343,25.1354191],[121.5417427,25.1352941]]}},{"type":"Feature","properties":{"osm_id":669657522,"name":"","highway":"footway","width_m":1.8},"geometry":{"type":"LineString","coordinates":[[121.551993,25.1439204],[121.5519383,25.143895],[121.5519034,25.1438707],[121.55189,25.1437711],[121.5518605,25.1437372],[121.5518686,25.143691],[121.5518471,25.1436085],[121.5518471,25.1435453],[121.5518176,25.1435138],[121.5518337,25.1434628],[121.5518417,25.1434167],[121.551823,25.1433341],[121.5518149,25.1432734],[121.5517774,25.1431957],[121.5517988,25.1431447],[121.551772,25.1430694],[121.5517184,25.143033],[121.5516996,25.1429869],[121.5516728,25.1429699],[121.5516352,25.1429529],[121.5516352,25.1429068],[121.5516111,25.1428388],[121.5515735,25.1427659],[121.5515735,25.1427247],[121.5516111,25.1426931],[121.5516218,25.1426348],[121.551595,25.1425984],[121.5514743,25.1425595],[121.5514394,25.1424697],[121.5513831,25.1424551],[121.5513107,25.1423823],[121.5512436,25.142375],[121.5512436,25.1423289],[121.5512248,25.1422852],[121.5511819,25.1422463],[121.5511363,25.142239],[121.5510398,25.1421929],[121.5509325,25.1421492],[121.550903,25.1421055],[121.5508654,25.141938],[121.550793,25.1419015],[121.5506964,25.1418724],[121.5506642,25.141853],[121.5506482,25.1418068],[121.5506455,25.1417534],[121.5506079,25.1417461],[121.5505275,25.1416903],[121.5504524,25.1416587],[121.5504148,25.141632],[121.5503933,25.1415713],[121.5503424,25.1415665],[121.5502941,25.1415422],[121.5502351,25.1415737],[121.5502324,25.1416417],[121.5502217,25.141666],[121.5502324,25.1417388],[121.5501975,25.1418068],[121.5501278,25.1417437],[121.5500661,25.1417219],[121.5500366,25.1417146],[121.5499722,25.1417388],[121.5498542,25.1417607],[121.5497281,25.1417261]]}},{"type":"Feature","properties":{"osm_id":672491644,"name":"","highway":"service","width_m":3.8},"geometry":{"type":"LineString","coordinates":[[121.548451,25.1329622],[121.5485145,25.1321487]]}},{"type":"Feature","properties":{"osm_id":672491645,"name":"","highway":"service","width_m":3.8},"geometry":{"type":"LineString","coordinates":[[121.5485145,25.1321487],[121.5482999,25.1319641],[121.5481712,25.1318573],[121.548147,25.1318184],[121.5481605,25.1317626]]}},{"type":"Feature","properties":{"osm_id":672491646,"name":"","highway":"footway","width_m":1.8},"geometry":{"type":"LineString","coordinates":[[121.5485145,25.1321487],[121.5485458,25.1321244],[121.5485673,25.1320953],[121.5485713,25.1320576],[121.5485619,25.1320103],[121.5485351,25.1319508],[121.5484962,25.1319059],[121.54846,25.1318391],[121.5484506,25.1318027],[121.5484315,25.1316396]]}},{"type":"Feature","properties":{"osm_id":672491647,"name":"","highway":"footway","width_m":1.8},"geometry":{"type":"LineString","coordinates":[[121.5484315,25.1316396],[121.5480644,25.1316023]]}},{"type":"Feature","properties":{"osm_id":672491648,"name":"","highway":"steps","width_m":1.5},"geometry":{"type":"LineString","coordinates":[[121.548347,25.1313185],[121.5483675,25.1313383],[121.5483675,25.1313668],[121.548354,25.1313889],[121.5483272,25.1314239],[121.5483296,25.1314454]]}},{"type":"Feature","properties":{"osm_id":672491649,"name":"","highway":"footway","width_m":1.8},"geometry":{"type":"LineString","coordinates":[[121.5481763,25.1304438],[121.5482149,25.1305265],[121.5482219,25.130583],[121.5482737,25.1312648]]}},{"type":"Feature","properties":{"osm_id":672491650,"name":"仰德大道四段42巷","highway":"service","width_m":2.1},"geometry":{"type":"LineString","coordinates":[[121.5481763,25.1304438],[121.5481448,25.1304465],[121.5481126,25.1304246],[121.5480912,25.1303773],[121.5480661,25.1303327],[121.548059,25.1303202],[121.5480308,25.1302959],[121.5479758,25.1303178],[121.5479086,25.1303395],[121.5477953,25.1303492],[121.547747,25.1303589],[121.5477148,25.1303747],[121.547696,25.1303947],[121.5476853,25.1304184],[121.5476746,25.1304554],[121.5476726,25.1304688],[121.5476799,25.1304888],[121.5476927,25.1305161],[121.5477034,25.1305526],[121.5476974,25.130609],[121.5475981,25.1306491],[121.5475009,25.1306867],[121.54739,25.130725],[121.5472546,25.1307529],[121.5472184,25.1307602],[121.5471889,25.1307881],[121.5471446,25.1308658],[121.5471071,25.1309775],[121.547044,25.1310394],[121.5469662,25.1311062],[121.546867,25.1311345]]}},{"type":"Feature","properties":{"osm_id":672491651,"name":"","highway":"service","width_m":2.0},"geometry":{"type":"LineString","coordinates":[[121.5473337,25.1312616],[121.5473954,25.1310589],[121.5473927,25.1310334],[121.5473391,25.1310054],[121.5472881,25.1309921],[121.5471902,25.1309945],[121.5471178,25.1310091],[121.547044,25.1310394]]}},{"type":"Feature","properties":{"osm_id":672491652,"name":"","highway":"footway","width_m":1.2},"geometry":{"type":"LineString","coordinates":[[121.5473927,25.1310334],[121.5473967,25.130969],[121.5474021,25.1308865],[121.5473994,25.1308185],[121.54739,25.130725]]}},{"type":"Feature","properties":{"osm_id":672491653,"name":"","highway":"footway","width_m":1.8},"geometry":{"type":"LineString","coordinates":[[121.5480661,25.1303327],[121.5481129,25.1303085]]}},{"type":"Feature","properties":{"osm_id":672491654,"name":"","highway":"service","width_m":3.8},"geometry":{"type":"LineString","coordinates":[[121.5480308,25.1302959],[121.5479987,25.1301549],[121.5479922,25.1300487],[121.5479828,25.1300195],[121.54796,25.1299977],[121.5479289,25.1299886],[121.5478806,25.1299886],[121.5478594,25.1299892],[121.5478386,25.1299849],[121.5478252,25.1299692]]}},{"type":"Feature","properties":{"osm_id":672491655,"name":"仰德大道四段42巷","highway":"steps","width_m":1.5},"geometry":{"type":"LineString","coordinates":[[121.5478252,25.1299692],[121.5477944,25.1299206],[121.5477743,25.1298611]]}},{"type":"Feature","properties":{"osm_id":672595825,"name":"","highway":"service","width_m":1.5},"geometry":{"type":"LineString","coordinates":[[121.5481763,25.1304438],[121.548327,25.130385],[121.5484288,25.1303034]]}},{"type":"Feature","properties":{"osm_id":672600415,"name":"仰德大道四段42巷","highway":"service","width_m":3.8},"geometry":{"type":"LineString","coordinates":[[121.5477743,25.1298611],[121.5477287,25.1296231],[121.5476913,25.1293229]]}},{"type":"Feature","properties":{"osm_id":672600416,"name":"","highway":"footway","width_m":1.8},"geometry":{"type":"LineString","coordinates":[[121.5479987,25.1301549],[121.5481142,25.1300851],[121.5482041,25.1300365],[121.5482684,25.1300171],[121.5482875,25.1300155]]}},{"type":"Feature","properties":{"osm_id":672600417,"name":"","highway":"service","width_m":3.8},"geometry":{"type":"LineString","coordinates":[[121.5484515,25.1302905],[121.5484978,25.1302588],[121.5484267,25.1302041],[121.5484169,25.1301844],[121.5483851,25.1301203],[121.5483502,25.130011],[121.5483315,25.1300126]]}},{"type":"Feature","properties":{"osm_id":672600418,"name":"仰德大道四段32巷","highway":"service","width_m":1.5},"geometry":{"type":"LineString","coordinates":[[121.5483502,25.130011],[121.5483583,25.1299091],[121.5483677,25.1297828],[121.5483797,25.12975],[121.5484133,25.1297051],[121.5485071,25.1296359],[121.5485568,25.1295839],[121.5485696,25.1295704],[121.5486187,25.129484]]}},{"type":"Feature","properties":{"osm_id":672600420,"name":"仰德大道四段32巷","highway":"service","width_m":3.8},"geometry":{"type":"LineString","coordinates":[[121.5483595,25.1285465],[121.5483992,25.1285462],[121.5484475,25.1285431],[121.5484897,25.128537],[121.5485085,25.1285225],[121.5485185,25.1284964]]}},{"type":"Feature","properties":{"osm_id":672603030,"name":"仰德大道四段42巷","highway":"service","width_m":3.8},"geometry":{"type":"LineString","coordinates":[[121.5476974,25.130609],[121.5477563,25.130587],[121.5478562,25.1305572],[121.5479125,25.1305463]]}},{"type":"Feature","properties":{"osm_id":672603031,"name":"","highway":"steps","width_m":1.5},"geometry":{"type":"LineString","coordinates":[[121.5484978,25.1302588],[121.548512,25.130254],[121.5485663,25.1302206],[121.5486133,25.1302139],[121.5486602,25.1302242],[121.5486904,25.1302443],[121.5487266,25.1302564],[121.5487608,25.1302594],[121.5487963,25.1302528],[121.5488158,25.1302388],[121.5488399,25.1302176],[121.5488614,25.1302018]]}},{"type":"Feature","properties":{"osm_id":672603032,"name":"","highway":"footway","width_m":1.5},"geometry":{"type":"LineString","coordinates":[[121.5488614,25.1302018],[121.5489271,25.1301957],[121.5489881,25.1301939],[121.5490444,25.1301981]]}},{"type":"Feature","properties":{"osm_id":672603033,"name":"","highway":"service","width_m":1.8},"geometry":{"type":"LineString","coordinates":[[121.5490444,25.1301981],[121.5490317,25.1301052],[121.5490129,25.1300093],[121.5489445,25.1298721],[121.5488681,25.1297653],[121.5488493,25.1297264],[121.5488412,25.129673],[121.5488647,25.1295127]]}},{"type":"Feature","properties":{"osm_id":672603034,"name":"","highway":"service","width_m":1.8},"geometry":{"type":"LineString","coordinates":[[121.5490444,25.1301981],[121.5491148,25.1302242],[121.5492449,25.1303044],[121.54932,25.1303602],[121.5493777,25.1303809],[121.5494541,25.1303894],[121.5495775,25.1303857],[121.5497103,25.130359],[121.5498082,25.1303226],[121.5498672,25.1302983],[121.5499302,25.1302837],[121.5500046,25.1302689]]}},{"type":"Feature","properties":{"osm_id":672603035,"name":"","highway":"steps","width_m":1.5},"geometry":{"type":"LineString","coordinates":[[121.5483502,25.130011],[121.5483752,25.1300039],[121.5483987,25.1299893],[121.5484154,25.1299735],[121.5484342,25.1299395],[121.5484496,25.1298885]]}},{"type":"Feature","properties":{"osm_id":672603036,"name":"仰德大道四段42巷","highway":"footway","width_m":1.5},"geometry":{"type":"LineString","coordinates":[[121.5484496,25.1298885],[121.5484899,25.1297859],[121.5485308,25.1296888],[121.5485475,25.129625],[121.5485568,25.1295839]]}},{"type":"Feature","properties":{"osm_id":672610938,"name":"仰德大道四段32巷","highway":"service","width_m":1.2},"geometry":{"type":"LineString","coordinates":[[121.5489599,25.1293273],[121.5489807,25.1292087],[121.5489901,25.1291899],[121.5490048,25.1291796],[121.5490229,25.1291766],[121.5491027,25.129179],[121.5491208,25.1291772],[121.5491376,25.1291662],[121.5492663,25.1289768],[121.5492932,25.1289483],[121.5493374,25.1289222],[121.5494438,25.1288687]]}},{"type":"Feature","properties":{"osm_id":672610939,"name":"","highway":"footway","width_m":1.8},"geometry":{"type":"LineString","coordinates":[[121.5494438,25.1288687],[121.5493964,25.1288736],[121.5494246,25.1288014],[121.5494414,25.1285889],[121.5494326,25.1285646],[121.5494011,25.1285446],[121.549322,25.1285349]]}},{"type":"Feature","properties":{"osm_id":672610949,"name":"仰德大道三段250巷11弄","highway":"service","width_m":3.8},"geometry":{"type":"LineString","coordinates":[[121.5500997,25.1291122],[121.5498652,25.1291049],[121.5498833,25.1287795]]}},{"type":"Feature","properties":{"osm_id":672610950,"name":"","highway":"footway","width_m":1.8},"geometry":{"type":"LineString","coordinates":[[121.5501079,25.1287054],[121.5498077,25.1287107],[121.5496912,25.1286911]]}},{"type":"Feature","properties":{"osm_id":672610951,"name":"","highway":"footway","width_m":1.8},"geometry":{"type":"LineString","coordinates":[[121.5495821,25.1288436],[121.5496626,25.1288293],[121.5496885,25.1288123],[121.5496995,25.1287899],[121.5496912,25.1286911]]}},{"type":"Feature","properties":{"osm_id":674238527,"name":"仰德大道三段250巷","highway":"service","width_m":3.8},"geometry":{"type":"LineString","coordinates":[[121.55008076157327,25.126706343005022],[121.5500613,25.12671]]}},{"type":"Feature","properties":{"osm_id":674240636,"name":"建業路68巷","highway":"steps","width_m":1.5},"geometry":{"type":"LineString","coordinates":[[121.5510043,25.1367055],[121.5512551,25.1367092],[121.5516198,25.1366242],[121.5520342,25.1365768]]}},{"type":"Feature","properties":{"osm_id":674240637,"name":"","highway":"steps","width_m":1.5},"geometry":{"type":"LineString","coordinates":[[121.5520342,25.1365768],[121.5520369,25.1365623],[121.5521743,25.1365431],[121.5522354,25.1365174],[121.5522616,25.1365101],[121.552285,25.1364894],[121.5522909,25.1364592],[121.5523012,25.1364278],[121.5523614,25.1364253],[121.5524406,25.1364482],[121.5525868,25.1364275],[121.5528027737209,25.136409674417774]]}},{"type":"Feature","properties":{"osm_id":674242212,"name":"菁山路72巷","highway":"service","width_m":3.0},"geometry":{"type":"LineString","coordinates":[[121.551152,25.1392705],[121.5508773,25.1391866],[121.5503039,25.1391312],[121.5496738,25.1391611]]}},{"type":"Feature","properties":{"osm_id":674242213,"name":"","highway":"service","width_m":3.8},"geometry":{"type":"LineString","coordinates":[[121.5510942,25.1387868],[121.5510446,25.1387532],[121.5507512,25.138672]]}},{"type":"Feature","properties":{"osm_id":674242214,"name":"","highway":"steps","width_m":1.5},"geometry":{"type":"LineString","coordinates":[[121.5510942,25.1387868],[121.5511152,25.1387411],[121.5511167,25.1387351],[121.5511146,25.1387302],[121.551073,25.1386563]]}},{"type":"Feature","properties":{"osm_id":674242215,"name":"","highway":"path","width_m":1.5},"geometry":{"type":"LineString","coordinates":[[121.551073,25.1386563],[121.550965,25.138568],[121.5508099,25.1383873],[121.5507777,25.1378118],[121.5508636,25.1373068],[121.5508541,25.1371116],[121.5508354,25.1370734],[121.5507992,25.1369766],[121.550742,25.1362386],[121.5507992,25.1357916],[121.5507001,25.1352845],[121.5506383,25.1350899],[121.5505783,25.1347998],[121.5505497,25.1344909],[121.5505363,25.134342],[121.5505189,25.1340775]]}},{"type":"Feature","properties":{"osm_id":674855845,"name":"下竹林步道","highway":"steps","width_m":1.5},"geometry":{"type":"LineString","coordinates":[[121.5427817,25.133599],[121.5426718,25.1335219],[121.5426182,25.1334636],[121.5425216,25.1333713],[121.54248080987986,25.133300066654385]]}},{"type":"Feature","properties":{"osm_id":689317155,"name":"新園街","highway":"residential","width_m":5.0},"geometry":{"type":"LineString","coordinates":[[121.5512426,25.1503216],[121.5513211,25.1503657]]}},{"type":"Feature","properties":{"osm_id":700660021,"name":"菁山路72巷","highway":"residential","width_m":5.0},"geometry":{"type":"LineString","coordinates":[[121.55299785221445,25.140283339605134],[121.552652,25.1402097],[121.5520608,25.1397138],[121.5519279,25.1395948],[121.5517608,25.1394991],[121.5515516,25.1393806],[121.551221,25.1393644],[121.551152,25.1392705]]}},{"type":"Feature","properties":{"osm_id":700660023,"name":"","highway":"service","width_m":3.8},"geometry":{"type":"LineString","coordinates":[[121.5496738,25.1391611],[121.549726,25.139111],[121.5497542,25.1390245],[121.5497234,25.1389185],[121.5496705,25.1388409],[121.5496094,25.1387818],[121.549443,25.1386702],[121.5492643,25.1385726],[121.5491134,25.1385029]]}},{"type":"Feature","properties":{"osm_id":704408459,"name":"愛富三街12巷","highway":"unclassified","width_m":6.0},"geometry":{"type":"LineString","coordinates":[[121.5440718,25.1390302],[121.5440037,25.1390983],[121.543738,25.1395374],[121.543708,25.1397547],[121.5437377,25.1398619],[121.5439073,25.140013],[121.5439449,25.1401259],[121.543965,25.1403034],[121.5438135,25.140611],[121.5436151,25.1409214],[121.5436002,25.1409137]]}},{"type":"Feature","properties":{"osm_id":717924421,"name":"","highway":"service","width_m":1.5},"geometry":{"type":"LineString","coordinates":[[121.5484288,25.1303034],[121.5484515,25.1302905]]}},{"type":"Feature","properties":{"osm_id":717924422,"name":"","highway":"service","width_m":3.8},"geometry":{"type":"LineString","coordinates":[[121.5483315,25.1300126],[121.5482875,25.1300155]]}},{"type":"Feature","properties":{"osm_id":717924423,"name":"仰德大道四段32巷","highway":"service","width_m":3.8},"geometry":{"type":"LineString","coordinates":[[121.5482886,25.1294771],[121.5482207,25.1294568],[121.5481677,25.1293866],[121.5481559,25.1292785],[121.5481704,25.1290891],[121.5482674,25.1288371],[121.5483595,25.1285465],[121.5482862,25.1282924]]}},{"type":"Feature","properties":{"osm_id":717924424,"name":"陽勇橋","highway":"service","width_m":3.8},"geometry":{"type":"LineString","coordinates":[[121.548318,25.1295211],[121.5482886,25.1294771]]}},{"type":"Feature","properties":{"osm_id":739470469,"name":"","highway":"residential","width_m":5.0},"geometry":{"type":"LineString","coordinates":[[121.54534764803185,25.129980307272078],[121.545107,25.130432]]}},{"type":"Feature","properties":{"osm_id":761685284,"name":"","highway":"residential","width_m":5.0},"geometry":{"type":"LineString","coordinates":[[121.547208,25.1420301],[121.5471442,25.1421486],[121.5470629,25.1423245],[121.547079,25.1424003],[121.5472707,25.1425137],[121.5476863,25.1427981],[121.5484307,25.143109],[121.5485229,25.1431305],[121.5485798,25.1431176],[121.548666,25.1429843],[121.5488031,25.1427485]]}},{"type":"Feature","properties":{"osm_id":817810104,"name":"新園街7巷","highway":"footway","width_m":1.8},"geometry":{"type":"LineString","coordinates":[[121.5525405,25.1507571],[121.5522994,25.1507441]]}},{"type":"Feature","properties":{"osm_id":817810105,"name":"新園街11巷6弄","highway":"footway","width_m":1.8},"geometry":{"type":"LineString","coordinates":[[121.5524738,25.1509163],[121.5524423,25.151051],[121.5522551,25.1510181]]}},{"type":"Feature","properties":{"osm_id":817810106,"name":"新園街12巷","highway":"footway","width_m":1.8},"geometry":{"type":"LineString","coordinates":[[121.5531303,25.1507568],[121.5531569,25.1507459],[121.553268,25.1507859],[121.5533185,25.150816]]}},{"type":"Feature","properties":{"osm_id":817810107,"name":"新園街12巷8弄","highway":"footway","width_m":1.8},"geometry":{"type":"LineString","coordinates":[[121.5533185,25.150816],[121.553308,25.1507376],[121.5532378,25.15061],[121.553209,25.1505492],[121.553155,25.1505066],[121.5531286,25.1503872]]}},{"type":"Feature","properties":{"osm_id":817810108,"name":"新園街12巷6弄","highway":"footway","width_m":1.8},"geometry":{"type":"LineString","coordinates":[[121.5531569,25.1507459],[121.5530697,25.1506447],[121.5531055,25.1506196],[121.5530367,25.1505413]]}},{"type":"Feature","properties":{"osm_id":817810109,"name":"新園街12巷1弄","highway":"footway","width_m":1.8},"geometry":{"type":"LineString","coordinates":[[121.5528872,25.1509093],[121.5530619,25.1510201],[121.5531132,25.1510729]]}},{"type":"Feature","properties":{"osm_id":817810110,"name":"新園街26巷6弄","highway":"footway","width_m":1.8},"geometry":{"type":"LineString","coordinates":[[121.5528893,25.1511813],[121.5529064,25.1511801],[121.5529218,25.1511744],[121.5530325,25.1512638]]}},{"type":"Feature","properties":{"osm_id":817810111,"name":"新園街40巷","highway":"steps","width_m":1.5},"geometry":{"type":"LineString","coordinates":[[121.5532762,25.1515077],[121.5533382,25.1514366],[121.553446,25.1513648],[121.5534771,25.1513462],[121.5534613,25.1513245],[121.5535615,25.1512826]]}},{"type":"Feature","properties":{"osm_id":817810112,"name":"新園街52巷","highway":"service","width_m":3.8},"geometry":{"type":"LineString","coordinates":[[121.5535853,25.1516739],[121.5536314,25.1516639],[121.5536618,25.1516666],[121.5537539,25.1516966]]}},{"type":"Feature","properties":{"osm_id":817810113,"name":"新園街54巷","highway":"service","width_m":3.8},"geometry":{"type":"LineString","coordinates":[[121.5537189,25.1517734],[121.5537669,25.1517677],[121.5538328,25.1517795]]}},{"type":"Feature","properties":{"osm_id":817810114,"name":"新園街75巷","highway":"residential","width_m":5.0},"geometry":{"type":"LineString","coordinates":[[121.5553758,25.1534034],[121.5554702,25.1535578],[121.5556031,25.1537257],[121.5556575,25.1538612],[121.5556965,25.1539954],[121.5557227,25.1541279],[121.5557629,25.1543222],[121.5557812,25.1544115],[121.5558132,25.1545131],[121.5558439,25.1545609],[121.5559191,25.1546466],[121.5559675,25.1547275]]}},{"type":"Feature","properties":{"osm_id":817811122,"name":"陽明路一段38巷","highway":"footway","width_m":1.8},"geometry":{"type":"LineString","coordinates":[[121.5505241,25.1495916],[121.5505273,25.1495678],[121.5505097,25.1495281],[121.550388,25.1493397],[121.5502886,25.1490996]]}},{"type":"Feature","properties":{"osm_id":824670714,"name":"","highway":"service","width_m":3.8},"geometry":{"type":"LineString","coordinates":[[121.5482315,25.1351366],[121.5476006,25.1345075],[121.5473967,25.1343035]]}},{"type":"Feature","properties":{"osm_id":824880477,"name":"凱旋路61巷2弄","highway":"service","width_m":3.8},"geometry":{"type":"LineString","coordinates":[[121.5406202,25.1355969],[121.5409622,25.1356932],[121.5418876,25.1359538]]}},{"type":"Feature","properties":{"osm_id":824880486,"name":"","highway":"path","width_m":1.5},"geometry":{"type":"LineString","coordinates":[[121.5499888,25.1344954],[121.5504922,25.1344917],[121.5505497,25.1344909]]}},{"type":"Feature","properties":{"osm_id":824890797,"name":"","highway":"service","width_m":3.8},"geometry":{"type":"LineString","coordinates":[[121.5448274,25.1314622],[121.5460719,25.1319771],[121.5461792,25.1320062],[121.5464206,25.1320985],[121.5465097,25.1321575]]}},{"type":"Feature","properties":{"osm_id":824890806,"name":"","highway":"service","width_m":3.8},"geometry":{"type":"LineString","coordinates":[[121.5496674,25.1315205],[121.5498337,25.1315691],[121.550102,25.1316444]]}},{"type":"Feature","properties":{"osm_id":824890826,"name":"","highway":"service","width_m":3.8},"geometry":{"type":"LineString","coordinates":[[121.5476006,25.1345075],[121.5479977,25.1342743]]}},{"type":"Feature","properties":{"osm_id":832830860,"name":"格致路157巷","highway":"residential","width_m":5.0},"geometry":{"type":"LineString","coordinates":[[121.548747,25.140579],[121.5486816,25.140868],[121.5487044,25.140976],[121.5489484,25.1410756]]}},{"type":"Feature","properties":{"osm_id":832830861,"name":"格致路56巷","highway":"residential","width_m":5.0},"geometry":{"type":"LineString","coordinates":[[121.5465282,25.1376521],[121.5469348,25.1377848]]}},{"type":"Feature","properties":{"osm_id":832830862,"name":"格致路50巷","highway":"residential","width_m":5.0},"geometry":{"type":"LineString","coordinates":[[121.546509,25.1375305],[121.5466853,25.1374983]]}},{"type":"Feature","properties":{"osm_id":832830863,"name":"格致路36巷","highway":"residential","width_m":5.0},"geometry":{"type":"LineString","coordinates":[[121.5464403,25.1372098],[121.5467054,25.1371608]]}},{"type":"Feature","properties":{"osm_id":832830864,"name":"仰德大道四段174巷","highway":"residential","width_m":5.0},"geometry":{"type":"LineString","coordinates":[[121.5459659,25.1350859],[121.5460362,25.1350695],[121.5461683,25.1349845]]}},{"type":"Feature","properties":{"osm_id":832830865,"name":"","highway":"pedestrian","width_m":3.0},"geometry":{"type":"LineString","coordinates":[[121.5455087,25.1360323],[121.5455406,25.1359017],[121.545545,25.135885],[121.5455772,25.1357523],[121.5455969,25.1356711],[121.5456062,25.1356334],[121.5457119,25.1352007],[121.5457255,25.1351449]]}},{"type":"Feature","properties":{"osm_id":832881306,"name":"","highway":"footway","width_m":1.8},"geometry":{"type":"LineString","coordinates":[[121.5496903,25.14977],[121.54966073466032,25.14979918629685]]}},{"type":"Feature","properties":{"osm_id":833707131,"name":"","highway":"footway","width_m":1.8},"geometry":{"type":"LineString","coordinates":[[121.55003354484181,25.1511655454694],[121.5501655,25.1511336],[121.550186,25.1511877],[121.5502111,25.1512623]]}},{"type":"Feature","properties":{"osm_id":862194230,"name":"大倫大賢櫻花步道","highway":"path","width_m":1.5},"geometry":{"type":"LineString","coordinates":[[121.5393819,25.1356422],[121.5399963,25.1358232]]}},{"type":"Feature","properties":{"osm_id":863072925,"name":"光華路","highway":"residential","width_m":5.0},"geometry":{"type":"LineString","coordinates":[[121.5463926,25.1369893],[121.5459978,25.1369035]]}},{"type":"Feature","properties":{"osm_id":896506431,"name":"凱旋路61巷4弄","highway":"unclassified","width_m":6.0},"geometry":{"type":"LineString","coordinates":[[121.54025112525103,25.134878977731066],[121.5402827,25.134905],[121.5405493,25.1350627],[121.5407659,25.1351516],[121.5408382,25.135147],[121.5411771,25.1352441],[121.5419799,25.1354379]]}},{"type":"Feature","properties":{"osm_id":907075602,"name":"","highway":"footway","width_m":1.8},"geometry":{"type":"LineString","coordinates":[[121.5424212347682,25.141340167416626],[121.5425675,25.1414829],[121.5426324,25.1415943],[121.5425899,25.1416171],[121.5426325,25.1416868],[121.542659,25.1417131],[121.5429315,25.141983],[121.5429845,25.1420286],[121.5432044,25.1421659]]}},{"type":"Feature","properties":{"osm_id":966146325,"name":"","highway":"service","width_m":3.8},"geometry":{"type":"LineString","coordinates":[[121.5529825,25.149875],[121.5529438,25.1498968],[121.5528978,25.1499498],[121.5528715,25.1499776],[121.5528651,25.1500195],[121.5528681,25.1500689],[121.5529123,25.1501289],[121.5529577,25.1501806],[121.55307,25.1502404],[121.5531102,25.1503154],[121.5531286,25.1503872]]}},{"type":"Feature","properties":{"osm_id":1010504800,"name":"格致路八巷","highway":"unclassified","width_m":6.0},"geometry":{"type":"LineString","coordinates":[[121.5461822,25.1360488],[121.5466236,25.1359227]]}},{"type":"Feature","properties":{"osm_id":1104487037,"name":"菁山路101巷71弄","highway":"tertiary","width_m":8.0},"geometry":{"type":"LineString","coordinates":[[121.5515448,25.1498504],[121.5512426,25.1503216]]}},{"type":"Feature","properties":{"osm_id":1125236409,"name":"","highway":"path","width_m":1.5},"geometry":{"type":"LineString","coordinates":[[121.5378676,25.1354434],[121.53787108281723,25.135427903987104]]}},{"type":"Feature","properties":{"osm_id":1125236412,"name":"","highway":"path","width_m":1.5},"geometry":{"type":"LineString","coordinates":[[121.53905999513613,25.135343284300724],[121.5390135,25.1353884],[121.53894464436465,25.13535149428051]]}},{"type":"Feature","properties":{"osm_id":1174321280,"name":"建業路28巷","highway":"residential","width_m":5.0},"geometry":{"type":"LineString","coordinates":[[121.5492507,25.1352772],[121.5491532,25.135222],[121.5490983,25.1351962],[121.5490454,25.1351686],[121.5490068,25.1351392],[121.5489662,25.1350987],[121.5489336,25.135049],[121.5489011,25.1350012],[121.5488625,25.1349368],[121.5488381,25.1348963],[121.5488096,25.1348411],[121.5487914,25.1347951],[121.5487487,25.1347527],[121.5486947,25.1347076]]}},{"type":"Feature","properties":{"osm_id":1184513120,"name":"環七星山人車分道冷水坑至新園街段","highway":"footway","width_m":1.8},"geometry":{"type":"LineString","coordinates":[[121.5516368,25.1498134],[121.551735,25.1497276],[121.5518573,25.1497025],[121.5520019,25.1497326],[121.5521019,25.1498271],[121.5522203,25.1498507],[121.5523741,25.149825],[121.5524846,25.1497885],[121.552617,25.1496951],[121.552715,25.1496892],[121.552806,25.1497369],[121.5529438,25.1498968],[121.5534933,25.150649],[121.5537259,25.150875],[121.5540889,25.1511125],[121.55452475950314,25.151440473487504]]}},{"type":"Feature","properties":{"osm_id":1278385948,"name":"","highway":"residential","width_m":5.0},"geometry":{"type":"LineString","coordinates":[[121.5480403,25.1286901],[121.5480083,25.128634],[121.5479923,25.1285778],[121.547979,25.1285188],[121.5480274,25.1283026],[121.5480492,25.1281174],[121.5480433,25.1279757],[121.5480585,25.1278785],[121.5480654,25.1277455],[121.5480646,25.1276763],[121.5480568,25.1276461],[121.54805007605894,25.127635878251233]]}},{"type":"Feature","properties":{"osm_id":1278385948,"name":"","highway":"residential","width_m":5.0},"geometry":{"type":"LineString","coordinates":[[121.547949305555,25.12761537613366],[121.54794,25.1276256],[121.5479188,25.1276568],[121.5478612,25.1278109],[121.5477736,25.1280191],[121.5477001,25.1281713],[121.5476103,25.1284546],[121.5475744,25.1285634],[121.5475418,25.1286287],[121.5475073,25.1286843],[121.5474831,25.1286997],[121.5474589,25.1287022],[121.54744,25.1286921],[121.547431,25.1286729],[121.5474251,25.1286313],[121.5474196,25.1285789],[121.5474181,25.1285067],[121.5474278,25.1281837],[121.5474457,25.1278789],[121.5474556,25.1276076],[121.5474613,25.1275381],[121.54746232598124,25.12750834654411]]}},{"type":"Feature","properties":{"osm_id":1278385948,"name":"","highway":"residential","width_m":5.0},"geometry":{"type":"LineString","coordinates":[[121.54739878217768,25.12748413140397],[121.5473678,25.1275317],[121.5472987,25.1276605],[121.547195,25.1278565],[121.5471686,25.1279227],[121.5471686,25.1279853],[121.5471533,25.1280654],[121.5471076,25.1281491],[121.5469988,25.1282696],[121.5469074,25.1283552],[121.546825,25.1283948],[121.5467417,25.1284114],[121.5466004,25.128415],[121.5464571,25.128393],[121.5463012,25.1283728],[121.54628488746161,25.128368587648318]]}},{"type":"Feature","properties":{"osm_id":1299310056,"name":"","highway":"path","width_m":1.5},"geometry":{"type":"LineString","coordinates":[[121.5485831,25.1278057],[121.54858306122298,25.127744315979218]]}},{"type":"Feature","properties":{"osm_id":1300202721,"name":"","highway":"path","width_m":1.5},"geometry":{"type":"LineString","coordinates":[[121.542659,25.1417131],[121.5427507,25.1416637]]}},{"type":"Feature","properties":{"osm_id":1300202722,"name":"","highway":"steps","width_m":1.5},"geometry":{"type":"LineString","coordinates":[[121.5426324,25.1415943],[121.5426917,25.1415651]]}},{"type":"Feature","properties":{"osm_id":1300704497,"name":"","highway":"path","width_m":1.5},"geometry":{"type":"LineString","coordinates":[[121.556181,25.1550412],[121.5562233,25.1552961],[121.55622901196445,25.155333713893572]]}},{"type":"Feature","properties":{"osm_id":1302323341,"name":"","highway":"footway","width_m":1.8},"geometry":{"type":"LineString","coordinates":[[121.5483296,25.1314454],[121.548407,25.1315847],[121.5484315,25.1316396]]}},{"type":"Feature","properties":{"osm_id":1302323342,"name":"","highway":"footway","width_m":1.8},"geometry":{"type":"LineString","coordinates":[[121.5483011,25.1312848],[121.548347,25.1313185]]}},{"type":"Feature","properties":{"osm_id":1302323343,"name":"","highway":"footway","width_m":1.8},"geometry":{"type":"LineString","coordinates":[[121.5482737,25.1312648],[121.5483011,25.1312848]]}},{"type":"Feature","properties":{"osm_id":1302324532,"name":"","highway":"residential","width_m":5.0},"geometry":{"type":"LineString","coordinates":[[121.5500899,25.1295504],[121.5498581,25.1295355],[121.5497906,25.1295481],[121.5496423,25.1295387],[121.5496366,25.1295132],[121.5495789,25.1295065],[121.5495992,25.129404],[121.5496264,25.1293964],[121.549627,25.1293709],[121.5496098,25.1293666]]}},{"type":"Feature","properties":{"osm_id":1302324533,"name":"","highway":"residential","width_m":5.0},"geometry":{"type":"LineString","coordinates":[[121.549429,25.1293749],[121.5496098,25.1293666]]}},{"type":"Feature","properties":{"osm_id":1302324534,"name":"里益橋","highway":"footway","width_m":1.8},"geometry":{"type":"LineString","coordinates":[[121.5494438,25.1288687],[121.5495821,25.1288436]]}},{"type":"Feature","properties":{"osm_id":1379084730,"name":"","highway":"footway","width_m":1.8},"geometry":{"type":"LineString","coordinates":[[121.5559675,25.1547275],[121.5560597,25.1548123],[121.5561579,25.1549349],[121.5561824,25.154989],[121.556181,25.1550412],[121.5561508,25.1550837],[121.5561046,25.1551074],[121.5560476,25.1551214],[121.5559738,25.1551123],[121.5559296,25.1551031],[121.5558705,25.1550455]]}},{"type":"Feature","properties":{"osm_id":1379084731,"name":"","highway":"service","width_m":3.8},"geometry":{"type":"LineString","coordinates":[[121.5506302,25.1510037],[121.550718,25.1510425],[121.5509728,25.1511397],[121.5510593,25.1511482],[121.5511465,25.1511403],[121.5514221,25.1510662]]}},{"type":"Feature","properties":{"osm_id":1456657243,"name":"","highway":"footway","width_m":1.8},"geometry":{"type":"LineString","coordinates":[[121.5445823,25.1343636],[121.5443458,25.1343202],[121.5440913,25.1342735],[121.5438566,25.1342305],[121.5438047,25.1344481],[121.5437763,25.134567],[121.5437536,25.1346622],[121.5437486,25.1346832],[121.5437406,25.1347169]]}},{"type":"Feature","properties":{"osm_id":1456657244,"name":"","highway":"path","width_m":1.5},"geometry":{"type":"LineString","coordinates":[[121.545387,25.1352045],[121.5453637,25.1352009]]}},{"type":"Feature","properties":{"osm_id":1456657245,"name":"","highway":"footway","width_m":1.8},"geometry":{"type":"LineString","coordinates":[[121.5456061,25.1350838],[121.5455863,25.1351775],[121.5455735,25.1352382]]}},{"type":"Feature","properties":{"osm_id":1456657250,"name":"","highway":"footway","width_m":1.8},"geometry":{"type":"LineString","coordinates":[[121.5442415,25.1348155],[121.54427,25.1346802],[121.5442974,25.1345499],[121.5443085,25.1344973],[121.5443251,25.1344185],[121.5443271,25.1344089],[121.5443458,25.1343202]]}},{"type":"Feature","properties":{"osm_id":1456657252,"name":"","highway":"footway","width_m":1.8},"geometry":{"type":"LineString","coordinates":[[121.5429349,25.1345559],[121.5429824,25.1342781],[121.5429966,25.1341929]]}},{"type":"Feature","properties":{"osm_id":1456657253,"name":"","highway":"footway","width_m":1.8},"geometry":{"type":"LineString","coordinates":[[121.5426929,25.1352643],[121.5427753,25.1350634],[121.5428786,25.1350926],[121.5431001,25.1351666]]}},{"type":"Feature","properties":{"osm_id":1456657254,"name":"","highway":"path","width_m":1.5},"geometry":{"type":"LineString","coordinates":[[121.5448233,25.1352974],[121.5447877,25.1352947],[121.5447561,25.135299],[121.544726,25.1353281],[121.5446824,25.1353384],[121.5446385,25.1353318]]}},{"type":"Feature","properties":{"osm_id":1456657255,"name":"","highway":"pedestrian","width_m":3.0},"geometry":{"type":"LineString","coordinates":[[121.5446144,25.1354384],[121.5436221,25.135236]]}},{"type":"Feature","properties":{"osm_id":1456657256,"name":"","highway":"path","width_m":1.5},"geometry":{"type":"LineString","coordinates":[[121.5453624,25.1355854],[121.5454039,25.1355582],[121.5454193,25.1354173],[121.5453932,25.1353809],[121.5454119,25.1353408],[121.5454866,25.1353352]]}},{"type":"Feature","properties":{"osm_id":1456657258,"name":"","highway":"steps","width_m":1.5},"geometry":{"type":"LineString","coordinates":[[121.5454243,25.1352103],[121.545387,25.1352045]]}},{"type":"Feature","properties":{"osm_id":1456657259,"name":"","highway":"path","width_m":1.5},"geometry":{"type":"LineString","coordinates":[[121.5454632,25.135264],[121.5454243,25.1352103]]}},{"type":"Feature","properties":{"osm_id":1456657260,"name":"","highway":"steps","width_m":1.5},"geometry":{"type":"LineString","coordinates":[[121.5454938,25.1352665],[121.5454632,25.135264]]}},{"type":"Feature","properties":{"osm_id":1456657261,"name":"","highway":"path","width_m":1.5},"geometry":{"type":"LineString","coordinates":[[121.5455226,25.1352656],[121.5454938,25.1352665]]}},{"type":"Feature","properties":{"osm_id":1456657262,"name":"","highway":"path","width_m":1.5},"geometry":{"type":"LineString","coordinates":[[121.5455735,25.1352382],[121.5455226,25.1352656],[121.5454897,25.1353202],[121.5454866,25.1353352],[121.5454599,25.1354644],[121.5455105,25.1355278],[121.5455031,25.1355685],[121.5455447,25.1356049],[121.5455413,25.1356206]]}},{"type":"Feature","properties":{"osm_id":1456657263,"name":"","highway":"footway","width_m":1.8},"geometry":{"type":"LineString","coordinates":[[121.5456815,25.1341607],[121.5457184,25.1341622],[121.5458297,25.1341668]]}},{"type":"Feature","properties":{"osm_id":1456657264,"name":"","highway":"footway","width_m":1.8},"geometry":{"type":"LineString","coordinates":[[121.5451977,25.1345196],[121.5452219,25.1345232],[121.5452294,25.1344822]]}},{"type":"Feature","properties":{"osm_id":1456657265,"name":"","highway":"footway","width_m":1.8},"geometry":{"type":"LineString","coordinates":[[121.5451913,25.1345644],[121.5452269,25.1345723],[121.5452812,25.1346227],[121.5453124,25.1346393]]}},{"type":"Feature","properties":{"osm_id":1456657266,"name":"","highway":"footway","width_m":1.8},"geometry":{"type":"LineString","coordinates":[[121.5456965,25.1357043],[121.5456963,25.1357287],[121.5457511,25.1357705]]}},{"type":"Feature","properties":{"osm_id":1456657267,"name":"","highway":"footway","width_m":1.8},"geometry":{"type":"LineString","coordinates":[[121.5455969,25.1356711],[121.5456567,25.1356844],[121.5456965,25.1357043],[121.5457623,25.1357151],[121.5457754,25.1357339],[121.5457511,25.1357705],[121.545711,25.1358183],[121.5456983,25.1358638],[121.5456627,25.1359002],[121.5456074,25.1359139],[121.5455406,25.1359017]]}},{"type":"Feature","properties":{"osm_id":1456657268,"name":"","highway":"path","width_m":1.5},"geometry":{"type":"LineString","coordinates":[[121.5453533,25.1351129],[121.5453067,25.1351463],[121.5452949,25.1351769],[121.545325,25.1352219]]}},{"type":"Feature","properties":{"osm_id":1456657269,"name":"","highway":"path","width_m":1.5},"geometry":{"type":"LineString","coordinates":[[121.5452424,25.1355618],[121.5452832,25.1354022],[121.5452617,25.1353709],[121.5452644,25.1353509],[121.5453026,25.1353269],[121.5453063,25.1353041],[121.5452849,25.1352571],[121.5452919,25.1352452],[121.545325,25.1352219],[121.5453637,25.1352009],[121.5453533,25.1351129],[121.5453728,25.1350379]]}},{"type":"Feature","properties":{"osm_id":1456657270,"name":"","highway":"footway","width_m":1.8},"geometry":{"type":"LineString","coordinates":[[121.5452822,25.1350201],[121.5452136,25.1353145],[121.5451597,25.1355456]]}},{"type":"Feature","properties":{"osm_id":1456657271,"name":"","highway":"path","width_m":1.5},"geometry":{"type":"LineString","coordinates":[[121.5448372,25.1352255],[121.5448233,25.1352974],[121.5447893,25.1354728]]}},{"type":"Feature","properties":{"osm_id":1456657272,"name":"","highway":"path","width_m":1.5},"geometry":{"type":"LineString","coordinates":[[121.5452136,25.1353145],[121.5451632,25.1352826],[121.5449901,25.1352524],[121.5448464,25.1352272],[121.5448372,25.1352255],[121.5446696,25.1351946]]}},{"type":"Feature","properties":{"osm_id":1456657273,"name":"","highway":"path","width_m":1.5},"geometry":{"type":"LineString","coordinates":[[121.5449272,25.1349503],[121.5449191,25.1349845],[121.5448923,25.1350155],[121.5448464,25.1352272]]}},{"type":"Feature","properties":{"osm_id":1456657274,"name":"","highway":"path","width_m":1.5},"geometry":{"type":"LineString","coordinates":[[121.5433984,25.1348905],[121.5434258,25.1349262],[121.5435257,25.1349475]]}},{"type":"Feature","properties":{"osm_id":1456657275,"name":"","highway":"footway","width_m":1.8},"geometry":{"type":"LineString","coordinates":[[121.5431694,25.1348769],[121.5429513,25.134834],[121.5428625,25.1348163]]}},{"type":"Feature","properties":{"osm_id":1456657276,"name":"","highway":"footway","width_m":1.8},"geometry":{"type":"LineString","coordinates":[[121.5431282,25.135049],[121.5432585,25.1350704],[121.5433936,25.1351402],[121.5436221,25.135236]]}},{"type":"Feature","properties":{"osm_id":1456657277,"name":"","highway":"footway","width_m":1.8},"geometry":{"type":"LineString","coordinates":[[121.5432315,25.1346168],[121.5431694,25.1348769],[121.5431282,25.135049],[121.5431001,25.1351666]]}},{"type":"Feature","properties":{"osm_id":1456657278,"name":"","highway":"path","width_m":1.5},"geometry":{"type":"LineString","coordinates":[[121.5431694,25.1348769],[121.5433668,25.1349165],[121.5433984,25.1348905],[121.5434244,25.1348692],[121.5434664,25.134663]]}},{"type":"Feature","properties":{"osm_id":1456657279,"name":"","highway":"pedestrian","width_m":3.0},"geometry":{"type":"LineString","coordinates":[[121.5437406,25.1347169],[121.5436221,25.135236]]}},{"type":"Feature","properties":{"osm_id":1456657281,"name":"","highway":"pedestrian","width_m":3.0},"geometry":{"type":"LineString","coordinates":[[121.544733,25.1349121],[121.5446696,25.1351946],[121.5446385,25.1353318],[121.5446144,25.1354384]]}},{"type":"Feature","properties":{"osm_id":1456657282,"name":"","highway":"footway","width_m":1.8},"geometry":{"type":"LineString","coordinates":[[121.5450962,25.1347055],[121.545087,25.1347044]]}},{"type":"Feature","properties":{"osm_id":1456657283,"name":"","highway":"footway","width_m":1.8},"geometry":{"type":"LineString","coordinates":[[121.5451482,25.1346676],[121.5450962,25.1347055]]}},{"type":"Feature","properties":{"osm_id":1456657284,"name":"","highway":"footway","width_m":1.8},"geometry":{"type":"LineString","coordinates":[[121.5450475,25.1349739],[121.5449901,25.1352524]]}},{"type":"Feature","properties":{"osm_id":1456657285,"name":"","highway":"footway","width_m":1.8},"geometry":{"type":"LineString","coordinates":[[121.5452269,25.1348451],[121.5452482,25.1348311],[121.5452695,25.1348256],[121.545284,25.1348291],[121.5452914,25.134846],[121.5452914,25.1348857]]}},{"type":"Feature","properties":{"osm_id":1456657286,"name":"","highway":"footway","width_m":1.8},"geometry":{"type":"LineString","coordinates":[[121.5452133,25.1348413],[121.5452269,25.1348451],[121.5452314,25.1348554],[121.5452295,25.1348711],[121.5452204,25.1348854],[121.5452159,25.1348951],[121.5452182,25.1349076],[121.5452301,25.1349126],[121.5452395,25.1349094],[121.5452475,25.1348983],[121.5452617,25.1348875],[121.5452914,25.1348857],[121.5453153,25.1348913]]}},{"type":"Feature","properties":{"osm_id":1456657287,"name":"","highway":"footway","width_m":1.8},"geometry":{"type":"LineString","coordinates":[[121.5450962,25.1347055],[121.5451366,25.134719],[121.5451604,25.1347441],[121.5451656,25.1347645],[121.5451753,25.1347867],[121.5452011,25.1348025],[121.5452146,25.1348218],[121.5452133,25.1348413],[121.5452001,25.1348615],[121.5451827,25.1348749],[121.5451698,25.1348805],[121.5451643,25.1348942],[121.5451711,25.134907],[121.5451869,25.1349252],[121.5451872,25.1349386],[121.5451762,25.1349541],[121.5451559,25.1349643],[121.5451481,25.1349937]]}},{"type":"Feature","properties":{"osm_id":1456657288,"name":"","highway":"footway","width_m":1.8},"geometry":{"type":"LineString","coordinates":[[121.5453957,25.1345785],[121.5453553,25.1345799],[121.5453308,25.1345975],[121.5453124,25.1346393]]}},{"type":"Feature","properties":{"osm_id":1456657289,"name":"","highway":"footway","width_m":1.8},"geometry":{"type":"LineString","coordinates":[[121.5453114,25.1346757],[121.545254,25.1346789],[121.5452453,25.1346927],[121.5452166,25.1347011],[121.5451708,25.1346892],[121.5451482,25.1346676],[121.5451459,25.1346258],[121.5451614,25.1345983],[121.5451881,25.1345809],[121.5451913,25.1345644],[121.5451977,25.1345196]]}},{"type":"Feature","properties":{"osm_id":1456657290,"name":"","highway":"footway","width_m":1.8},"geometry":{"type":"LineString","coordinates":[[121.5453253,25.1347242],[121.5452814,25.1347254],[121.5452453,25.1346927]]}},{"type":"Feature","properties":{"osm_id":1456657291,"name":"","highway":"footway","width_m":1.8},"geometry":{"type":"LineString","coordinates":[[121.5453552,25.134736],[121.5453253,25.1347242],[121.5453114,25.1346757],[121.5453124,25.1346393]]}},{"type":"Feature","properties":{"osm_id":1456657292,"name":"","highway":"footway","width_m":1.8},"geometry":{"type":"LineString","coordinates":[[121.544733,25.1349121],[121.5447619,25.134788],[121.544821,25.1345344],[121.5448494,25.1344125]]}},{"type":"Feature","properties":{"osm_id":1456657293,"name":"","highway":"footway","width_m":1.8},"geometry":{"type":"LineString","coordinates":[[121.5450304,25.1349706],[121.545087,25.1347044],[121.5451379,25.1344654]]}},{"type":"Feature","properties":{"osm_id":1456657294,"name":"","highway":"path","width_m":1.5},"geometry":{"type":"LineString","coordinates":[[121.5452186,25.1344802],[121.5452394,25.1343697],[121.5452391,25.1343463],[121.5452244,25.1343333],[121.5450702,25.134302],[121.5450372,25.1343066],[121.545015,25.1343277],[121.5449894,25.1344382]]}},{"type":"Feature","properties":{"osm_id":1456657295,"name":"","highway":"footway","width_m":1.8},"geometry":{"type":"LineString","coordinates":[[121.5454118,25.1345156],[121.5453957,25.1345785],[121.5453552,25.134736],[121.5453153,25.1348913],[121.5452878,25.1349983],[121.5452822,25.1350201]]}},{"type":"Feature","properties":{"osm_id":1456657296,"name":"","highway":"footway","width_m":1.8},"geometry":{"type":"LineString","coordinates":[[121.5454869,25.1348244],[121.545445,25.1348673],[121.5454101,25.134903],[121.5453433,25.1349744],[121.5452878,25.1349983]]}},{"type":"Feature","properties":{"osm_id":1456657297,"name":"","highway":"footway","width_m":1.8},"geometry":{"type":"LineString","coordinates":[[121.5455606,25.1348039],[121.5455747,25.1348282],[121.545574,25.1348676],[121.545525,25.134924],[121.5454905,25.1349392],[121.5454547,25.1349371],[121.5454101,25.134903]]}},{"type":"Feature","properties":{"osm_id":1456657298,"name":"","highway":"footway","width_m":1.8},"geometry":{"type":"LineString","coordinates":[[121.5455133,25.1347487],[121.5455354,25.1347525],[121.545553,25.1347651],[121.5455621,25.1347836],[121.5455606,25.1348039],[121.5455489,25.1348213],[121.5455297,25.1348317],[121.5455073,25.1348328],[121.5454869,25.1348244],[121.5454731,25.1348083],[121.5454692,25.1347883],[121.5454759,25.134769],[121.5454919,25.1347547],[121.5455133,25.1347487]]}},{"type":"Feature","properties":{"osm_id":1456657299,"name":"","highway":"footway","width_m":1.8},"geometry":{"type":"LineString","coordinates":[[121.5455085,25.1345788],[121.5455072,25.1346045],[121.5455189,25.1346255],[121.5455185,25.1346518],[121.5455088,25.1346731],[121.5455088,25.1347009],[121.5455133,25.1347487]]}},{"type":"Feature","properties":{"osm_id":1456657300,"name":"","highway":"footway","width_m":1.8},"geometry":{"type":"LineString","coordinates":[[121.5455889,25.1345478],[121.5455792,25.1345893],[121.5455085,25.1345788],[121.5454534,25.1345849],[121.5454308,25.1346027],[121.5454211,25.1346267],[121.5454366,25.1346465],[121.5455185,25.1346518],[121.5455798,25.1346728],[121.545605,25.13469],[121.5456056,25.1347082],[121.5455882,25.1347187],[121.5455614,25.1347111],[121.5455088,25.1347009],[121.5454488,25.1347236],[121.5454037,25.1347528],[121.545394,25.1347937],[121.5454108,25.1348416],[121.545445,25.1348673]]}},{"type":"Feature","properties":{"osm_id":1456657301,"name":"","highway":"footway","width_m":1.8},"geometry":{"type":"LineString","coordinates":[[121.5457119,25.1352007],[121.5455863,25.1351775]]}},{"type":"Feature","properties":{"osm_id":1456657303,"name":"","highway":"footway","width_m":1.8},"geometry":{"type":"LineString","coordinates":[[121.5456062,25.1356334],[121.5455413,25.1356206],[121.5453624,25.1355854],[121.5452424,25.1355618],[121.5451597,25.1355456],[121.5447893,25.1354728],[121.5446144,25.1354384]]}},{"type":"Feature","properties":{"osm_id":1456657304,"name":"","highway":"footway","width_m":1.8},"geometry":{"type":"LineString","coordinates":[[121.5456486,25.1345586],[121.5455889,25.1345478],[121.5454118,25.1345156],[121.5452294,25.1344822],[121.5452186,25.1344802],[121.5451379,25.1344654],[121.5449894,25.1344382],[121.5448494,25.1344125],[121.5445823,25.1343636]]}},{"type":"Feature","properties":{"osm_id":1456657305,"name":"","highway":"footway","width_m":1.8},"geometry":{"type":"LineString","coordinates":[[121.5456256,25.1350876],[121.5456486,25.1345586],[121.5456617,25.1342582],[121.5456788,25.1342469],[121.5456815,25.1341607]]}},{"type":"Feature","properties":{"osm_id":1469757145,"name":"","highway":"path","width_m":1.5},"geometry":{"type":"LineString","coordinates":[[121.543635,25.1345432],[121.5436826,25.1345602],[121.5436826,25.1346014],[121.5437295,25.1346154]]}},{"type":"Feature","properties":{"osm_id":1469757146,"name":"","highway":"steps","width_m":1.5},"geometry":{"type":"LineString","coordinates":[[121.5438133,25.1345732],[121.5437763,25.134567]]}},{"type":"Feature","properties":{"osm_id":1469757147,"name":"","highway":"path","width_m":1.5},"geometry":{"type":"LineString","coordinates":[[121.5440202,25.1346116],[121.5440061,25.1346096],[121.5439837,25.1346254],[121.5439615,25.1346215],[121.5439545,25.134592],[121.5439324,25.1345547],[121.5438878,25.1345465],[121.5438133,25.1345732]]}},{"type":"Feature","properties":{"osm_id":1469757148,"name":"","highway":"path","width_m":1.5},"geometry":{"type":"LineString","coordinates":[[121.5440459,25.1344979],[121.5440202,25.1346116],[121.5439932,25.1347305]]}},{"type":"Feature","properties":{"osm_id":1469757149,"name":"","highway":"path","width_m":1.5},"geometry":{"type":"LineString","coordinates":[[121.5445382,25.1347289],[121.5445396,25.1347113],[121.5445168,25.1346998]]}},{"type":"Feature","properties":{"osm_id":1469757150,"name":"","highway":"path","width_m":1.5},"geometry":{"type":"LineString","coordinates":[[121.5447619,25.134788],[121.5446871,25.1347738],[121.544669,25.1347253],[121.5446514,25.1347189],[121.5446274,25.1347101],[121.5445731,25.1347289],[121.5445382,25.1347289],[121.5445121,25.1347253]]}},{"type":"Feature","properties":{"osm_id":1469757151,"name":"","highway":"path","width_m":1.5},"geometry":{"type":"LineString","coordinates":[[121.544821,25.1345344],[121.5447293,25.1345152],[121.5446877,25.1345195],[121.5446509,25.1345626],[121.5446368,25.1346391],[121.5446623,25.1346798],[121.5446514,25.1347189]]}},{"type":"Feature","properties":{"osm_id":1469757152,"name":"","highway":"path","width_m":1.5},"geometry":{"type":"LineString","coordinates":[[121.5445704,25.1344861],[121.5446603,25.1344988],[121.5446877,25.1345195]]}},{"type":"Feature","properties":{"osm_id":1469757153,"name":"","highway":"path","width_m":1.5},"geometry":{"type":"LineString","coordinates":[[121.5444947,25.1345469],[121.5444993,25.134514],[121.5444913,25.1344752],[121.5444665,25.1344582],[121.5444577,25.1344421]]}},{"type":"Feature","properties":{"osm_id":1469757154,"name":"","highway":"path","width_m":1.5},"geometry":{"type":"LineString","coordinates":[[121.54427,25.1346802],[121.5444497,25.1347137],[121.5444755,25.1346964],[121.5444822,25.1346634],[121.544501,25.1346549]]}},{"type":"Feature","properties":{"osm_id":1469757155,"name":"","highway":"path","width_m":1.5},"geometry":{"type":"LineString","coordinates":[[121.5440836,25.1343019],[121.5440913,25.1342735]]}},{"type":"Feature","properties":{"osm_id":1469757156,"name":"","highway":"path","width_m":1.5},"geometry":{"type":"LineString","coordinates":[[121.5438609,25.1344597],[121.5438724,25.1344175],[121.5438985,25.1344078],[121.5439334,25.1344151],[121.5439669,25.1344084],[121.543983,25.1343708],[121.5440118,25.1343632],[121.5440723,25.1343712]]}},{"type":"Feature","properties":{"osm_id":1469757157,"name":"","highway":"path","width_m":1.5},"geometry":{"type":"LineString","coordinates":[[121.5440665,25.134397],[121.544152,25.1344096],[121.5442398,25.1343993],[121.5442925,25.1344196],[121.5443251,25.1344185]]}},{"type":"Feature","properties":{"osm_id":1469757158,"name":"","highway":"path","width_m":1.5},"geometry":{"type":"LineString","coordinates":[[121.5440459,25.1344979],[121.5440601,25.1344406],[121.5440665,25.134397],[121.5440723,25.1343712],[121.5440822,25.1343422],[121.5440796,25.1343176],[121.5440836,25.1343019]]}},{"type":"Feature","properties":{"osm_id":1469757159,"name":"","highway":"path","width_m":1.5},"geometry":{"type":"LineString","coordinates":[[121.5437645,25.1344398],[121.5437507,25.1344703],[121.5437222,25.1344904],[121.5436809,25.1344846],[121.5436467,25.1345031],[121.543635,25.1345432],[121.543585,25.1345769],[121.5435002,25.1346063],[121.5434664,25.134663]]}},{"type":"Feature","properties":{"osm_id":1469757160,"name":"","highway":"steps","width_m":1.5},"geometry":{"type":"LineString","coordinates":[[121.5433912,25.1343626],[121.5433728,25.1343588]]}},{"type":"Feature","properties":{"osm_id":1469757161,"name":"","highway":"footway","width_m":1.8},"geometry":{"type":"LineString","coordinates":[[121.5433728,25.1343588],[121.543299,25.1343435]]}},{"type":"Feature","properties":{"osm_id":1469757162,"name":"","highway":"footway","width_m":1.8},"geometry":{"type":"LineString","coordinates":[[121.5442974,25.1345499],[121.5442693,25.1345441],[121.5440459,25.1344979],[121.5438609,25.1344597],[121.5438047,25.1344481],[121.5437645,25.1344398],[121.5433912,25.1343626]]}},{"type":"Feature","properties":{"osm_id":1469757163,"name":"","highway":"footway","width_m":1.8},"geometry":{"type":"LineString","coordinates":[[121.5430899,25.1343003],[121.5431327,25.1341273]]}},{"type":"Feature","properties":{"osm_id":1469757164,"name":"","highway":"footway","width_m":1.8},"geometry":{"type":"LineString","coordinates":[[121.5429513,25.134834],[121.5428786,25.1350926]]}},{"type":"Feature","properties":{"osm_id":1469757165,"name":"","highway":"footway","width_m":1.8},"geometry":{"type":"LineString","coordinates":[[121.5429513,25.134834],[121.5430197,25.1345733],[121.5430899,25.1343003]]}},{"type":"Feature","properties":{"osm_id":1469757166,"name":"","highway":"path","width_m":1.5},"geometry":{"type":"LineString","coordinates":[[121.5443181,25.1348305],[121.5443511,25.1347735],[121.544445,25.1347808],[121.5444655,25.13481]]}},{"type":"Feature","properties":{"osm_id":1469757167,"name":"","highway":"footway","width_m":1.8},"geometry":{"type":"LineString","coordinates":[[121.543299,25.1343435],[121.5430899,25.1343003],[121.5429824,25.1342781]]}},{"type":"Feature","properties":{"osm_id":1469757168,"name":"","highway":"path","width_m":1.5},"geometry":{"type":"LineString","coordinates":[[121.5442009,25.1347538],[121.5441674,25.1347641],[121.5439932,25.1347305],[121.5437486,25.1346832]]}},{"type":"Feature","properties":{"osm_id":1469757169,"name":"","highway":"path","width_m":1.5},"geometry":{"type":"LineString","coordinates":[[121.5443914,25.1344843],[121.5444028,25.1344624],[121.5444034,25.1344345]]}},{"type":"Feature","properties":{"osm_id":1469757170,"name":"","highway":"path","width_m":1.5},"geometry":{"type":"LineString","coordinates":[[121.5443271,25.1344089],[121.5443833,25.1344145],[121.5444034,25.1344345],[121.5444577,25.1344421],[121.5444886,25.1344284],[121.5445171,25.1344318],[121.5445402,25.1344679],[121.5445704,25.1344861]]}},{"type":"Feature","properties":{"osm_id":1469757171,"name":"","highway":"path","width_m":1.5},"geometry":{"type":"LineString","coordinates":[[121.5443085,25.1344973],[121.5443525,25.1345019],[121.5443914,25.1344843],[121.5444222,25.1344891],[121.5444551,25.1345304],[121.5444947,25.1345469],[121.5445134,25.1345887],[121.5445127,25.1346166]]}},{"type":"Feature","properties":{"osm_id":1469757172,"name":"","highway":"path","width_m":1.5},"geometry":{"type":"LineString","coordinates":[[121.5441191,25.134647],[121.5440759,25.1346421],[121.5440457,25.1346175],[121.5440202,25.1346116]]}},{"type":"Feature","properties":{"osm_id":1469757173,"name":"","highway":"path","width_m":1.5},"geometry":{"type":"LineString","coordinates":[[121.5441567,25.1346294],[121.5441942,25.1345996],[121.5442579,25.1345753],[121.5442693,25.1345441]]}},{"type":"Feature","properties":{"osm_id":1469757174,"name":"","highway":"path","width_m":1.5},"geometry":{"type":"LineString","coordinates":[[121.544156,25.1346561],[121.5441808,25.1346913],[121.5442009,25.1347538],[121.5442177,25.1347817],[121.5442173,25.1348107]]}},{"type":"Feature","properties":{"osm_id":1469757175,"name":"","highway":"path","width_m":1.5},"geometry":{"type":"LineString","coordinates":[[121.5441567,25.1346294],[121.5441443,25.134623],[121.5441303,25.1346249],[121.5441205,25.1346342],[121.5441191,25.134647],[121.5441276,25.1346584],[121.5441423,25.134662],[121.544156,25.1346561],[121.5441613,25.1346477],[121.5441615,25.134638],[121.5441567,25.1346294]]}},{"type":"Feature","properties":{"osm_id":1469757177,"name":"","highway":"steps","width_m":1.5},"geometry":{"type":"LineString","coordinates":[[121.5452508,25.1358113],[121.5452468,25.1358282]]}},{"type":"Feature","properties":{"osm_id":1469757178,"name":"","highway":"footway","width_m":1.8},"geometry":{"type":"LineString","coordinates":[[121.5452468,25.1358282],[121.545545,25.135885]]}},{"type":"Feature","properties":{"osm_id":1469757179,"name":"","highway":"path","width_m":1.5},"geometry":{"type":"LineString","coordinates":[[121.5455772,25.1357523],[121.5453207,25.1357093],[121.5452721,25.135718],[121.5452508,25.1358113]]}},{"type":"Feature","properties":{"osm_id":1480535165,"name":"","highway":"service","width_m":3.8},"geometry":{"type":"LineString","coordinates":[[121.5426528974322,25.139221237520655],[121.5427462,25.1391883],[121.5428466,25.1391277],[121.5429085,25.1390661],[121.5429692,25.1390234],[121.543103,25.1389157],[121.5432963,25.1386718],[121.5435726,25.1384021]]}},{"type":"Feature","properties":{"osm_id":1489660378,"name":"紗帽路磺溪小徑","highway":"footway","width_m":1.8},"geometry":{"type":"LineString","coordinates":[[121.54492808879198,25.14161488145815],[121.5449781,25.1415764],[121.5450624,25.1415555],[121.5451448,25.1415133],[121.5454338,25.1414915],[121.5455729,25.1414829],[121.5456976,25.141492],[121.5457264,25.1415126],[121.5457556,25.1415209],[121.5458238,25.1415814],[121.5458295,25.1415873],[121.5459014,25.1416619],[121.545951,25.1417111],[121.5459932,25.141754],[121.5460095,25.1417878],[121.5460175766108,25.1418124957907]]}}]}